Node,Relative Closeness
1,0.07784765012638062
2,0.04565022661078318
3,0.11004794782304174
4,0.034017358462061456
5,0.12465729851862241
6,0.051516036500418465
7,0.15024037962898498
8,0.04637380175781015
9,0.027354582234947546
10,0.018857162104866168
11,0.027951479638570694
12,0.05369099689473977
13,0.02750940500608815
14,0.06998426923707002
15,0.23502304362517337
16,0.17928955828310802
17,0.21795791756696595
18,1.0
19,0.10224979121109257
20,0.16165114093682523
21,0.04336491097226892
22,0.10973600373287236
23,0.21316267249426993
24,0.10289936316223179
25,0.04089687145862496
26,0.1304591531433122
27,0.12728649370448844
28,0.2005577454853687
29,0.25235957028170386
30,0.0571089600122561
31,0.06690644463152104
32,0.13359535372014084
33,0.19253762212755157
34,0.06880548734822423
35,0.0939920878186232
36,0.041251875883338784
37,0.1380958955311166
38,0.04752541240127198
39,0.2498981521522648
40,0.04824640711529874
41,0.07715335411053025
42,0.04180064168733781
43,0.09150046256935669
44,0.06596488169039799
45,0.08040312746349783
46,0.07665255251686154
47,0.10710797102608226
48,0.026754356334171236
49,0.035820038474586056
50,0.027602452719498988
51,0.04886735934595762
52,0.08333889933021688
53,0.021686412111782814
54,0.024843016996073677
55,0.021686412111782814
56,0.08333889933021688
57,0.026028865960098835
58,0.021686412111782814
59,0.03880277943933197
60,0.04008345877427976
61,0.04372874337948344
62,0.06323082675065704
63,0.12138742051205634
64,0.057015649906042666
65,0.03846449045619997
66,0.04326508930486688
67,0.049679695902466244
68,0.04438517194362349
69,0.13074766736447682
70,0.06348489791746682
71,0.03846449045619997
72,0.04295905044255624
73,0.039224731023494365
74,0.04555921680551666
75,0.0647165345488587
76,0.2182291403887432
77,0.07337825848763552
78,0.05947324927951608
79,0.04803342396485541
80,0.048869264328856146
81,0.03846449045619997
82,0.06412562844016947
83,0.041399682688743146
84,0.04054579613686238
85,0.10088433421290448
86,0.03880277943933197
87,0.04616505720800998
88,0.07516793824304471
89,0.11717751471618078
90,0.06858390232839266
91,0.03883269260339829
92,0.06759754613709118
93,0.1378224951573258
94,0.04940035392661133
95,0.0469902265902613
96,0.03846449045619997
97,0.044415684198640976
98,0.11135491887542316
99,0.04260978870110521
100,0.05128173318305958
101,0.03882536043428142
102,0.09292194752301833
103,0.13576364937749733
104,0.03846449045619997
105,0.05560562602417046
106,0.12002232306252625
107,0.07398238961396518
108,0.039224731023494365
109,0.07964948164207504
110,0.046388347629539
111,0.043136301516889415
112,0.04238730322002804
113,0.040069142146304935
114,0.04780337372868254
115,0.03895752698337099
116,0.052995777343033956
117,0.04274431439079484
118,0.05038417801220638
119,0.03902381708118467
120,0.03929440227531375
121,0.06347564649142912
122,0.03882483047893179
123,0.07066489727933394
124,0.03846449045619997
125,0.059777688477743826
126,0.1571583572567493
127,0.046002229710637284
128,0.055511124454498524
129,0.04724453584381157
130,0.10485630912153736
131,0.05258752454146871
132,0.05830682725501295
133,0.04455245510082051
134,0.07417534767560723
135,0.03846449045619997
136,0.047274165419033565
137,0.04655058101712557
138,0.03900188832469332
139,0.0736766414001261
140,0.0555317735150938
141,0.040535345985136126
142,0.05683706357943746
143,0.0700487826009803
144,0.03920513029009975
145,0.12478234805192157
146,0.060882855885516986
147,0.16559406541548508
148,0.043070668702393566
149,0.039247173674761375
150,0.07601137156826956
151,0.04254619225993583
152,0.056547106013934624
153,0.041842907276774206
154,0.052176414967017144
155,0.05334351053375821
156,0.13983296172551513
157,0.12717360267881592
158,0.04150535729904814
159,0.05243611849409965
160,0.03846449045619997
161,0.03846449045619997
162,0.0778748435299796
163,0.04089039339699457
164,0.04097901140691151
165,0.08227939783577091
166,0.04745583229132212
167,0.11514915591755422
168,0.13897665745360321
169,0.03368913056637405
170,0.07058539563555219
171,0.04180169315170002
172,0.028586071288518297
173,0.02818912361333095
174,0.028586071288518297
175,0.04852765841594099
176,0.05410822214293379
177,0.04502091386856975
178,0.04970375295369875
179,0.04345509191935289
180,0.04502091386856975
181,0.02665083567469837
182,0.057543208214369514
183,0.04116679998628034
184,0.04738298026773727
185,0.0250614817824667
186,0.03152534526372231
187,0.04980060457562973
188,0.03525145251248372
189,0.025425602519920848
190,0.02648975723133277
191,0.06738769571552553
192,0.026353799191473477
193,0.03147616784032324
194,0.08543803074081878
195,0.050044999782295714
196,0.07952572708386137
197,0.07715661380982734
198,0.07335897630235419
199,0.04140973941422597
200,0.0345037851973473
201,0.22328932561746462
202,0.04465319402745149
203,0.02186936780991577
204,0.02186936780991577
205,0.02940310320786721
206,0.05910417537145661
207,0.0319413231752911
208,0.025807424319245795
209,0.059335447994606605
210,0.02981834690572044
211,0.0816658154988688
212,0.03405281582821117
213,0.050245299491911505
214,0.0362955138580793
215,0.09322505810376742
216,0.05562044822562365
217,0.053317336223087174
218,0.0512434721391913
219,0.03567114043592547
220,0.039059202179824726
221,0.02795540663939785
222,0.02795540663939785
223,0.02930748258887407
224,0.010030993995274245
225,0.01662143378797545
226,0.0630023730517216
227,0.0408582075451992
228,0.033243224588152556
229,0.030845641476133924
230,0.022235993266756578
231,0.045128351318808164
232,0.42388490240573506
233,0.030011791484450847
234,0.10548154121587303
235,0.022328827880929252
236,0.02843226178978309
237,0.01484375829627514
238,0.06568695391768616
239,0.022330254191260987
240,0.3805174429920404
241,0.11503752454565037
242,0.02670575331282631
243,0.03713171243583353
244,0.05321857530304266
245,0.04074692070755283
246,0.03193743430924808
247,0.02670575331282631
248,0.0496085332916022
249,0.029837027790523794
250,0.03487054140401062
251,0.029871217212086087
252,0.055524154812034675
253,0.1262719787164722
254,0.032392619141336176
255,0.10584120031015525
256,0.028316685743730828
257,0.02818156967883607
258,0.02711698611245042
259,0.02670575331282631
260,0.029417000491526017
261,0.043915534255341594
262,0.02711698611245042
263,0.03549987112073773
264,0.029874562179478092
265,0.03532872039127325
266,0.02711698611245042
267,0.03532603011416375
268,0.03453613416681572
269,0.03486780148530548
270,0.0376695864571118
271,0.027144823432672896
272,0.05675943924157802
273,0.029923788644966493
274,0.047562767138732316
275,0.0345008656078886
276,0.027130835627208555
277,0.044261318642724846
278,0.027186785613235547
279,0.028195051245645593
280,0.02711698611245042
281,0.02818141364718516
282,0.05539499161217803
283,0.03931524948810172
284,0.03934322521555649
285,0.12553495336810358
286,0.03932519421029743
287,0.04077884947070763
288,0.041828439198619734
289,0.028167914863477708
290,0.13704892154693832
291,0.029873584155326195
292,0.032947213705222994
293,0.02670575331282631
294,0.029808558975209065
295,0.027130835627208555
296,0.028250080271246716
297,0.034308280409653204
298,0.03163134673899777
299,0.031475871986731505
300,0.03009519595319865
301,0.03163134673899777
302,0.046655012200687546
303,0.022520893434779435
304,0.05522561961490136
305,0.2141476082642186
306,0.12742569898579084
307,0.03963806503121078
308,0.025961675170636783
309,0.10123773870514433
310,0.032588632036926204
311,0.03210907256240405
312,0.0633176019342807
313,0.021937367548289302
314,0.021937367548289302
315,0.02994435949508436
316,0.18265431539226687
317,0.05859527858971508
318,0.12317694531242865
319,0.01856721871490707
320,0.01856721871490707
321,0.04077601486935643
322,0.06747450953950077
323,0.04077601486935643
324,0.04400853369434398
325,0.03826668479691589
326,0.03330164691952782
327,0.032650260803340075
328,0.03469634422634824
329,0.04060644003468551
330,0.037508083766990476
331,0.030108782932055697
332,0.03792451949743116
333,0.04011280716642747
334,0.04093622119262416
335,0.034755752172610205
336,0.04680754518413689
337,0.07685036024470764
338,0.03822577323467512
339,0.03290252253943294
340,0.03822577323467512
341,0.03621849384445382
342,0.033317105260710966
343,0.03166527675559868
344,0.038295678436093196
345,0.035282282706841375
346,0.08317935591284467
347,0.07001631086713991
348,0.03898239637857315
349,0.047944631740035076
350,0.03096726330514873
351,0.0324819616923958
352,0.03697087666313866
353,0.03298403020201996
354,0.0450578050975889
355,0.0413389524656854
356,0.038711594517100066
357,0.07191892615823889
358,0.035412313297795935
359,0.03371955986641751
360,0.03371955986641751
361,0.043438547932735556
362,0.03096726330514873
363,0.026595200980258523
364,0.03505574460162982
365,0.043480116406145845
366,0.01977426937273528
367,0.01977426937273528
368,0.049689113005657905
369,0.03737153920620302
370,0.026897413910470104
371,0.026897413910470104
372,0.04216536133327049
373,0.12271417038644679
374,0.026897630389249774
375,0.030465028261452747
376,0.02357502372611452
377,0.018181857522593103
378,0.012308716650901821
379,0.027225863962249963
380,0.018181857522593103
381,0.01821619255423038
382,0.11884781908162136
383,0.023657588339381246
384,0.04335487816238738
385,0.03617458837323517
386,0.01974360286480514
387,0.024330084825695694
388,0.014773510270620932
389,0.014773510270620932
390,0.014773510270620932
391,0.026719894950827484
392,0.011439028118827707
393,0.034200489641351625
394,0.03924646026213249
395,0.03326685469150558
396,0.03252496580741263
397,0.04934048790999748
398,0.053392390998475314
399,0.04934048790999748
400,0.04934048790999748
401,0.10590921704191872
402,0.053392390998475314
403,0.0452758913699118
404,0.10590921704191872
405,0.053396611049380184
406,0.04934048790999748
407,0.0656473613363665
408,0.031940961456905864
409,0.036003731977341254
410,0.021017878374766322
411,0.016658349205060503
412,0.13875673126743046
413,0.022415593470606923
414,0.023856824821884462
415,0.025921038418796356
416,0.036032736224127844
417,0.0148353979944168
418,0.052533596141065404
419,0.02091679973350583
420,0.01927979664283276
421,0.08571411160120739
422,0.016658349205060503
423,0.0238831574950095
424,0.014849686042023864
425,0.03670537035191437
426,0.02772666924318581
427,0.021610856568622744
428,0.05340243305151789
429,0.04095611974133453
430,0.028722102265066544
431,0.03844392072874028
432,0.04102100383346088
433,0.024148616999278078
434,0.030717492262965745
435,0.029311271658946324
436,0.029210956173605748
437,0.026353425799107013
438,0.05041774076587387
439,0.036968803033628025
440,0.026353425799107013
441,0.024799955914575865
442,0.030657887455685862
443,0.02624912153084332
444,0.03778943591016405
445,0.05650615824994448
446,0.030890247994067994
447,0.013807147965887815
448,0.07234902075256046
449,0.03278281862493657
450,0.035945755724976984
451,0.046161485975384206
452,0.030228705111063875
453,0.010688380127645159
454,0.013816567066626234
455,0.013816567066626234
456,0.017043935698775183
457,0.01047806688710935
458,0.021081289763906084
459,0.0228656812659064
460,0.0228656812659064
461,0.02985038645818673
462,0.023601686055659998
463,0.06873294337764212
464,0.020249220453483485
465,0.020249220453483485
466,0.020249220453483485
467,0.020249220453483485
468,0.010448139088810076
469,0.03848647475605738
470,0.03821309251667802
471,0.03569335399590717
472,0.03801781611195428
473,0.058829797604725766
474,0.053525944770862977
475,0.03396228892936896
476,0.038075734077326506
477,0.032436067953366975
478,0.03353799295456259
479,0.024350959222144447
480,0.024350959222144447
481,0.024350959222144447
482,0.024350959222144447
483,0.027552420068146302
484,0.02784642808878113
485,0.019430300366694252
486,0.04308176401356918
487,0.03416184873413094
488,0.03602358162206187
489,0.03222874558019564
490,0.02811415308766839
491,0.026839241762479895
492,0.02525837859187464
493,0.02686881022247836
494,0.027796615633518942
495,0.0297221926058878
496,0.041155803491765015
497,0.03517221984443948
498,0.03256446074381361
499,0.033320376014216904
500,0.029738196433886116
501,0.03185583683194655
502,0.03185583683194655
503,0.03499506075527024
504,0.11361221457363962
505,0.0
506,0.008886532805369425
507,0.016101415042355866
508,0.030470496243452952
509,0.03006011069801811
510,0.024982223461164778
511,0.015311163767504361
512,0.02789736069511373
513,0.03242672917939856
514,0.027729348905637115
515,0.04761306014008527
516,0.006159071533932802
517,0.054223125288998635
518,0.0237281853903094
519,0.006159071533932802
520,0.040299535477905594
521,0.09387140819071925
522,0.029744609042182766
523,0.029744609042182766
524,0.029744609042182766
525,0.017243154737516773
526,0.019401412676464728
527,0.012449479187145479
528,0.036922194941420204
529,0.033291769145582344
530,0.03674978189080206
531,0.03335609684435101
532,0.02818912361333095
533,0.0311500000080332
534,0.02210838648906495
535,0.020459378797508823
536,0.020459378797508823
537,0.016220814146832525
538,0.021510881118449107
539,0.020366889775902904
540,0.015407829842541618
541,0.02340622863902748
542,0.034536088789121615
543,0.03451998836080415
544,0.03845857222885969
545,0.08596069135748861
546,0.03451998836080415
547,0.03451998836080415
548,0.03007944511973657
549,0.030073101266141836
550,0.0719231003366535
551,0.013575754471761854
552,0.009082780721721938
553,0.030435457441820808
554,0.0315276115872098
555,0.030386261642753744
556,0.02680459632284961
557,0.033055704542386245
558,0.010205906052157645
559,0.031980613719534846
560,0.010205906052157645
561,0.010205906052157645
562,0.014972602467456216
563,0.028976029940071594
564,0.029979304150127624
565,0.038571825941340024
566,0.03021612126148057
567,0.02063073572535163
568,0.023306388604485983
569,0.011734049719165253
570,0.018559082307816274
571,0.05518004751493315
572,0.018159196126586716
573,0.026001467781709992
574,0.02404811897540981
575,0.02449105918354907
576,0.023008454872920334
577,0.022501061843345646
578,0.021188522048361098
579,0.020692974353211487
580,0.016756949804156884
581,0.010153250570435687
582,0.025189324448699705
583,0.016302161056323008
584,0.02312820095709802
585,0.025125917599576636
586,0.025893522050081785
587,0.03282545835708531
588,0.02189212966181167
589,0.02189212966181167
590,0.013732271055831026
591,0.024440003210064336
592,0.024440003210064336
593,0.017616979291544602
594,0.02163611667034103
595,0.014289827646436591
596,0.03021778957923641
597,0.028796095381380726
598,0.020961872051046302
599,0.0254406364820532
600,0.009082780721721938
601,0.021146815267954523
602,0.02043825347573198
603,0.014434516729290092
604,0.014610755872086557
605,0.014325989866966718
606,0.0142087482050066
607,0.016089360026742622
608,0.0142087482050066
609,0.018357411393850703
610,0.025457603999996282
611,0.02838494265604973
612,0.011772988625512043
613,0.0186044549863346
614,0.03310395991825369
615,0.027950211426954474
616,0.02072514196014828
617,0.02373720720721374
618,0.007975526678428487
619,0.016353189795078306
620,0.023044424019234025
