7.528904262114515245e-01,1.000000000000000000e+00,9.908675799086756886e-01,1.000000000000000000e+00,9.000000000000000222e-01,6.542056078343085890e-01,9.097744360902255689e-01,8.888888888888888395e-01,9.261822375870499835e-01,8.706811451135241242e-01,8.888888893333333208e-01,9.375000000000000000e-01,1.000000000000000222e+00,1.000000000000000000e+00,9.708806270866758847e-01,9.069186563625930564e-01,7.491119447483614024e-01,5.000000000000000000e-01,9.916039833834050521e-01,7.857142857142856984e-01,7.777777777777776791e-01,1.000000000000000000e+00,6.478873240109954690e-01,9.769862535510455137e-01,5.393773809865993751e-01
3.524263558240842698e-01,8.169789184715021690e-01,6.164383561643835829e-01,9.547101452254450615e-01,5.500000000000000444e-01,3.925233645043234576e-01,4.285714285714285476e-01,5.555555555555555802e-01,6.147635524216903402e-01,3.998025666337611250e-01,6.666666666666666297e-01,6.875000000000000000e-01,6.000000000000000888e-01,8.662669631753847632e-01,7.460119096434023600e-01,3.897614170118191002e-01,4.004174039486114722e-01,5.000000000000000000e-01,5.865777111945693623e-01,4.285714285714284921e-01,5.555555555555555802e-01,1.000000000000000000e+00,2.676056337728908163e-01,5.039416973171483294e-01,2.597151407746658425e-01
7.159652712467892144e-01,9.837637658332221147e-01,8.264840182648400813e-01,6.080917877714306918e-01,9.000000000000000222e-01,6.542056078343085890e-01,9.323308270676691212e-01,8.888888888888888395e-01,8.489042675205517030e-01,8.937150378413951657e-01,8.888888893333333208e-01,1.000000000000000000e+00,8.000000000000000444e-01,9.840876481502707218e-01,9.668896221324370099e-01,1.000000000000000000e+00,7.263105867714215735e-01,5.000000000000000000e-01,1.000000000000000000e+00,7.857142857142856984e-01,7.777777777777776791e-01,1.000000000000000000e+00,6.478873240109954690e-01,9.738320659215004005e-01,5.466591473377194754e-01
7.311821496965721368e-01,9.393067682229114812e-01,8.356164383561643927e-01,6.334541063649640202e-01,7.999999999999999334e-01,7.523364489603895366e-01,7.969924812030075856e-01,7.777777777777779011e-01,7.843137254663139490e-01,7.328068443566961854e-01,8.888888893333333208e-01,8.125000000000000000e-01,8.000000000000000444e-01,9.231172520014498950e-01,8.504335173864494557e-01,6.742152978374121863e-01,8.005700204125436592e-01,5.000000000000000000e-01,9.143293871053673749e-01,7.142857142857141906e-01,6.111111111111111605e-01,1.000000000000000000e+00,6.056338028144074848e-01,8.817939837422733573e-01,5.783697373535886532e-01
3.718754104580481723e-01,8.621827483270394499e-01,8.173515981735159919e-01,9.504830917922837408e-01,7.000000000000000666e-01,7.850467290086470262e-01,6.616541353383458279e-01,6.666666666666667407e-01,7.197231834120760841e-01,5.389930898321816377e-01,8.888888893333333208e-01,6.250000000000000000e-01,1.000000000000000222e+00,8.110349754700822977e-01,6.996688576357756872e-01,6.044042902717388088e-01,2.817354897689716697e-01,5.000000000000000000e-01,8.136038860129127803e-01,6.428571428571427937e-01,6.111111111111111605e-01,1.000000000000000000e+00,5.633802817948818653e-01,7.626410186919302392e-01,5.688024874535946296e-01
2.201748326667203326e-01,6.310488326051684194e-01,4.977168949771689221e-01,9.661835845673179268e-02,5.500000000000000444e-01,3.925233645043234576e-01,3.984962406015037373e-01,5.555555555555555802e-01,4.371395617725363225e-01,3.464955577492596639e-01,6.666666666666666297e-01,5.625000000000000000e-01,6.000000000000000888e-01,6.520786575634680560e-01,5.870821558575192167e-01,3.011208038511156704e-01,1.598204150125861478e-01,5.000000000000000000e-01,4.558921701764954149e-01,4.285714285714284921e-01,5.555555555555555802e-01,1.000000000000000000e+00,2.676056337728908163e-01,4.191893540642935290e-01,2.913615913999495488e-01
2.299397355598663262e-01,7.217815568331265030e-01,5.616438356164383805e-01,8.073671495816464594e-01,5.500000000000000444e-01,3.925233645043234576e-01,4.135338345864661425e-01,5.555555555555555802e-01,5.605536331758480539e-01,3.731490621915103945e-01,6.666666666666666297e-01,6.250000000000000000e-01,6.000000000000000888e-01,7.565601969319544207e-01,6.608298752825751965e-01,3.602145459582513087e-01,1.643736829170559244e-01,5.000000000000000000e-01,5.172836347076446017e-01,4.285714285714284921e-01,5.555555555555555802e-01,1.000000000000000000e+00,2.676056337728908163e-01,4.585167415584029960e-01,2.700506826703023000e-01
2.614360755789154611e-01,6.827323689931816819e-01,6.027397260273972268e-01,8.937198056975952098e-02,7.000000000000000666e-01,8.177570090569045158e-01,6.165413533834587234e-01,6.666666666666667407e-01,4.521337946841632593e-01,4.837117472852912603e-01,8.888888893333333208e-01,5.000000000000000000e-01,8.000000000000000444e-01,6.047386238835994465e-01,5.528258059331954133e-01,4.124240195270302833e-01,1.299910517401413890e-01,5.000000000000000000e-01,6.385255535197357224e-01,6.428571428571427937e-01,7.777777777777776791e-01,1.000000000000000000e+00,5.633802817948818653e-01,6.465873962025762145e-01,6.509891461340077123e-01
2.861987901685447699e-01,6.841575800044432665e-01,6.255707762557076723e-01,8.574879162627337126e-02,7.999999999999999334e-01,7.523364489603895366e-01,7.067669172932331545e-01,7.777777777777779011e-01,5.259515570971133869e-01,5.873642645607106694e-01,8.888888893333333208e-01,5.625000000000000000e-01,8.000000000000000444e-01,6.195627699954204815e-01,6.280847165781378028e-01,4.996877789638242140e-01,1.243037910130935092e-01,5.000000000000000000e-01,6.695863117425706612e-01,7.142857142857141906e-01,6.111111111111111605e-01,1.000000000000000000e+00,6.056338028144074848e-01,7.060663371342449368e-01,6.361444544593380934e-01
3.023441577274276620e-02,3.170160207218681858e-01,1.963470319634703087e-01,0.000000000000000000e+00,1.000000000000000333e-01,9.813084112608083664e-02,4.511278195488721554e-02,1.111111111111111049e-01,9.919261828522168978e-02,5.067456400131622324e-02,0.000000000000000000e+00,1.875000000000000000e-01,2.000000000000000111e-01,3.641822337528612952e-01,2.186925012516667821e-01,2.090793038791394914e-02,5.000938480510801892e-02,0.000000000000000000e+00,1.112349217200562512e-01,7.142857142857142461e-02,0.000000000000000000e+00,0.000000000000000000e+00,1.408450694748773768e-02,5.901777941451515075e-02,2.056552365921376913e-02
3.270289420949050729e-01,8.209551660946003970e-01,8.356164383561643927e-01,8.532608708513115259e-01,7.999999999999999334e-01,7.196261679308235681e-01,7.744360902255638113e-01,7.777777777777779011e-01,7.162629757585279311e-01,6.600855544587034274e-01,8.888888893333333208e-01,7.500000000000000000e-01,1.000000000000000222e+00,7.776987818038711975e-01,7.492132373581481541e-01,7.091208015796534037e-01,1.417049833016853222e-01,5.000000000000000000e-01,7.972323499115311352e-01,7.142857142857141906e-01,7.777777777777776791e-01,1.000000000000000000e+00,6.056338028144074848e-01,8.017971432758113082e-01,5.757628037473973004e-01
1.913240866793451123e-01,6.839300705457647123e-01,5.616438356164383805e-01,7.971014492462981105e-01,5.500000000000000444e-01,3.925233645043234576e-01,4.135338345864661425e-01,5.555555555555555802e-01,5.190311417900169699e-01,3.731490621915103945e-01,6.666666666666666297e-01,6.250000000000000000e-01,6.000000000000000888e-01,7.133489857264407874e-01,6.526378352606549971e-01,3.602145459582513087e-01,7.559220292250677653e-02,5.000000000000000000e-01,4.990886582709964658e-01,4.285714285714284921e-01,5.555555555555555802e-01,1.000000000000000000e+00,2.676056337728908163e-01,4.541481789381415779e-01,2.724035063034210280e-01
2.571627607278094696e-01,7.451991366426025110e-01,8.082191780821916804e-01,7.792874407845746809e-01,7.000000000000000666e-01,7.850467290086470262e-01,6.616541353383458279e-01,6.666666666666667407e-01,6.366782006404139160e-01,5.350444225074036941e-01,8.888888893333333208e-01,6.250000000000000000e-01,1.000000000000000222e+00,6.831931238402535467e-01,6.414642722455492496e-01,6.044042902717388088e-01,5.327123744838720143e-02,5.000000000000000000e-01,7.591142629410427833e-01,6.428571428571427937e-01,6.111111111111111605e-01,1.000000000000000000e+00,5.633802817948818653e-01,7.166405245743643349e-01,5.770402570696733235e-01
1.658735692305504661e-01,5.389268308162022958e-01,4.977168949771689221e-01,1.129227056942672253e-01,5.500000000000000444e-01,3.925233645043234576e-01,3.984962406015037373e-01,5.555555555555555802e-01,4.094579008486488592e-01,3.464955577492596639e-01,6.666666666666666297e-01,5.625000000000000000e-01,6.000000000000000888e-01,5.520867345302442608e-01,5.489739943633904495e-01,3.011208038511156704e-01,3.003882239425735221e-02,5.000000000000000000e-01,4.279357541943757948e-01,4.285714285714284921e-01,5.555555555555555802e-01,1.000000000000000000e+00,2.676056337728908163e-01,3.988674447965923631e-01,2.945133960326209444e-01
1.731313287796415468e-01,6.151808536972802610e-01,5.616438356164383805e-01,6.035628020934317162e-01,5.500000000000000444e-01,3.925233645043234576e-01,4.135338345864661425e-01,5.555555555555555802e-01,4.775086505564349881e-01,3.731490621915103945e-01,6.666666666666666297e-01,6.250000000000000000e-01,6.000000000000000888e-01,6.410314919008548440e-01,6.180032362022693793e-01,3.602145459582513087e-01,3.106686657196357226e-02,5.000000000000000000e-01,4.874744967029416287e-01,4.285714285714284921e-01,5.555555555555555802e-01,1.000000000000000000e+00,2.676056337728908163e-01,4.356786137726412211e-01,2.737255183021312099e-01
4.286852090771336998e-01,8.122142258393800773e-01,5.936073059360729154e-01,4.051932370177287468e-01,9.000000000000000222e-01,6.542056078343085890e-01,8.646616541353382424e-01,8.888888888888888395e-01,5.755478662397242040e-01,7.831523527476142998e-01,8.888888893333333208e-01,8.125000000000000000e-01,6.000000000000000888e-01,8.426793344629206484e-01,8.570610382166798935e-01,8.138373127251861128e-01,4.909108357551728585e-01,5.000000000000000000e-01,8.282720447933943353e-01,7.857142857142856984e-01,7.777777777777776791e-01,0.000000000000000000e+00,6.478873240109954690e-01,8.870318737198401582e-01,6.265403024442127711e-01
1.215663500244383022e-01,5.154840335270414187e-01,1.552511415525114069e-01,4.891304371804111595e-02,3.499999999999999778e-01,6.542056078343085890e-01,2.481203007518796855e-01,3.333333333333333148e-01,1.810841984549514672e-01,1.773609740046067640e-01,6.666666666666666297e-01,3.125000000000000000e-01,2.000000000000000111e-01,5.238994725517427398e-01,3.860561624679236803e-01,1.730843627001793505e-01,2.242590520081869099e-01,0.000000000000000000e+00,3.639797658454844154e-01,2.857142857142856984e-01,3.888888888888888395e-01,0.000000000000000000e+00,2.112676056288151361e-01,3.119883820046944756e-01,3.910605002646534434e-01
2.826751056664987272e-01,6.848202222344395018e-01,3.424657534246575152e-01,2.783816420446269535e-01,7.999999999999999334e-01,7.523364489603895366e-01,7.518796992481202590e-01,7.777777777777779011e-01,4.267589388118916416e-01,6.429746627179993013e-01,8.888888893333333208e-01,6.875000000000000000e-01,4.000000000000000777e-01,6.779731150365608805e-01,6.879006724848681920e-01,5.694987865294975915e-01,3.123131656311259330e-01,5.000000000000000000e-01,7.187037721521983835e-01,7.142857142857141906e-01,7.777777777777776791e-01,0.000000000000000000e+00,6.056338028144074848e-01,7.533403370201515736e-01,6.888734349078694530e-01
1.333641269174146160e-02,2.717149958566913437e-01,1.369863013698630061e-02,0.000000000000000000e+00,0.000000000000000000e+00,2.616822433299850759e-01,0.000000000000000000e+00,0.000000000000000000e+00,0.000000000000000000e+00,0.000000000000000000e+00,0.000000000000000000e+00,0.000000000000000000e+00,0.000000000000000000e+00,2.928692936251287016e-01,1.014116280566995099e-01,0.000000000000000000e+00,8.664138344646417356e-02,0.000000000000000000e+00,5.910209133786825664e-02,0.000000000000000000e+00,0.000000000000000000e+00,0.000000000000000000e+00,0.000000000000000000e+00,2.736760092152738799e-02,5.715478667502277288e-02
2.707272065889331780e-01,7.124270455479093656e-01,8.356164383561643927e-01,6.141304346736177200e-01,7.999999999999999334e-01,7.196261679308235681e-01,7.744360902255638113e-01,7.777777777777779011e-01,6.332179929868656520e-01,6.600855544587034274e-01,8.888888893333333208e-01,7.500000000000000000e-01,1.000000000000000222e+00,6.627336198438222858e-01,7.120602654275400845e-01,7.091208015796534037e-01,2.712159576347366458e-02,5.000000000000000000e-01,7.641981421636347971e-01,7.142857142857141906e-01,7.777777777777776791e-01,1.000000000000000000e+00,6.056338028144074848e-01,7.724342490392673843e-01,5.803836640110113798e-01
1.666650251584179399e-01,5.735718905248727850e-01,5.707762557077624699e-01,5.416666678365036347e-01,5.500000000000000444e-01,3.925233645043234576e-01,4.135338345864661425e-01,5.555555555555555802e-01,4.359861591706037931e-01,3.761105626850937966e-01,6.666666666666666297e-01,6.250000000000000000e-01,6.000000000000000888e-01,5.957100545434337313e-01,6.180531954997505739e-01,3.602145459582513087e-01,1.476277949125102094e-02,5.000000000000000000e-01,4.776202884916287417e-01,4.285714285714284921e-01,5.555555555555555802e-01,1.000000000000000000e+00,2.676056337728908163e-01,4.357052553523861893e-01,2.778266110189465676e-01
2.394306761954815566e-01,5.920955946907184853e-01,6.255707762557076723e-01,7.216183659771122083e-02,7.999999999999999334e-01,7.523364489603895366e-01,7.067669172932331545e-01,7.777777777777779011e-01,4.982698961732259235e-01,5.873642645607106694e-01,8.888888893333333208e-01,5.625000000000000000e-01,8.000000000000000444e-01,5.228381237584682761e-01,5.998216438085310909e-01,4.996877789638242140e-01,2.356729451326405184e-02,5.000000000000000000e-01,6.414854949035792009e-01,7.142857142857141906e-01,6.111111111111111605e-01,1.000000000000000000e+00,6.056338028144074848e-01,6.837293459641615723e-01,6.389411076132202050e-01
2.423759553312364312e-01,6.235382185265834210e-01,8.447488584474884821e-01,5.093599036008356062e-01,7.000000000000000666e-01,7.850467290086470262e-01,6.842105263157893802e-01,6.666666666666667407e-01,5.663206458810119415e-01,5.666337611056267987e-01,8.888888893333333208e-01,6.875000000000000000e-01,1.000000000000000222e+00,5.561221616262859158e-01,6.099412811942275248e-01,6.393097940951708580e-01,1.130724698612081344e-02,5.000000000000000000e-01,7.498338339548987763e-01,6.428571428571427937e-01,6.111111111111111605e-01,1.000000000000000000e+00,5.633802817948818653e-01,6.917271401985735091e-01,5.915032503357904314e-01
1.567703390706859101e-01,4.580883789475644896e-01,5.251141552511415789e-01,1.935386471528663943e-01,5.500000000000000444e-01,3.925233645043234576e-01,3.984962406015037373e-01,5.555555555555555802e-01,3.817762399247615068e-01,3.553800592300098704e-01,6.666666666666666297e-01,5.625000000000000000e-01,6.000000000000000888e-01,4.681452896359177274e-01,5.389665387740203428e-01,3.011208038511156704e-01,6.587476991319739933e-03,5.000000000000000000e-01,4.224618271088066424e-01,4.285714285714284921e-01,5.555555555555555802e-01,1.000000000000000000e+00,2.676056337728908163e-01,3.935307771020186141e-01,2.983939546804371679e-01
1.771493198763464394e-01,4.866372462006185451e-01,5.525114155251140691e-01,2.367149762135581093e-01,6.500000000000000222e-01,3.271028034265000550e-01,4.736842105263157632e-01,6.666666666666667407e-01,4.198385236570444379e-01,4.817374136229022885e-01,6.666666666666666297e-01,6.875000000000000000e-01,6.000000000000000888e-01,5.131355612940444733e-01,6.329078232803513338e-01,3.552900674493233435e-01,7.340500721072104606e-03,5.000000000000000000e-01,4.438733063190820616e-01,4.999999999999998890e-01,5.555555555555555802e-01,1.000000000000000000e+00,2.957746478449286842e-01,4.436267713188186135e-01,2.984755409894008782e-01
2.144247184877207668e-01,5.917861118286467104e-01,6.027397260273972268e-01,9.208937277873280314e-02,7.000000000000000666e-01,8.177570090569045158e-01,6.165413533834587234e-01,6.666666666666667407e-01,4.521337946841632593e-01,4.837117472852912603e-01,8.888888893333333208e-01,5.000000000000000000e-01,8.000000000000000444e-01,5.085039464400800124e-01,5.215995760055975872e-01,4.124240195270302833e-01,2.448130768766126550e-02,5.000000000000000000e-01,6.106102060988126690e-01,6.428571428571427937e-01,7.777777777777776791e-01,1.000000000000000000e+00,5.633802817948818653e-01,6.219085497396915629e-01,6.537519723490191614e-01
2.143226707287932548e-02,2.443009182066224749e-01,1.963470319634703087e-01,0.000000000000000000e+00,1.000000000000000333e-01,9.813084112608083664e-02,4.511278195488721554e-02,1.111111111111111049e-01,9.919261828522168978e-02,5.067456400131622324e-02,0.000000000000000000e+00,1.875000000000000000e-01,2.000000000000000111e-01,2.851111600577789229e-01,1.957642961106301205e-01,2.090793038791394914e-02,9.009272181328353835e-03,0.000000000000000000e+00,1.014734824409127822e-01,7.142857142857142461e-02,0.000000000000000000e+00,0.000000000000000000e+00,1.408450694748773768e-02,5.283022498896820796e-02,2.136437914136807281e-02
1.054622953846901523e-01,4.877820236312639945e-01,2.694063926940639120e-01,0.000000000000000000e+00,1.000000000000000333e-01,9.813084112608083664e-02,5.263157894736841813e-02,1.111111111111111049e-01,2.018454440717424581e-01,6.515301085883515309e-02,0.000000000000000000e+00,2.500000000000000000e-01,2.000000000000000111e-01,5.684116479539089717e-01,3.452578523776934083e-01,2.986847197577498919e-02,3.106032604117686668e-01,0.000000000000000000e+00,2.042682341337422602e-01,7.142857142857142461e-02,0.000000000000000000e+00,0.000000000000000000e+00,1.408450694748773768e-02,9.317352747289643633e-02,0.000000000000000000e+00
9.999999999999998890e-01,9.475638625439362084e-01,1.000000000000000000e+00,6.264090179781733880e-01,1.000000000000000000e+00,5.887850467564852419e-01,1.000000000000000000e+00,1.000000000000000000e+00,1.000000000000000222e+00,9.999999999999998890e-01,8.888888893333333208e-01,1.000000000000000000e+00,1.000000000000000222e+00,9.671428574713951676e-01,1.000000000000000000e+00,9.709120798088443083e-01,9.999999999999998890e-01,1.000000000000000000e+00,9.802018625016949427e-01,8.571428571428570953e-01,7.777777777777776791e-01,1.000000000000000000e+00,6.901408450305210884e-01,1.000000000000000000e+00,5.327808141133770770e-01
2.149929667942091227e-01,5.095001168861963414e-01,7.031963470319633203e-01,1.600241539378478850e-01,7.000000000000000666e-01,8.177570090569045158e-01,6.616541353383458279e-01,6.666666666666667407e-01,4.705882352493384602e-01,5.508390918065152464e-01,8.888888893333333208e-01,6.250000000000000000e-01,8.000000000000000444e-01,4.286409136476236892e-01,5.356118196582559943e-01,4.996877789638242140e-01,6.080286055528709085e-03,5.000000000000000000e-01,6.548277514186247039e-01,6.428571428571427937e-01,7.777777777777776791e-01,1.000000000000000000e+00,5.633802817948818653e-01,6.329827651937625088e-01,6.529766513790659088e-01
2.821269871304498689e-01,5.227260443358314745e-01,6.940639269406392309e-01,1.935386471528663943e-01,1.000000000000000000e+00,6.074766354956764314e-01,9.548872180451128955e-01,1.000000000000000000e+00,5.801614763429556731e-01,9.210266535044422387e-01,8.888888893333333208e-01,8.750000000000000000e-01,8.000000000000000444e-01,4.817722781577804536e-01,7.584531523455841917e-01,8.138373127251861128e-01,6.792543128001506808e-03,5.000000000000000000e-01,6.955433173548998260e-01,8.571428571428570953e-01,7.777777777777776791e-01,1.000000000000000000e+00,6.901408450305210884e-01,8.090996720265321018e-01,6.310370887595028178e-01
1.996999769029626087e-02,1.703082240890412269e-01,2.146118721461187095e-01,0.000000000000000000e+00,1.000000000000000333e-01,9.813084112608083664e-02,4.511278195488721554e-02,1.111111111111111049e-01,9.919261828522168978e-02,5.330700888450148195e-02,0.000000000000000000e+00,1.875000000000000000e-01,2.000000000000000111e-01,2.068220501058835037e-01,1.885893869170355841e-01,2.090793038791394914e-02,1.862013859103292014e-03,0.000000000000000000e+00,1.058537635666564614e-01,7.142857142857142461e-02,0.000000000000000000e+00,0.000000000000000000e+00,1.408450694748773768e-02,5.089395738573264383e-02,2.114384507236893862e-02
3.156395136438742283e-02,3.110039217321467486e-01,2.328767123287671104e-01,0.000000000000000000e+00,1.000000000000000333e-01,9.813084112608083664e-02,5.263157894736841813e-02,1.111111111111111049e-01,1.188004614523293923e-01,5.988812109246462873e-02,0.000000000000000000e+00,2.500000000000000000e-01,2.000000000000000111e-01,3.604600059201703566e-01,2.311817409176006310e-01,2.986847197577498919e-02,4.779972552102723649e-02,0.000000000000000000e+00,1.347611459289486391e-01,7.142857142857142461e-02,0.000000000000000000e+00,0.000000000000000000e+00,1.408450694748773768e-02,6.238820679200667019e-02,1.634161216805829486e-02
7.993946327418183229e-01,8.855418514220383397e-01,8.721461187214611943e-01,4.633655395865146076e-01,7.999999999999999334e-01,7.523364489603895366e-01,8.195488721804511378e-01,7.777777777777779011e-01,8.177623990953652999e-01,7.627509049029285171e-01,8.888888893333333208e-01,8.750000000000000000e-01,8.000000000000000444e-01,8.729210489769194670e-01,8.280343208865337257e-01,7.091208015796534037e-01,8.806091571377357985e-01,5.000000000000000000e-01,9.056361136631804198e-01,7.142857142857141906e-01,7.777777777777776791e-01,1.000000000000000000e+00,6.056338028144074848e-01,8.640913554878923986e-01,5.798863640785272278e-01
1.161381465823863035e-01,4.490167310679182844e-01,2.785388127853881124e-01,0.000000000000000000e+00,1.000000000000000333e-01,9.813084112608083664e-02,5.263157894736841813e-02,1.111111111111111049e-01,2.087658593788389305e-01,6.646923330042778244e-02,0.000000000000000000e+00,2.500000000000000000e-01,2.000000000000000111e-01,5.304756466228051082e-01,3.282647462612379718e-01,2.986847197577498919e-02,3.417069809474307940e-01,0.000000000000000000e+00,1.972661593702342564e-01,7.142857142857142461e-02,0.000000000000000000e+00,0.000000000000000000e+00,1.408450694748773768e-02,8.858765743559070260e-02,4.331605418987360956e-04
9.347387031819617276e-01,8.874935550137654783e-01,9.908675799086756886e-01,4.385064407325656166e-01,1.000000000000000000e+00,5.887850467564852419e-01,1.000000000000000000e+00,1.000000000000000000e+00,1.000000000000000222e+00,9.950641658440276816e-01,8.888888893333333208e-01,1.000000000000000000e+00,1.000000000000000222e+00,9.017629381408314160e-01,9.600644979676362656e-01,9.709120798088443083e-01,9.239726162231746143e-01,1.000000000000000000e+00,9.400187994936300973e-01,8.571428571428570953e-01,7.777777777777776791e-01,1.000000000000000000e+00,6.901408450305210884e-01,9.684380048171635780e-01,5.434671771375582106e-01
5.527551758976280150e-01,8.233530392536110298e-01,8.538812785388127935e-01,8.265901785283368275e-01,7.999999999999999334e-01,7.196261679308235681e-01,7.744360902255638113e-01,7.777777777777779011e-01,8.754325258425067480e-01,6.686410003290556014e-01,8.888888893333333208e-01,7.500000000000000000e-01,1.000000000000000222e+00,7.913078637795072368e-01,7.642291823812488172e-01,7.091208015796534037e-01,5.283256086697335485e-01,5.000000000000000000e-01,8.342634110348098320e-01,7.142857142857141906e-01,7.777777777777776791e-01,1.000000000000000000e+00,6.056338028144074848e-01,8.136646079446246960e-01,5.604720232387931933e-01
2.869002273729931440e-01,6.894597587669402117e-01,5.616438356164383805e-01,7.971014492462981105e-01,5.500000000000000444e-01,3.925233645043234576e-01,4.135338345864661425e-01,5.555555555555555802e-01,5.743944636377916746e-01,3.731490621915103945e-01,6.666666666666666297e-01,6.250000000000000000e-01,6.000000000000000888e-01,7.270883230450946311e-01,6.642586660429781187e-01,3.602145459582513087e-01,2.839926367328476364e-01,5.000000000000000000e-01,5.082131243071366100e-01,4.285714285714284921e-01,5.555555555555555802e-01,1.000000000000000000e+00,2.676056337728908163e-01,4.603452100002806691e-01,2.650799426586316621e-01
5.316271284187807922e-01,7.728509901640732149e-01,6.894977168949771862e-01,2.342995162494224126e-01,7.999999999999999334e-01,7.523364489603895366e-01,7.293233082706767068e-01,7.777777777777779011e-01,7.324106112720872863e-01,6.301414939124712067e-01,8.888888893333333208e-01,6.250000000000000000e-01,8.000000000000000444e-01,7.296862742820822145e-01,7.037397284567230571e-01,5.345932827872564852e-01,5.507189146169650940e-01,5.000000000000000000e-01,7.482518124039932994e-01,7.142857142857141906e-01,7.777777777777776791e-01,1.000000000000000000e+00,6.056338028144074848e-01,7.658583268087154616e-01,6.154499616732623801e-01
4.235923349612978339e-01,7.240331889255542386e-01,6.255707762557076723e-01,6.321457326355228723e-01,5.500000000000000444e-01,3.925233645043234576e-01,4.285714285714285476e-01,5.555555555555555802e-01,6.562860438075215352e-01,4.027640671273445272e-01,6.666666666666666297e-01,6.875000000000000000e-01,6.000000000000000888e-01,7.767607885791134592e-01,6.920140666423755249e-01,3.897614170118191002e-01,5.244519533082581120e-01,5.000000000000000000e-01,5.599063009645127709e-01,4.285714285714284921e-01,5.555555555555555802e-01,1.000000000000000000e+00,2.676056337728908163e-01,4.751463105926161945e-01,2.552688124535350545e-01
3.301364755459961220e-01,7.564225654925758047e-01,8.082191780821916804e-01,7.783816440500617162e-01,7.000000000000000666e-01,7.850467290086470262e-01,6.616541353383458279e-01,6.666666666666667407e-01,6.643598615643012684e-01,5.350444225074036941e-01,8.888888893333333208e-01,6.250000000000000000e-01,1.000000000000000222e+00,7.015200537171473183e-01,6.556369215368824666e-01,6.044042902717388088e-01,2.029370531883274709e-01,5.000000000000000000e-01,7.782576040006065066e-01,6.428571428571427937e-01,6.111111111111111605e-01,1.000000000000000000e+00,5.633802817948818653e-01,7.278415122660856218e-01,5.664467769203126446e-01
2.016263733434088823e-01,5.672872347711934715e-01,5.068493150684931781e-01,1.690821252938458363e-01,5.500000000000000444e-01,3.925233645043234576e-01,3.984962406015037373e-01,5.555555555555555802e-01,4.094579008486488592e-01,3.494570582428430661e-01,6.666666666666666297e-01,5.625000000000000000e-01,6.000000000000000888e-01,5.885156197603984563e-01,5.760151030998013066e-01,3.011208038511156704e-01,1.172408682159984811e-01,5.000000000000000000e-01,4.493209689461160616e-01,4.285714285714284921e-01,5.555555555555555802e-01,1.000000000000000000e+00,2.676056337728908163e-01,4.132876355135500224e-01,2.851759684891082003e-01
2.105206306772285096e-01,6.345514715408486772e-01,5.707762557077624699e-01,5.464975857593402653e-01,5.500000000000000444e-01,3.925233645043234576e-01,4.135338345864661425e-01,5.555555555555555802e-01,4.775086505564349881e-01,3.761105626850937966e-01,6.666666666666666297e-01,6.250000000000000000e-01,6.000000000000000888e-01,6.681737195240755600e-01,6.405796399661263241e-01,3.602145459582513087e-01,1.206190034204253220e-01,5.000000000000000000e-01,5.066040297261907854e-01,4.285714285714284921e-01,5.555555555555555802e-01,1.000000000000000000e+00,2.676056337728908163e-01,4.477179149669761604e-01,2.654606996866959445e-01
2.305132507576337225e-02,2.364056978368147544e-01,2.328767123287671104e-01,0.000000000000000000e+00,1.000000000000000333e-01,9.813084112608083664e-02,5.263157894736841813e-02,1.111111111111111049e-01,1.188004614523293923e-01,5.988812109246462873e-02,0.000000000000000000e+00,2.500000000000000000e-01,2.000000000000000111e-01,2.797481580869665141e-01,2.096681981193749267e-01,2.986847197577498919e-02,8.654954680744775947e-03,0.000000000000000000e+00,1.259260009459579888e-01,7.142857142857142461e-02,0.000000000000000000e+00,0.000000000000000000e+00,1.408450694748773768e-02,5.658242233899161977e-02,1.711956900337807674e-02
2.992825844524822365e-01,6.155344394914383788e-01,8.721461187214611943e-01,2.080314009213761473e-01,9.500000000000000666e-01,1.000000000000000000e+00,1.000000000000000000e+00,8.888888888888888395e-01,6.678200692178494213e-01,9.262915432708127561e-01,1.000000000000000000e+00,6.250000000000000000e-01,1.000000000000000222e+00,4.525047489431213155e-01,6.041057932900104621e-01,7.348838904039013409e-01,8.011397654987215469e-03,5.000000000000000000e-01,9.271154359111165588e-01,9.999999999999998890e-01,1.000000000000000000e+00,1.000000000000000000e+00,1.000000000000000000e+00,9.396860045848579590e-01,9.999999999999998890e-01
3.015532142466655074e-02,1.978436305627104819e-01,2.420091324200913108e-01,0.000000000000000000e+00,2.000000000000000666e-01,0.000000000000000000e+00,8.270676691729322849e-02,2.222222222222222654e-01,1.718569780962392601e-01,1.197762421849292436e-01,0.000000000000000000e+00,3.125000000000000000e-01,2.000000000000000111e-01,2.512735227283822148e-01,2.814056396732386722e-01,3.584216636768235847e-02,2.615040648037502899e-03,0.000000000000000000e+00,1.272652425106039764e-01,1.428571428571428215e-01,0.000000000000000000e+00,0.000000000000000000e+00,2.816901407203785401e-02,7.594195447086220241e-02,2.122549414003199741e-02
3.015532142466655074e-02,1.978436305627104819e-01,2.420091324200913108e-01,0.000000000000000000e+00,2.000000000000000666e-01,0.000000000000000000e+00,8.270676691729322849e-02,2.222222222222222654e-01,1.718569780962392601e-01,1.197762421849292436e-01,0.000000000000000000e+00,3.125000000000000000e-01,2.000000000000000111e-01,2.512735227283822148e-01,2.814056396732386722e-01,3.584216636768235847e-02,2.615040648037502899e-03,0.000000000000000000e+00,1.272652425106039764e-01,1.428571428571428215e-01,0.000000000000000000e+00,0.000000000000000000e+00,2.816901407203785401e-02,7.594195447086220241e-02,2.122549414003199741e-02
9.951703940300987705e-02,2.965889449584417914e-01,4.200913242009132742e-01,1.431159422106372259e-01,5.500000000000000444e-01,3.925233645043234576e-01,4.135338345864661425e-01,5.555555555555555802e-01,3.252595156273033750e-01,3.642645607107601324e-01,6.666666666666666297e-01,6.250000000000000000e-01,4.000000000000000777e-01,3.160769767034654620e-01,4.765379987216232238e-01,3.602145459582513087e-01,2.972438744739984949e-03,5.000000000000000000e-01,3.630334444902193480e-01,4.285714285714284921e-01,5.555555555555555802e-01,0.000000000000000000e+00,2.676056337728908163e-01,3.602395591620007886e-01,3.545245821431668443e-01
8.149709744754327079e-02,2.327535120255175283e-01,2.009132420091324089e-01,9.722222294640700535e-02,5.000000000000000000e-01,9.813084112608088105e-01,3.458646616541353191e-01,4.444444444444443643e-01,2.468281431111218061e-01,2.316551497203027388e-01,8.888888893333333208e-01,1.250000000000000000e-01,4.000000000000000777e-01,1.226159961524161401e-01,1.969922918088731767e-01,2.553492526057539735e-01,1.300779416821128565e-03,0.000000000000000000e+00,3.827107684621346984e-01,4.999999999999998890e-01,6.111111111111111605e-01,0.000000000000000000e+00,4.788732394017060079e-01,3.653635456643224422e-01,8.118673060188229540e-01
6.285894606392138095e-03,9.129381063664121498e-03,0.000000000000000000e+00,0.000000000000000000e+00,1.000000000000000333e-01,9.813084112608083664e-02,3.007518796992481036e-02,1.111111111111111049e-01,3.921568633421534944e-02,2.829878249424152420e-02,0.000000000000000000e+00,6.250000000000000000e-02,0.000000000000000000e+00,1.800772151891083528e-02,6.949298816578292071e-02,1.194738879193381342e-02,0.000000000000000000e+00,0.000000000000000000e+00,0.000000000000000000e+00,7.142857142857142461e-02,0.000000000000000000e+00,0.000000000000000000e+00,1.408450694748773768e-02,1.875382935767076764e-02,6.611955306266847909e-02
6.285894606392138095e-03,9.129381063664121498e-03,0.000000000000000000e+00,0.000000000000000000e+00,1.000000000000000333e-01,9.813084112608083664e-02,3.007518796992481036e-02,1.111111111111111049e-01,3.921568633421534944e-02,2.829878249424152420e-02,0.000000000000000000e+00,6.250000000000000000e-02,0.000000000000000000e+00,1.800772151891083528e-02,6.949298816578292071e-02,1.194738879193381342e-02,0.000000000000000000e+00,0.000000000000000000e+00,0.000000000000000000e+00,7.142857142857142461e-02,0.000000000000000000e+00,0.000000000000000000e+00,1.408450694748773768e-02,1.875382935767076764e-02,6.611955306266847909e-02
2.517912064718794696e-01,6.380936454181582729e-01,6.666666666666665186e-01,1.491545891128242540e-01,7.000000000000000666e-01,8.177570090569045158e-01,6.390977443609022757e-01,6.666666666666667407e-01,4.648212225441745726e-01,5.192497532082921419e-01,8.888888893333333208e-01,5.625000000000000000e-01,8.000000000000000444e-01,5.669214039839962638e-01,5.758368828480582291e-01,4.705998591786232366e-01,9.922905099422109354e-02,5.000000000000000000e-01,6.781480490307775222e-01,6.428571428571427937e-01,7.777777777777776791e-01,1.000000000000000000e+00,5.633802817948818653e-01,6.647736077465521420e-01,6.314120092285412378e-01
3.103107918990083425e-01,6.715581219726554085e-01,7.077625570776255870e-01,2.071256041868633491e-01,9.000000000000000222e-01,6.542056078343085890e-01,8.646616541353382424e-01,8.888888888888888395e-01,5.893886967016678247e-01,7.739387956564659499e-01,8.888888893333333208e-01,8.125000000000000000e-01,8.000000000000000444e-01,6.340259967174877165e-01,7.627678490748668327e-01,8.138373127251861128e-01,9.969016147386608462e-02,5.000000000000000000e-01,7.682840230968440709e-01,7.857142857142856984e-01,6.111111111111111605e-01,1.000000000000000000e+00,6.478873240109954690e-01,8.125096809070484483e-01,5.930486833036631156e-01
2.759468839155455877e-02,2.730982179640348839e-01,2.054794520547945091e-01,0.000000000000000000e+00,1.000000000000000333e-01,9.813084112608083664e-02,4.511278195488721554e-02,1.111111111111111049e-01,9.919261828522168978e-02,5.199078644290885259e-02,0.000000000000000000e+00,1.875000000000000000e-01,2.000000000000000111e-01,3.211982038872680523e-01,2.218262913060876085e-01,2.090793038791394914e-02,3.805341383509177472e-02,0.000000000000000000e+00,1.184282726488410653e-01,7.142857142857142461e-02,0.000000000000000000e+00,0.000000000000000000e+00,1.408450694748773768e-02,5.986348436323117583e-02,1.502882569813096536e-02
3.144413857408071555e-01,7.466898543668654131e-01,8.995433789954336845e-01,5.688405798990627815e-01,7.999999999999999334e-01,7.196261679308235681e-01,7.969924812030075856e-01,7.777777777777779011e-01,6.459054209991259565e-01,6.985850608752879332e-01,8.888888893333333208e-01,8.125000000000000000e-01,1.000000000000000222e+00,7.085351528155117151e-01,7.590817892315895321e-01,7.905669772217890356e-01,1.079215540729434736e-01,5.000000000000000000e-01,8.250529485186747225e-01,7.142857142857141906e-01,7.777777777777776791e-01,1.000000000000000000e+00,6.056338028144074848e-01,8.095964989646322607e-01,5.618130511233618840e-01
1.836520244068702845e-01,5.782783910619144763e-01,5.707762557077624699e-01,4.347826090444234515e-01,5.500000000000000444e-01,3.925233645043234576e-01,4.135338345864661425e-01,5.555555555555555802e-01,4.359861591706037931e-01,3.761105626850937966e-01,6.666666666666666297e-01,6.250000000000000000e-01,6.000000000000000888e-01,6.051075560383529783e-01,6.272012821631804957e-01,3.602145459582513087e-01,5.704258459138745324e-02,5.000000000000000000e-01,4.850461769682865576e-01,4.285714285714284921e-01,5.555555555555555802e-01,1.000000000000000000e+00,2.676056337728908163e-01,4.405836484087532479e-01,2.729833339253570079e-01
2.507942469790241935e-01,6.011303325638064354e-01,7.990867579908675911e-01,3.985507256258664088e-01,7.000000000000000666e-01,7.850467290086470262e-01,6.616541353383458279e-01,6.666666666666667407e-01,5.536332180210007392e-01,5.310957551826258616e-01,8.888888893333333208e-01,6.250000000000000000e-01,1.000000000000000222e+00,5.328524663395115546e-01,5.866747072861693280e-01,6.044042902717388088e-01,3.933812948803964288e-02,5.000000000000000000e-01,7.113482831947153251e-01,6.428571428571427937e-01,6.111111111111111605e-01,1.000000000000000000e+00,5.633802817948818653e-01,6.733390032726768171e-01,5.929472652457510318e-01
1.626980562140658559e-01,4.301109670995855172e-01,5.068493150684931781e-01,1.570048314894717800e-01,5.500000000000000444e-01,3.925233645043234576e-01,3.984962406015037373e-01,5.555555555555555802e-01,3.817762399247615068e-01,3.494570582428430661e-01,6.666666666666666297e-01,5.625000000000000000e-01,6.000000000000000888e-01,4.397890308543486171e-01,5.198067102793095806e-01,3.011208038511156704e-01,2.191337232168820773e-02,5.000000000000000000e-01,3.988114464257210834e-01,4.285714285714284921e-01,5.555555555555555802e-01,1.000000000000000000e+00,2.676056337728908163e-01,3.833134302672482896e-01,3.025922606223178102e-01
1.626980562140658559e-01,4.301109670995855172e-01,5.068493150684931781e-01,1.570048314894717800e-01,5.500000000000000444e-01,3.925233645043234576e-01,3.984962406015037373e-01,5.555555555555555802e-01,3.817762399247615068e-01,3.494570582428430661e-01,6.666666666666666297e-01,5.625000000000000000e-01,6.000000000000000888e-01,4.397890308543486171e-01,5.198067102793095806e-01,3.011208038511156704e-01,2.191337232168820773e-02,5.000000000000000000e-01,3.988114464257210834e-01,4.285714285714284921e-01,5.555555555555555802e-01,1.000000000000000000e+00,2.676056337728908163e-01,3.833134302672482896e-01,3.025922606223178102e-01
3.679494153345234247e-02,3.439212743199515643e-01,8.219178082191780366e-02,0.000000000000000000e+00,1.000000000000000333e-01,9.813084112608083664e-02,5.263157894736841813e-02,1.111111111111111049e-01,9.111880052844198441e-02,6.252056597564989437e-02,0.000000000000000000e+00,2.500000000000000000e-01,0.000000000000000000e+00,3.955117841258768419e-01,2.570794543689975398e-01,2.986847197577498919e-02,1.208603636905278417e-01,0.000000000000000000e+00,1.534598432376311494e-01,7.142857142857142461e-02,0.000000000000000000e+00,0.000000000000000000e+00,1.408450694748773768e-02,6.937713201038382682e-02,3.132129780471326619e-02
2.116151149708472567e-01,5.665567153408541667e-01,2.739726027397260122e-01,1.902173924596526622e-01,7.999999999999999334e-01,7.523364489603895366e-01,6.842105263157893802e-01,7.777777777777779011e-01,3.679354094628177752e-01,5.488647581441262746e-01,8.888888893333333208e-01,5.000000000000000000e-01,4.000000000000000777e-01,5.334896512437805605e-01,5.762039567415833119e-01,4.647822752215829967e-01,1.915346534100692000e-01,5.000000000000000000e-01,5.717060488685844488e-01,7.142857142857141906e-01,7.777777777777776791e-01,0.000000000000000000e+00,6.056338028144074848e-01,6.650637151354819032e-01,7.417877417951473928e-01
2.615254282752090681e-02,2.597207482858396865e-01,6.849315068493150305e-02,0.000000000000000000e+00,1.000000000000000333e-01,9.813084112608083664e-02,5.263157894736841813e-02,1.111111111111111049e-01,8.419838522134551195e-02,5.857189865087199937e-02,0.000000000000000000e+00,2.500000000000000000e-01,0.000000000000000000e+00,2.978388656722807948e-01,2.022894947788777542e-01,2.986847197577498919e-02,7.392424214543971694e-02,0.000000000000000000e+00,1.185430213562871093e-01,7.142857142857142461e-02,0.000000000000000000e+00,0.000000000000000000e+00,1.408450694748773768e-02,5.459115752534264565e-02,4.625165510379475320e-02
1.328856461326998750e-01,4.258177570580456983e-01,2.146118721461187095e-01,9.722222294640700535e-02,5.999999999999999778e-01,9.158878501829854635e-01,4.586466165413533580e-01,5.555555555555555802e-01,2.710495963814609777e-01,3.241197762421849649e-01,8.888888893333333208e-01,2.500000000000000000e-01,4.000000000000000777e-01,3.423633802725936093e-01,3.299178160074048294e-01,3.251602600902363527e-01,1.062747750709779893e-01,0.000000000000000000e+00,4.482639537256857265e-01,5.714285714285713969e-01,7.777777777777776791e-01,0.000000000000000000e+00,5.211267605982939921e-01,4.704178091463105393e-01,8.207682468093792094e-01
6.272155157639174305e-01,8.094785104623059002e-01,7.625570776255707894e-01,2.645933975158831775e-01,7.999999999999999334e-01,7.523364489603895366e-01,7.744360902255638113e-01,7.777777777777779011e-01,7.716262976063026358e-01,6.900296150049357591e-01,8.888888893333333208e-01,7.500000000000000000e-01,8.000000000000000444e-01,7.785441256366287810e-01,7.492828327724156967e-01,6.044042902717388088e-01,6.749546388339854319e-01,5.000000000000000000e-01,8.013371593012644789e-01,7.142857142857141906e-01,7.777777777777776791e-01,1.000000000000000000e+00,6.056338028144074848e-01,8.018521458849567907e-01,6.107370343979174887e-01
8.953074182356682287e-02,3.975977328203668115e-01,2.602739726027397116e-01,0.000000000000000000e+00,1.000000000000000333e-01,9.813084112608083664e-02,5.263157894736841813e-02,1.111111111111111049e-01,2.018454440717424581e-01,6.383678841724252373e-02,0.000000000000000000e+00,2.500000000000000000e-01,2.000000000000000111e-01,4.684853554262569109e-01,2.908792269211339376e-01,2.986847197577498919e-02,2.617869351123209842e-01,0.000000000000000000e+00,1.726481420447180948e-01,7.142857142857142461e-02,0.000000000000000000e+00,0.000000000000000000e+00,1.408450694748773768e-02,7.849855827474035153e-02,9.175070788674799527e-03
2.156862486870204376e-01,4.539948389671140117e-01,6.392694063926940284e-01,1.183574881067790546e-01,7.000000000000000666e-01,8.177570090569045158e-01,6.390977443609022757e-01,6.666666666666667407e-01,4.579008073893272579e-01,5.074037512339585332e-01,8.888888893333333208e-01,5.625000000000000000e-01,8.000000000000000444e-01,3.675487875767606827e-01,4.832223133221245637e-01,4.705998591786232366e-01,1.752542566335719629e-02,5.000000000000000000e-01,5.889313326114122837e-01,6.428571428571427937e-01,7.777777777777776791e-01,1.000000000000000000e+00,5.633802817948818653e-01,5.915780688932869014e-01,6.662557017847193785e-01
2.531429491498761730e-01,4.242822152988434681e-01,5.981735159817351821e-01,1.002415453947831520e-01,9.000000000000000222e-01,6.542056078343085890e-01,7.969924812030075856e-01,8.888888888888888395e-01,4.890426758145137720e-01,6.633761105626850840e-01,8.888888893333333208e-01,6.250000000000000000e-01,8.000000000000000444e-01,3.577458542589200263e-01,5.919436777153166407e-01,6.276746260998996574e-01,1.652445218580607736e-02,5.000000000000000000e-01,5.651797832805125488e-01,7.857142857142856984e-01,6.111111111111111605e-01,1.000000000000000000e+00,6.478873240109954690e-01,6.775031985155257619e-01,6.604399786469802303e-01
2.087671877121929226e-02,1.332565880027294369e-01,2.054794520547945091e-01,0.000000000000000000e+00,1.000000000000000333e-01,9.813084112608083664e-02,4.511278195488721554e-02,1.111111111111111049e-01,9.919261828522168978e-02,5.199078644290885259e-02,0.000000000000000000e+00,1.875000000000000000e-01,2.000000000000000111e-01,1.673775623971076598e-01,1.634601934027101744e-01,2.090793038791394914e-02,6.302333710637526495e-03,0.000000000000000000e+00,8.947660288635042591e-02,7.142857142857142461e-02,0.000000000000000000e+00,0.000000000000000000e+00,1.408450694748773768e-02,4.411242993225490683e-02,2.492248359267951185e-02
1.119830242576887458e-01,4.175674634308728095e-01,3.835616438356164171e-01,1.431159422106372259e-01,5.500000000000000444e-01,3.925233645043234576e-01,3.984962406015037373e-01,5.555555555555555802e-01,3.194925029221393764e-01,3.405725567620928040e-01,6.666666666666666297e-01,5.625000000000000000e-01,4.000000000000000777e-01,4.496576679827741785e-01,5.140298793954247714e-01,3.306676749046834618e-01,4.901975783302364720e-02,5.000000000000000000e-01,3.745390119222742342e-01,4.285714285714284921e-01,5.555555555555555802e-01,0.000000000000000000e+00,2.676056337728908163e-01,3.802328243320446943e-01,3.405135142700103090e-01
8.918007357326965256e-02,3.371497826198288639e-01,1.963470319634703087e-01,9.722222294640700535e-02,5.000000000000000000e-01,9.813084112608088105e-01,3.458646616541353191e-01,4.444444444444443643e-01,2.468281431111218061e-01,2.283645936163211376e-01,8.888888893333333208e-01,1.250000000000000000e-01,4.000000000000000777e-01,2.377640359145503091e-01,2.294831810330041910e-01,2.553492526057539735e-01,2.692545937860032004e-02,0.000000000000000000e+00,4.102617332408404760e-01,4.999999999999998890e-01,6.111111111111111605e-01,0.000000000000000000e+00,4.788732394017060079e-01,3.910418829171596888e-01,8.003598081742705483e-01
8.056095968144716402e-03,9.699152004657940473e-02,0.000000000000000000e+00,0.000000000000000000e+00,1.000000000000000333e-01,9.813084112608083664e-02,3.007518796992481036e-02,1.111111111111111049e-01,3.921568633421534944e-02,2.829878249424152420e-02,0.000000000000000000e+00,6.250000000000000000e-02,0.000000000000000000e+00,1.144281462006303540e-01,9.481394930185577108e-02,1.194738879193381342e-02,9.955119202014863292e-03,0.000000000000000000e+00,1.015677662728114994e-02,7.142857142857142461e-02,0.000000000000000000e+00,0.000000000000000000e+00,1.408450694748773768e-02,2.558710845271115752e-02,6.286746002867071859e-02
8.056095968144716402e-03,9.699152004657940473e-02,0.000000000000000000e+00,0.000000000000000000e+00,1.000000000000000333e-01,9.813084112608083664e-02,3.007518796992481036e-02,1.111111111111111049e-01,3.921568633421534944e-02,2.829878249424152420e-02,0.000000000000000000e+00,6.250000000000000000e-02,0.000000000000000000e+00,1.144281462006303540e-01,9.481394930185577108e-02,1.194738879193381342e-02,9.955119202014863292e-03,0.000000000000000000e+00,1.015677662728114994e-02,7.142857142857142461e-02,0.000000000000000000e+00,0.000000000000000000e+00,1.408450694748773768e-02,2.558710845271115752e-02,6.286746002867071859e-02
1.560222916055291342e-02,1.663175491791288874e-01,2.283105022831050102e-02,0.000000000000000000e+00,1.000000000000000333e-01,9.813084112608083664e-02,3.759398496240601295e-02,1.111111111111111049e-01,5.190311419422657946e-02,3.882856202698255904e-02,0.000000000000000000e+00,1.250000000000000000e-01,0.000000000000000000e+00,1.869578522907426876e-01,1.245102665636838579e-01,2.090793038791394914e-02,4.079113379351688440e-02,0.000000000000000000e+00,4.155302885173189908e-02,7.142857142857142461e-02,0.000000000000000000e+00,0.000000000000000000e+00,1.408450694748773768e-02,3.360114958983233258e-02,6.869586042364889122e-02
1.560222916055291342e-02,1.663175491791288874e-01,2.283105022831050102e-02,0.000000000000000000e+00,1.000000000000000333e-01,9.813084112608083664e-02,3.759398496240601295e-02,1.111111111111111049e-01,5.190311419422657946e-02,3.882856202698255904e-02,0.000000000000000000e+00,1.250000000000000000e-01,0.000000000000000000e+00,1.869578522907426876e-01,1.245102665636838579e-01,2.090793038791394914e-02,4.079113379351688440e-02,0.000000000000000000e+00,4.155302885173189908e-02,7.142857142857142461e-02,0.000000000000000000e+00,0.000000000000000000e+00,1.408450694748773768e-02,3.360114958983233258e-02,6.869586042364889122e-02
6.811912180414289586e-02,1.820506523858593795e-01,3.196347031963470142e-01,4.891304371804111595e-02,3.499999999999999778e-01,6.542056078343085890e-01,2.481203007518796855e-01,3.333333333333333148e-01,1.949250289168951433e-01,1.704508061862454738e-01,6.666666666666666297e-01,3.125000000000000000e-01,4.000000000000000777e-01,1.570312300342655565e-01,2.327862439050265020e-01,1.730843627001793505e-01,7.113423771008492089e-03,0.000000000000000000e+00,2.494013977294992912e-01,2.857142857142856984e-01,3.888888888888888395e-01,0.000000000000000000e+00,2.112676056288151361e-01,2.302542544248702971e-01,4.060711259400154871e-01
2.156862486870204376e-01,4.539948389671140117e-01,6.392694063926940284e-01,1.183574881067790546e-01,7.000000000000000666e-01,8.177570090569045158e-01,6.390977443609022757e-01,6.666666666666667407e-01,4.579008073893272579e-01,5.074037512339585332e-01,8.888888893333333208e-01,5.625000000000000000e-01,8.000000000000000444e-01,3.675487875767606827e-01,4.832223133221245637e-01,4.705998591786232366e-01,1.752542566335719629e-02,5.000000000000000000e-01,5.889313326114122837e-01,6.428571428571427937e-01,7.777777777777776791e-01,1.000000000000000000e+00,5.633802817948818653e-01,5.915780688932869014e-01,6.662557017847193785e-01
0.000000000000000000e+00,0.000000000000000000e+00,1.369863013698630061e-02,0.000000000000000000e+00,0.000000000000000000e+00,2.616822433299850759e-01,0.000000000000000000e+00,0.000000000000000000e+00,0.000000000000000000e+00,0.000000000000000000e+00,0.000000000000000000e+00,0.000000000000000000e+00,0.000000000000000000e+00,0.000000000000000000e+00,0.000000000000000000e+00,0.000000000000000000e+00,2.255926350319425056e-03,0.000000000000000000e+00,1.118932675373568442e-02,0.000000000000000000e+00,0.000000000000000000e+00,0.000000000000000000e+00,0.000000000000000000e+00,0.000000000000000000e+00,6.354914501941316685e-02
2.087671877121929226e-02,1.332565880027294369e-01,2.054794520547945091e-01,0.000000000000000000e+00,1.000000000000000333e-01,9.813084112608083664e-02,4.511278195488721554e-02,1.111111111111111049e-01,9.919261828522168978e-02,5.199078644290885259e-02,0.000000000000000000e+00,1.875000000000000000e-01,2.000000000000000111e-01,1.673775623971076598e-01,1.634601934027101744e-01,2.090793038791394914e-02,6.302333710637526495e-03,0.000000000000000000e+00,8.947660288635042591e-02,7.142857142857142461e-02,0.000000000000000000e+00,0.000000000000000000e+00,1.408450694748773768e-02,4.411242993225490683e-02,2.492248359267951185e-02
4.880498352982860499e-01,8.140553573098263662e-01,6.894977168949771862e-01,3.719806760475478091e-01,5.500000000000000444e-01,3.925233645043234576e-01,4.436090225563909528e-01,5.555555555555555802e-01,6.689734716675327375e-01,4.323790720631787154e-01,6.666666666666666297e-01,7.500000000000000000e-01,6.000000000000000888e-01,8.769162665961713898e-01,7.622517134725090848e-01,4.193082879841960042e-01,6.286030626968458490e-01,5.000000000000000000e-01,6.318217028847533667e-01,4.285714285714284921e-01,5.555555555555555802e-01,1.000000000000000000e+00,2.676056337728908163e-01,5.126018845739281904e-01,2.498430718726430966e-01
8.365615991824865150e-01,9.157816063044026400e-01,9.817351598173513771e-01,5.386473433826928225e-01,7.999999999999999334e-01,7.196261679308235681e-01,8.195488721804511378e-01,7.777777777777779011e-01,9.492502882554568755e-01,7.499177360974004225e-01,8.888888893333333208e-01,8.750000000000000000e-01,1.000000000000000222e+00,9.084821853916755785e-01,8.483925446217130961e-01,8.312900651646430994e-01,8.917224091662754315e-01,5.000000000000000000e-01,9.671602241366700214e-01,7.142857142857141906e-01,7.777777777777776791e-01,1.000000000000000000e+00,6.056338028144074848e-01,8.801809531039105350e-01,5.264822883026696321e-01
5.120277431246501587e-01,7.662485925572093404e-01,6.438356164383560731e-01,5.028180349536293114e-01,5.500000000000000444e-01,3.925233645043234576e-01,4.285714285714285476e-01,5.555555555555555802e-01,6.770472894243124706e-01,4.086870681145113871e-01,6.666666666666666297e-01,6.875000000000000000e-01,6.000000000000000888e-01,8.286599528281759497e-01,7.228892890548912487e-01,3.897614170118191002e-01,6.656726742420880916e-01,5.000000000000000000e-01,5.862160909053328872e-01,4.285714285714284921e-01,5.555555555555555802e-01,1.000000000000000000e+00,2.676056337728908163e-01,4.916111156731561294e-01,2.456377997151507619e-01
7.815011494783493662e-01,8.729836501283709804e-01,9.726027397260272878e-01,6.652576488556128931e-01,7.999999999999999334e-01,7.196261679308235681e-01,8.195488721804511378e-01,7.777777777777779011e-01,9.492502882554568755e-01,7.456400131622243910e-01,8.888888893333333208e-01,8.750000000000000000e-01,1.000000000000000222e+00,8.627715482410760472e-01,8.210001395536810076e-01,8.312900651646430994e-01,8.217020776907679736e-01,5.000000000000000000e-01,9.327196751076364256e-01,7.142857142857141906e-01,7.777777777777776791e-01,1.000000000000000000e+00,6.056338028144074848e-01,8.585320717703518456e-01,5.318133887651635971e-01
7.476371902156073168e-02,3.730956897492720969e-01,2.420091324200913108e-01,0.000000000000000000e+00,1.000000000000000333e-01,9.813084112608083664e-02,5.263157894736841813e-02,1.111111111111111049e-01,1.949250289168951433e-01,6.120434353405725808e-02,0.000000000000000000e+00,2.500000000000000000e-01,2.000000000000000111e-01,4.373687824687908510e-01,2.713547557036227187e-01,2.986847197577498919e-02,2.135074289248427015e-01,0.000000000000000000e+00,1.584111929031752630e-01,7.142857142857142461e-02,0.000000000000000000e+00,0.000000000000000000e+00,1.408450694748773768e-02,7.322955759108841500e-02,1.046589171388107031e-02
