1.0,0.9999999999999999,1.0,0.9999999999999999,1.0,0.930720073988506,0.8750000000654761,0.75,0.8,0.8125641659881401,0.7704918032786886,0.8032090305929163,0.5,0.8181818181818182,0.7600642001607574,0.80000000072,0.765625,0.75,0.7777777777777775,0.7282751150040905,0.75,0.75,0.8041923634771804,0.5393258424542355,0.8235294117647056
0.0,0.0,0.0,0.0,0.0,0.0020440095776959044,0.0,0.0,0.2,0.005497954732042509,0.08196721311475409,0.03232061305384987,0.0,0.0,0.03095837205594093,0.0,0.015625,0.0,0.0,0.10251471352874031,0.0,0.024999999999999994,0.09405627863784038,0.0,0.0
1.0,0.9999999999999999,1.0,0.9999999999999999,1.0,0.9760778222736777,0.9375000001636903,0.9166666666250001,1.0000000000000002,0.7445162883286097,0.9672131147540984,0.7943618565075388,0.0,0.9090909090909091,0.8177900711662679,0.680000000672,0.8828125,0.875,0.8888888888888886,0.7534975593536537,0.875,0.875,0.8657995615853089,0.6629213484661027,0.6470588235294117
1.0,0.9999999999999999,1.0,0.9999999999999999,1.0,0.9608365170887665,0.9375000001636903,0.9166666666250001,0.8,0.8190214052981343,0.7704918032786886,0.8421220001864105,0.0,0.9090909090909091,0.8195418217894609,0.680000000672,0.8359375,0.875,0.8888888888888886,0.7124416001375973,0.875,0.8250000000000002,0.776059010044708,0.5280898878525437,0.8235294117647056
1.0,0.9999999999999999,1.0,0.9999999999999999,1.0,0.930720073988506,0.8750000000654761,0.75,0.8,0.8125512783513568,0.7704918032786886,0.7987865952603526,0.5,0.8181818181818182,0.758188736563747,0.80000000072,0.765625,0.75,0.7777777777777775,0.7261557490565773,0.75,0.75,0.8041923634771804,0.5393258424542355,0.8235294117647056
0.0,0.0,0.0,0.0,0.0,0.0020440095776959044,0.0,0.0,0.2,0.005493955120627003,0.08196721311475409,0.031084720704200597,0.0,0.0,0.03048435578101677,0.0,0.015625,0.0,0.0,0.10177344161443341,0.0,0.024999999999999994,0.09405627863784038,0.0,0.0
1.0,0.9999999999999999,1.0,0.9999999999999999,1.0,0.9760778222736777,0.9375000001636903,0.9166666666250001,1.0000000000000002,0.7445105111121205,0.9672131147540984,0.7906541781162717,0.0,0.9090909090909091,0.816368022294199,0.680000000672,0.8828125,0.875,0.8888888888888886,0.7518875784158168,0.875,0.875,0.8657995615853089,0.6629213484661027,0.6470588235294117
1.0,0.9999999999999999,1.0,0.9999999999999999,1.0,0.9608365170887665,0.9375000001636903,0.9166666666250001,0.8,0.8189899416883321,0.7704918032786886,0.8367517436636251,0.0,0.9090909090909091,0.8169925408463082,0.680000000672,0.8359375,0.875,0.8888888888888886,0.7095518324995891,0.875,0.8250000000000002,0.776059010044708,0.5280898878525437,0.8235294117647056
1.0,0.9999999999999999,1.0,0.9999999999999999,1.0,0.9285914954958998,0.8750000000654761,0.75,0.8,0.835422034108153,0.7704918032786886,0.7215277001506957,0.5,0.8181818181818182,0.6979560632542726,0.80000000072,0.71875,0.75,0.7777777777777775,0.6261976175967379,0.75,0.7,0.7144518119365795,0.5393258424542355,0.8235294117647056
0.0,0.0,0.0,0.0,0.0,0.002008862289926805,0.0,0.0,0.2,0.011980080513066649,0.08196721311475409,0.011153872279513699,0.0,0.0,0.019776560522763276,0.0,0.015625,0.0,0.0,0.07796664065223557,0.0,0.024999999999999994,0.09405627863784038,0.0,0.0
1.0,0.9999999999999999,1.0,0.9999999999999999,1.0,0.8936648488322982,0.8125000002291666,0.666666666625,0.8,0.874751724121381,0.7049180327868853,0.6814297094316968,0.5,0.7272727272727272,0.6104582336846003,0.8799999999520001,0.6015625,0.625,0.6666666666666665,0.5788847679661144,0.625,0.575,0.670576809473733,0.4157303371165257,0.8235294117647056
1.0,0.9999999999999999,1.0,0.9999999999999999,1.0,0.9760415227887331,0.9375000001636903,0.9166666666250001,1.0000000000000002,0.7500907689590691,0.9672131147540984,0.769058446797497,0.0,0.9090909090909091,0.8014195007260053,0.680000000672,0.8828125,0.875,0.8888888888888886,0.7315850042321217,0.875,0.875,0.8657995615853089,0.6629213484661027,0.8235294117647056
1.0,0.9999999999999999,1.0,0.9999999999999999,1.0,0.9285914954958998,0.8750000000654761,0.75,0.8,0.8354204342635866,0.7704918032786886,0.7188099125848795,0.5,0.8181818181818182,0.6970796572759815,0.80000000072,0.71875,0.75,0.7777777777777775,0.625207988473361,0.75,0.7,0.7144518119365795,0.5393258424542355,0.8235294117647056
0.0,0.0,0.0,0.0,0.0,0.002008862289926805,0.0,0.0,0.2,0.011979813872305622,0.08196721311475409,0.010365093129777458,0.0,0.0,0.019540841404026066,0.0,0.015625,0.0,0.0,0.07762024379868399,0.0,0.024999999999999994,0.09405627863784038,0.0,0.0
1.0,0.9999999999999999,1.0,0.9999999999999999,1.0,0.8936648488322982,0.8125000002291666,0.666666666625,0.8,0.874751190839859,0.7049180327868853,0.6790633719824879,0.5,0.7272727272727272,0.6097510763283888,0.8799999999520001,0.6015625,0.625,0.6666666666666665,0.5779719478286836,0.625,0.575,0.670576809473733,0.4157303371165257,0.8235294117647056
1.0,0.9999999999999999,1.0,0.9999999999999999,1.0,0.9760415227887331,0.9375000001636903,0.9166666666250001,1.0000000000000002,0.7500886358329809,0.9672131147540984,0.7659037302097609,0.0,0.9090909090909091,0.8003144518943517,0.680000000672,0.8828125,0.875,0.8888888888888886,0.73033397682935,0.875,0.875,0.8657995615853089,0.6629213484661027,0.8235294117647056
1.0,0.9999999999999999,1.0,0.9999999999999999,0.0,0.860110657624765,0.7500000001309524,0.5,0.6000000000000001,0.9833916580371348,0.21311475409836067,0.6873248920730832,1.0,0.6363636363636364,0.512817986781317,1.0,0.4609375,0.5,0.5555555555555554,0.4979866760930413,0.5,0.11249999999999999,0.560778875140169,0.2921348317788158,0.8235294117647056
0.0,0.0,0.0,0.0,0.0,0.0,0.0,0.0,0.0,0.05390978458715079,0.0,0.010000321834521653,0.0,0.0,0.004018158336872801,0.0,0.0,0.0,0.0,0.004791318419950508,0.0,0.0,0.0,0.0,0.0
0.0,0.0,0.0,0.0,0.0,0.0,0.0,0.0,0.0,0.05390978458715079,0.0,0.010000321834521653,0.0,0.0,0.004018158336872801,0.0,0.0,0.0,0.0,0.004791318419950508,0.0,0.0,0.0,0.0,0.0
1.0,0.9999999999999999,1.0,0.9999999999999999,0.0,0.860110657624765,0.7500000001309524,0.5,0.6000000000000001,0.9833758373519802,0.21311475409836067,0.6829024553981999,1.0,0.6363636363636364,0.5109425231843066,1.0,0.4609375,0.5,0.5555555555555554,0.49587966260264355,0.5,0.11249999999999999,0.560778875140169,0.2921348317788158,0.8235294117647056
0.0,0.0,0.0,0.0,0.0,0.0,0.0,0.0,0.0,0.05390480729294489,0.0,0.008764429484872438,0.0,0.0,0.0035441420619486685,0.0,0.0,0.0,0.0,0.004050046532765028,0.0,0.0,0.0,0.0,0.0
0.0,0.0,0.0,0.0,0.0,0.0,0.0,0.0,0.0,0.05390480729294489,0.0,0.008764429484872438,0.0,0.0,0.0035441420619486685,0.0,0.0,0.0,0.0,0.004050046532765028,0.0,0.0,0.0,0.0,0.0
1.0,0.9999999999999999,1.0,0.9999999999999999,1.0,0.8947067688870769,0.8125000002291666,0.666666666625,0.8,0.845217437985803,0.7377049180327869,0.8658679622276233,0.5,0.7272727272727272,0.7093439709278045,0.8799999999520001,0.625,0.625,0.6666666666666665,0.7042748142725175,0.625,0.6000000000000001,0.7144518119365795,0.48314606742330507,0.8235294117647056
0.749999999625,0.5000000000000001,0.5,0.46428572518367306,1.0,0.46314442542352574,0.3750000000654761,0.291666666625,0.6000000000000001,0.409399335691208,0.6065573770491803,0.45223815023305275,0.0,0.4545454545454546,0.40857945502883,0.360000000144,0.375,0.375,0.49999999999999994,0.41037058874524585,0.5,0.6000000000000001,0.4132874700415872,0.35955056208559527,0.588235294117647
1.0,0.9999999999999999,1.0,0.9999999999999999,1.0,0.9608141506893189,0.9375000001636903,0.9166666666250001,1.0000000000000002,0.7769425601583776,0.9344262295081968,0.9575369913318537,0.0,0.9090909090909091,0.8887550314208437,0.680000000672,0.8359375,0.875,0.8888888888888886,0.7948572607303663,0.875,0.8250000000000002,0.7783842038577389,0.730337078772882,0.6470588235294117
0.0,0.0,0.0,0.0,0.0,0.0010109894239846984,0.0,0.0,0.2,0.014770742718063001,0.08196721311475409,0.05272473648536763,0.0,0.0,0.03306175524828425,0.0,0.0078125,0.0,0.0,0.08246768047955327,0.0,0.012500000000000011,0.04819073622543557,0.0,0.0
1.0,0.9999999999999999,1.0,0.9999999999999999,1.0,0.8957708493480547,0.8125000002291666,0.666666666625,0.8,0.8722732982475568,0.7049180327868853,0.7918651529891729,0.5,0.7272727272727272,0.6732597204444921,0.8799999999520001,0.6484375,0.625,0.6666666666666665,0.6754183136535354,0.625,0.625,0.7565865049976388,0.4157303371165257,0.8235294117647056
0.0,0.0,0.0,0.0,0.0,0.001028561516715376,0.0,0.0,0.2,0.022472927741331472,0.08196721311475409,0.032692212728366365,0.0,0.0,0.023818396881200493,0.0,0.0078125,0.0,0.0,0.06820547843758534,0.0,0.012500000000000011,0.04819073622543557,0.0,0.0
1.0,0.9999999999999999,1.0,0.9999999999999999,1.0,0.9944340431952292,0.9999999999999999,1.0,0.8,0.8497018023048962,0.8032786885245902,0.8074980339986009,0.0,1.0,0.8428669533127299,0.60000000024,0.9296875,1.0,0.9999999999999998,0.6698657069415859,1.0,0.925,0.776059010044708,0.5842696628834743,0.8235294117647056
1.0,0.9999999999999999,1.0,0.9999999999999999,1.0,0.8947067670256921,0.8125000002291666,0.666666666625,0.8,0.8450626085838949,0.7377049180327869,0.8573515880157736,0.5,0.7272727272727272,0.7039980306268439,0.8799999999520001,0.625,0.625,0.6666666666666665,0.6981121117163751,0.625,0.6000000000000001,0.7144518119365795,0.48314606742330507,0.8235294117647056
0.749999999625,0.5000000000000001,0.5,0.46428572518367306,1.0,0.46314442542352574,0.3750000000654761,0.291666666625,0.6000000000000001,0.4093463630600156,0.6065573770491803,0.44779311560950524,0.0,0.4545454545454546,0.4061793595337976,0.360000000144,0.375,0.375,0.49999999999999994,0.40725002394182547,0.5,0.6000000000000001,0.4132874700415872,0.35955056208559527,0.588235294117647
1.0,0.9999999999999999,1.0,0.9999999999999999,1.0,0.9608139521416097,0.9375000001636903,0.9166666666250001,1.0000000000000002,0.7766117478541864,0.9344262295081968,0.9462401512877829,0.0,0.9090909090909091,0.8802443990380524,0.680000000672,0.8359375,0.875,0.8888888888888886,0.784749403055176,0.875,0.8250000000000002,0.7783842038577389,0.730337078772882,0.6470588235294117
0.0,0.0,0.0,0.0,0.0,0.0010109894239846984,0.0,0.0,0.2,0.01472745803452169,0.08196721311475409,0.05050221917359393,0.0,0.0,0.03186170750076803,0.0,0.0078125,0.0,0.0,0.08035471193589194,0.0,0.012500000000000011,0.04819073622543557,0.0,0.0
1.0,0.9999999999999999,1.0,0.9999999999999999,1.0,0.8957708493480547,0.8125000002291666,0.666666666625,0.8,0.8722373017448174,0.7049180327868853,0.7864948964663874,0.5,0.7272727272727272,0.6707104395013396,0.8799999999520001,0.6484375,0.625,0.6666666666666665,0.6725448370472882,0.625,0.625,0.7565865049976388,0.4157303371165257,0.8235294117647056
0.0,0.0,0.0,0.0,0.0,0.001028561516715376,0.0,0.0,0.2,0.02246332867393419,0.08196721311475409,0.03121806672263211,0.0,0.0,0.02319324235674647,0.0,0.0078125,0.0,0.0,0.06719788190661186,0.0,0.012500000000000011,0.04819073622543557,0.0,0.0
1.0,0.9999999999999999,1.0,0.9999999999999999,1.0,0.9944340431952292,0.9999999999999999,1.0,0.8,0.8496888257878591,0.8032786885245902,0.8030755986660372,0.0,1.0,0.8409914897157195,0.60000000024,0.9296875,1.0,0.9999999999999998,0.6677339888081713,1.0,0.925,0.776059010044708,0.5842696628834743,0.8235294117647056
1.0,0.9999999999999999,1.0,0.9999999999999999,1.0,0.8947422921745705,0.8125000002291666,0.666666666625,0.8,0.8352040997261333,0.7377049180327869,0.8769870482974769,0.5,0.7272727272727272,0.7220646463492869,0.8799999999520001,0.625,0.625,0.6666666666666665,0.7210905996749148,0.625,0.6000000000000001,0.7144518119365795,0.48314606742330507,0.8235294117647056
0.0,0.0,0.0,0.0,0.0,0.0010113666646323072,0.0,0.0,0.2,0.01190124372805379,0.08196721311475409,0.05527520124174651,0.0,0.0,0.03531227871727968,0.0,0.0078125,0.0,0.0,0.08749549286788494,0.0,0.012500000000000011,0.04819073622543557,0.0,0.0
0.749999999625,0.5000000000000001,0.5,0.46428572518367306,1.0,0.46516663632413,0.3750000000654761,0.291666666625,0.6000000000000001,0.3913575329970165,0.6065573770491803,0.46825769174170856,0.0,0.4545454545454546,0.4328083634860759,0.360000000144,0.40625,0.375,0.49999999999999994,0.4732160045894082,0.5,0.6500000000000001,0.5030280215821881,0.35955056208559527,0.588235294117647
1.0,0.9999999999999999,1.0,0.9999999999999999,1.0,0.8947422903131859,0.8125000002291666,0.666666666625,0.8,0.8350501591267622,0.7377049180327869,0.8684706727433076,0.5,0.7272727272727272,0.7167187058118438,0.8799999999520001,0.625,0.625,0.6666666666666665,0.7149278968475581,0.625,0.6000000000000001,0.7144518119365795,0.48314606742330507,0.8235294117647056
0.0,0.0,0.0,0.0,0.0,0.0010113666646323072,0.0,0.0,0.2,0.011858136805019792,0.08196721311475409,0.05305268392997281,0.0,0.0,0.03411223099341171,0.0,0.0078125,0.0,0.0,0.08538252432422366,0.0,0.012500000000000011,0.04819073622543557,0.0,0.0
0.749999999625,0.5000000000000001,0.5,0.46428572518367306,1.0,0.46516663632413,0.3750000000654761,0.291666666625,0.6000000000000001,0.3913059824498829,0.6065573770491803,0.46381265711816116,0.0,0.4545454545454546,0.4304082679910435,0.360000000144,0.40625,0.375,0.49999999999999994,0.47009543978598783,0.5,0.6500000000000001,0.5030280215821881,0.35955056208559527,0.588235294117647
1.0,0.9999999999999999,1.0,0.9999999999999999,1.0,0.8936787726108715,0.8125000002291666,0.666666666625,0.8,0.8909014439752655,0.7049180327868853,0.7109129543876991,0.5,0.7272727272727272,0.6185978505897962,0.8799999999520001,0.6015625,0.625,0.6666666666666665,0.5851085843343469,0.625,0.575,0.670576809473733,0.4157303371165257,0.8235294117647056
0.0,0.0,0.0,0.0,0.0,0.0009937989151327375,0.0,0.0,0.2,0.02762113867514915,0.08196721311475409,0.01130193817350511,0.0,0.0,0.01356485214793235,0.0,0.0078125,0.0,0.0,0.04660052268705328,0.0,0.012500000000000011,0.04819073622543557,0.0,0.0
1.0,0.9999999999999999,1.0,0.9999999999999999,1.0,0.9293208543012306,0.8750000000654761,0.75,0.8,0.8784787397988799,0.7377049180327869,0.7518963309903433,0.5,0.8181818181818182,0.7074100618672375,0.80000000072,0.7421875,0.75,0.7777777777777775,0.6480604735041073,0.75,0.7250000000000001,0.7565865049976388,0.4719101121474561,0.8235294117647056
0.749999999625,0.5000000000000001,0.5,0.46428572518367306,1.0,0.46309117678928846,0.3750000000654761,0.291666666625,0.6000000000000001,0.4228514509656973,0.6065573770491803,0.3681893722434026,0.0,0.4545454545454546,0.36614545119956277,0.360000000144,0.375,0.375,0.49999999999999994,0.34968131334338654,0.5,0.6000000000000001,0.4132874700415872,0.35955056208559527,0.588235294117647
1.0,0.9999999999999999,1.0,0.9999999999999999,1.0,0.8936787726108715,0.8125000002291666,0.666666666625,0.8,0.8908992219689235,0.7049180327868853,0.7077582377999629,0.5,0.7272727272727272,0.6174928017581425,0.8799999999520001,0.6015625,0.625,0.6666666666666665,0.5838651696468846,0.625,0.575,0.670576809473733,0.4157303371165257,0.8235294117647056
0.0,0.0,0.0,0.0,0.0,0.0009937989151327375,0.0,0.0,0.2,0.027620160992358755,0.08196721311475409,0.010396009432339537,0.0,0.0,0.01327271684548359,0.0,0.0078125,0.0,0.0,0.04616375504569814,0.0,0.012500000000000011,0.04819073622543557,0.0,0.0
1.0,0.9999999999999999,1.0,0.9999999999999999,1.0,0.9293208543012306,0.8750000000654761,0.75,0.8,0.8784718071390932,0.7377049180327869,0.7481886525990762,0.5,0.8181818181818182,0.7059880129951684,0.80000000072,0.7421875,0.75,0.7777777777777775,0.6464552653962259,0.75,0.7250000000000001,0.7565865049976388,0.4719101121474561,0.8235294117647056
0.749999999625,0.5000000000000001,0.5,0.46428572518367306,1.0,0.46309117678928846,0.3750000000654761,0.291666666625,0.6000000000000001,0.42284994000138476,0.6065573770491803,0.36637751476107133,0.0,0.4545454545454546,0.36556118078385125,0.360000000144,0.375,0.375,0.49999999999999994,0.3489650438654414,0.5,0.6000000000000001,0.4132874700415872,0.35955056208559527,0.588235294117647
1.0,0.9999999999999999,1.0,0.9999999999999999,1.0,0.9685451933262736,0.9375000001636903,0.9166666666250001,1.0000000000000002,0.6939136491005807,0.9672131147540984,0.9194182198318888,0.0,0.9090909090909091,0.8993770361783349,0.680000000672,0.90625,0.875,0.8888888888888886,0.9026647213990981,0.875,0.9000000000000001,0.9139902978107446,1.0,1.0
0.749999999625,0.5000000000000001,0.5,0.46428572518367306,1.0,0.46950268003699924,0.3750000000654761,0.291666666625,0.6000000000000001,0.31541548896627214,0.6721311475409836,0.4932569909167012,0.0,0.4545454545454546,0.4662114320828854,0.360000000144,0.4375,0.375,0.49999999999999994,0.5646336138402865,0.5,0.7,0.5927685731227887,0.8314606742330513,0.588235294117647
1.0,0.9999999999999999,1.0,0.9999999999999999,1.0,0.9706573798440963,0.9375000001636903,0.9166666666250001,1.0000000000000002,0.6715879070593408,1.0000000000000002,0.997089339915517,0.0,0.9090909090909091,0.9673107306064535,0.680000000672,0.953125,0.875,0.8888888888888886,0.9999999999999998,0.875,0.9500000000000002,1.0,1.0,1.0
1.0,0.9999999999999999,1.0,0.9999999999999999,1.0,0.9316724515082571,0.8750000000654761,0.75,0.8,0.7963915150288067,0.7704918032786886,0.8087416527392517,0.5,0.8181818181818182,0.7372967123078917,0.80000000072,0.7421875,0.75,0.7777777777777775,0.7169690684462766,0.75,0.7250000000000001,0.7603173610143339,0.5393258424542355,1.0
1.0,0.9999999999999999,1.0,0.9999999999999999,1.0,0.9673516479700919,0.9375000001636903,0.9166666666250001,1.0000000000000002,0.6925562698664033,0.9672131147540984,0.9025761747385554,0.0,0.9090909090909091,0.873521617985044,0.680000000672,0.8828125,0.875,0.8888888888888886,0.8505204310381644,0.875,0.875,0.8681247553983398,1.0,0.8235294117647056
1.0,0.9999999999999999,1.0,0.9999999999999999,1.0,0.9694630483630782,0.9375000001636903,0.9166666666250001,1.0000000000000002,0.6701591569814597,1.0000000000000002,0.9802472948221834,0.0,0.9090909090909091,0.9414553124131624,0.680000000672,0.9296875,0.875,0.8888888888888886,0.9478557093678517,0.875,0.925,0.9578653069389407,1.0,0.6470588235294117
1.0,0.9999999999999999,1.0,0.9999999999999999,1.0,0.8959007001703687,0.8125000002291666,0.666666666625,0.8,0.7930382408180255,0.7377049180327869,0.7653467803750162,0.5,0.7272727272727272,0.6312238613634074,0.8799999999520001,0.6015625,0.625,0.6666666666666665,0.6305269692543323,0.625,0.575,0.666261075711144,0.48314606742330507,0.8235294117647056
1.0,0.9999999999999999,1.0,0.9999999999999999,1.0,0.8959009061636172,0.8125000002291666,0.666666666625,0.8,0.7997155476361274,0.7377049180327869,0.934926916153425,0.5,0.7272727272727272,0.7713007732333529,0.8799999999520001,0.6484375,0.625,0.6666666666666665,0.7952851954630962,0.625,0.625,0.7565865049976388,0.7528089886504228,0.8235294117647056
0.0,0.0,0.0,0.0,0.0,0.0010299240503701679,0.0,0.0,0.2,0.0018668408482624965,0.08196721311475409,0.07029895914237727,0.0,0.0,0.044337855303941964,0.0,0.0078125,0.0,0.0,0.10695593838944212,0.0,0.012500000000000011,0.04819073622543557,0.0,0.0
0.749999999625,0.5000000000000001,0.5,0.46428572518367306,1.0,0.46518535999357447,0.3750000000654761,0.291666666625,0.6000000000000001,0.3694065989855386,0.639344262295082,0.5242436041737997,0.0,0.4545454545454546,0.4665075743681947,0.360000000144,0.40625,0.375,0.49999999999999994,0.5200327836647347,0.5,0.6500000000000001,0.5030280215821881,0.629213483312713,0.588235294117647
1.0,0.9999999999999999,1.0,0.9999999999999999,1.0,1.0,0.9999999999999999,1.0,1.0000000000000002,0.7149367621439092,1.0000000000000002,1.0,0.0,1.0,1.0,0.60000000024,1.0,1.0,0.9999999999999998,0.9194011096171029,1.0,1.0000000000000002,0.9139902978107446,0.9887640447241508,1.0
1.0,0.9999999999999999,1.0,0.9999999999999999,1.0,0.8947989173607884,0.8125000002291666,0.666666666625,0.8,0.7980171348685857,0.7377049180327869,0.9108492777040555,0.5,0.7272727272727272,0.7393399441466304,0.8799999999520001,0.625,0.625,0.6666666666666665,0.7416613397494307,0.625,0.6000000000000001,0.7144518119365795,0.7528089886504228,0.8235294117647056
0.0,0.0,0.0,0.0,0.0,0.001011957344067449,0.0,0.0,0.2,0.0013846654720568452,0.08196721311475409,0.06502887052711559,0.0,0.0,0.03932188991502267,0.0,0.0078125,0.0,0.0,0.09432350752448665,0.0,0.012500000000000011,0.04819073622543557,0.0,0.0
0.749999999625,0.5000000000000001,0.5,0.46428572518367306,1.0,0.4651670030169306,0.3750000000654761,0.291666666625,0.6000000000000001,0.36883003277992643,0.639344262295082,0.5137034256009569,0.0,0.4545454545454546,0.4564756435430596,0.360000000144,0.40625,0.375,0.49999999999999994,0.5040365483306701,0.5,0.6500000000000001,0.5030280215821881,0.629213483312713,0.588235294117647
1.0,0.9999999999999999,1.0,0.9999999999999999,1.0,0.9641552271578788,0.9375000001636903,0.9166666666250001,1.0000000000000002,0.7112443208850908,0.9672131147540984,0.9566051276357646,0.0,0.9090909090909091,0.8939271490555156,0.680000000672,0.859375,0.875,0.8888888888888886,0.8324206008704578,0.875,0.8500000000000001,0.8199340191729043,0.9325842696932205,0.8235294117647056
1.0,0.9999999999999999,1.0,0.9999999999999999,1.0,0.9305888159593025,0.8750000000654761,0.75,0.8,0.8265711606863441,0.7377049180327869,0.7973978234590102,0.5,0.8181818181818182,0.7158031861036317,0.80000000072,0.71875,0.75,0.7777777777777775,0.6730079824529234,0.75,0.7,0.7164423518861378,0.4719101121474561,1.0
0.0,0.0,0.0,0.0,0.0,0.0020418782921294287,0.0,0.0,0.2,0.00940806373211922,0.08196721311475409,0.03445740850048307,0.0,0.0,0.025740359981781896,0.0,0.015625,0.0,0.0,0.08502066771086325,0.0,0.024999999999999994,0.09405627863784038,0.0,0.0
1.0,0.9999999999999999,1.0,0.9999999999999999,1.0,0.9326998341479487,0.8750000000654761,0.75,0.8,0.8042532401074277,0.7704918032786886,0.8655986030019278,0.5,0.8181818181818182,0.7755159342259671,0.80000000072,0.765625,0.75,0.7777777777777775,0.7654748285860387,0.75,0.75,0.8024520474100438,0.5393258424542355,1.0
0.749999999625,0.5000000000000001,0.5,0.46428572518367306,1.0,0.44439882576427725,0.33333333342063487,0.270833333375,0.6000000000000001,0.37323671575730466,0.6065573770491803,0.32805383953282435,0.0,0.36363636363636365,0.3017401409412998,0.480000000192,0.3125,0.29166666666666663,0.3888888888888889,0.3447282666121633,0.375,0.5,0.40385050170484965,0.37078651668728696,0.588235294117647
0.749999999625,0.5000000000000001,0.5,0.46428572518367306,1.0,0.4443992141732336,0.33333333342063487,0.270833333375,0.6000000000000001,0.37165846909273614,0.6065573770491803,0.3414545935652286,0.0,0.36363636363636365,0.3082807779823657,0.480000000192,0.3125,0.29166666666666663,0.3888888888888889,0.35119869004332976,0.375,0.5,0.40385050170484965,0.37078651668728696,0.588235294117647
0.749999999625,0.5000000000000001,0.5,0.46428572518367306,1.0,0.41082694023307975,0.29166666677579367,0.25,0.6000000000000001,0.38668100956947027,0.5409836065573771,0.29407693442964183,0.0,0.2727272727272727,0.22887507017576336,0.60000000024,0.21875,0.20833333333333331,0.2777777777777776,0.28131792892670787,0.25,0.35000000000000003,0.3169059909253667,0.24719101134957705,0.588235294117647
0.749999999625,0.5000000000000001,0.5,0.46428572518367306,1.0,0.44439882576427725,0.33333333342063487,0.270833333375,0.6000000000000001,0.37323538255349953,0.6065573770491803,0.326241982050493,0.0,0.36363636363636365,0.3011558702891058,0.480000000192,0.3125,0.29166666666666663,0.3888888888888889,0.3439489294940226,0.375,0.5,0.40385050170484965,0.37078651668728696,0.588235294117647
0.749999999625,0.5000000000000001,0.5,0.46428572518367306,1.0,0.4443992141732336,0.33333333342063487,0.270833333375,0.6000000000000001,0.37165651372715536,0.6065573770491803,0.3393514500682841,0.0,0.36363636363636365,0.3075440787612632,0.480000000192,0.3125,0.29166666666666663,0.3888888888888889,0.3502940594941096,0.375,0.5,0.40385050170484965,0.37078651668728696,0.588235294117647
0.749999999625,0.5000000000000001,0.5,0.46428572518367306,1.0,0.41082694023307975,0.29166666677579367,0.25,0.6000000000000001,0.3866795874854114,0.5409836065573771,0.2922650756049911,0.0,0.2727272727272727,0.2282907995235693,0.60000000024,0.21875,0.20833333333333331,0.2777777777777776,0.2805434177965332,0.25,0.35000000000000003,0.3169059909253667,0.24719101134957705,0.588235294117647
0.0,0.0,0.0,0.0,0.0,0.000993643799734878,0.0,0.0,0.2,0.023074647058734743,0.08196721311475409,0.002731672518651751,0.0,0.0,0.01142017154640887,0.0,0.0078125,0.0,0.0,0.04338336109944019,0.0,0.012500000000000011,0.04819073622543557,0.0,0.0
0.0,0.0,0.0,0.0,0.0,0.000993643799734878,0.0,0.0,0.2,0.02307420265746629,0.08196721311475409,0.0020385685330963077,0.0,0.0,0.011227141394381801,0.0,0.0078125,0.0,0.0,0.04310385899163588,0.0,0.012500000000000011,0.04819073622543557,0.0,0.0
1.0,0.9999999999999999,1.0,0.9999999999999999,0.0,0.8611743105877063,0.7500000001309524,0.5,0.6000000000000001,1.0,0.21311475409836067,0.6556643968455687,1.0,0.6363636363636364,0.5021177046661793,1.0,0.484375,0.5,0.5555555555555554,0.49874063107474415,0.5,0.125,0.6029135615358787,0.2921348317788158,0.8235294117647056
0.0,0.0,0.0,0.0,0.0,0.002022169329678025,0.0,0.0,0.2,0.024234623249492326,0.08196721311475409,0.01980779665444693,0.0,0.0,0.021728561297411797,0.0,0.015625,0.0,0.0,0.08170330815505095,0.0,0.024999999999999994,0.09405627863784038,0.0,0.0
1.0,0.9999999999999999,1.0,0.9999999999999999,0.0,0.8611743105877063,0.7500000001309524,0.5,0.6000000000000001,0.9999916452561545,0.21311475409836067,0.6519567197966207,1.0,0.6363636363636364,0.5006956560305929,1.0,0.484375,0.5,0.5555555555555554,0.49714502205599836,0.5,0.125,0.6029135615358787,0.2921348317788158,0.8235294117647056
0.0,0.0,0.0,0.0,0.0,0.002022169329678025,0.0,0.0,0.2,0.02423311228517988,0.08196721311475409,0.018756224905974728,0.0,0.0,0.021360211686860586,0.0,0.015625,0.0,0.0,0.08114124708261622,0.0,0.024999999999999994,0.09405627863784038,0.0,0.0
0.749999999625,0.5000000000000001,0.5,0.46428572518367306,1.0,0.46957413797802183,0.3750000000654761,0.291666666625,0.6000000000000001,0.30292008074237764,0.6721311475409836,0.5409483568293922,0.0,0.4545454545454546,0.5009247753961611,0.360000000144,0.4375,0.375,0.49999999999999994,0.6183348304610803,0.5,0.7,0.5927685731227887,0.8314606742330513,0.588235294117647
0.0,0.0,0.0,0.0,0.0,0.002076838200497866,0.0,0.0,0.2,0.003173736098350699,0.08196721311475409,0.05135582161628466,0.0,0.0,0.03629099300124081,0.0,0.015625,0.0,0.0,0.10862196929642687,0.0,0.024999999999999994,0.09405627863784038,0.0,0.0
0.0,0.0,0.0,0.0,0.0,1.756899042271165e-05,0.0,0.0,0.0,0.058683009730699065,0.0,0.0010515730907917908,0.0,0.0,0.00036834961055121074,0.0,0.0,0.0,0.0,0.0005620609368275908,0.0,0.0,0.0,0.0,0.0
0.0,0.0,0.0,0.0,0.0,1.756899042271165e-05,0.0,0.0,0.0,0.058683009730699065,0.0,0.0010515730907917908,0.0,0.0,0.00036834961055121074,0.0,0.0,0.0,0.0,0.0005620609368275908,0.0,0.0,0.0,0.0,0.0
0.0,0.0,0.0,0.0,0.0,1.756899042271165e-05,0.0,0.0,0.0,0.05868123212562559,0.0,0.0,0.0,0.0,0.0,0.0,0.0,0.0,0.0,0.0,0.0,0.0,0.0,0.0,0.0
0.0,0.0,0.0,0.0,0.0,1.756899042271165e-05,0.0,0.0,0.0,0.05868123212562559,0.0,0.0,0.0,0.0,0.0,0.0,0.0,0.0,0.0,0.0,0.0,0.0,0.0,0.0,0.0
0.749999999625,0.5000000000000001,0.5,0.46428572518367306,1.0,0.4347399804215455,0.33333333342063487,0.270833333375,0.6000000000000001,0.3561461095379801,0.6065573770491803,0.44201896454752204,0.0,0.36363636363636365,0.36245849015269227,0.480000000192,0.328125,0.29166666666666663,0.3888888888888889,0.43627376942599877,0.375,0.5250000000000001,0.45483728535675244,0.37078651668728696,0.588235294117647
0.749999999625,0.5000000000000001,0.5,0.46428572518367306,1.0,0.4327000323854271,0.33333333342063487,0.270833333375,0.6000000000000001,0.37252469604508653,0.5737704918032787,0.39655177773813705,0.0,0.36363636363636365,0.3226499914832962,0.480000000192,0.296875,0.29166666666666663,0.3888888888888889,0.3557815243185914,0.375,0.47500000000000003,0.36509673381615165,0.3033707863805076,0.588235294117647
0.0,0.0,0.0,0.0,0.0,0.002059652034877235,0.0,0.0,0.2,0.0009518186366427317,0.08196721311475409,0.036710025984567074,0.0,0.0,0.02875892653330006,0.0,0.015625,0.0,0.0,0.09351592560254951,0.0,0.024999999999999994,0.09405627863784038,0.0,0.0
0.0,0.0,0.0,0.0,0.0,0.0010299221889853438,0.0,0.0,0.2,0.0,0.08196721311475409,0.0286841460540041,0.0,0.0,0.0181053168850224,0.0,0.0078125,0.0,0.0,0.05159091915868125,0.0,0.012500000000000011,0.04819073622543557,0.0,0.0
