0.7660800008554292,0.2546142268841091,1.0,0.6666666666666665,0.5147418379583327,0.650943600648087,0.7320343752378139,0.5337304520630637,0.45654345654345657,0.27519955139055036,0.43535825545171336,0.4216867469879517,0.4109848484848485,0.6270331493717637,0.39671775935827885,0.27276409102171506,0.3961828698024589,0.3747948466665228,0.6306355241716458,0.23613050670516345,0.20635146513874714,0.18676337331571605,0.25337902666853074,0.32245727581503575,0.2727272727272727
0.4614400004551323,0.41752261375946187,0.9615384615384616,0.6666666666666665,0.5698010034638958,0.6059851686243588,0.7279596979596608,0.6907261392062332,0.4853896103896103,0.36290370170224073,0.46339563862928346,0.4538152610441767,0.44318181818181823,0.6608239906920621,0.4114307693063435,0.3055250172425485,0.3971488737401006,0.38818508591261414,0.652362846279196,0.2525843019798366,0.2548200542504044,0.22212148344511667,0.25144383178867696,0.32949105399695117,0.2909090909090909
0.7418472738234783,0.29046598221468745,0.9615384615384616,0.8333333333333333,0.48291764834276235,0.8742495314602954,0.7859682917691143,0.620270810442692,0.6228771228771229,0.3868022633901046,0.5957943925233644,0.570281124497992,0.5530303030303031,0.6717122023799587,0.5243968165156571,0.38229879720756543,0.48168432292497093,0.489668713277347,0.7436175991309071,0.25670032550265076,0.2268274371715963,0.22212148344511667,0.28837234852699284,0.40274397582305904,0.32727272727272727
0.9184000010555775,0.301372732020374,0.11538461538461539,0.16666666666666663,0.17286024412986456,0.3187961542274581,0.14824418448087023,0.11374845691545987,0.20342157842157838,0.09980826485062835,0.18380062305295947,0.17670682730923692,0.16856060606060605,0.23350683702592012,0.15557567113296256,0.03801803134350219,0.10596537743938689,0.1308476238136323,0.16458446496469312,0.02932061089234894,0.01765428283874948,0.0,0.051101255374395735,0.08606349121446338,0.054545454545454536
0.4570461535540509,0.5718414919353709,0.9230769230769231,0.8333333333333333,0.627564189743737,0.7303387243222548,0.7558897613646153,0.7018672735489462,0.5879120879120879,0.44171355941769247,0.5700934579439252,0.5502008032128514,0.537878787878788,0.7220715752984916,0.508659876933563,0.3951577757460095,0.4724688877624254,0.4917202417744683,0.7218902770233568,0.3217756510820789,0.3056360301511031,0.2928377154174266,0.3441541703333781,0.41147156624143066,0.36363636363636365
1.0,0.2970583319127208,0.8461538461538463,0.5,0.2783432651894491,0.7092143997319259,0.6437249964712469,0.4310708690122621,0.45492007992007993,0.23108714778520484,0.4244548286604361,0.40562248995983935,0.39015151515151514,0.5066252579330481,0.35613526440484367,0.17315375134559385,0.28894834918869994,0.3227639637391981,0.6273764258555133,0.12838175173753968,0.10179072528011507,0.08068902535725116,0.15137998077140552,0.23415616948820128,0.17575757575757575
0.7551999997395329,0.015373415151718325,0.9230769230769231,0.6666666666666665,0.25527423681943395,0.6543300798266056,0.6878796855834902,0.5653114962573774,0.4592907092907093,0.27910668530307164,0.4330218068535825,0.4136546184738955,0.3977272727272727,0.5168023522099037,0.35810447902267634,0.19864181618994733,0.3043882445284135,0.3247493435924022,0.637153720803911,0.1215373098336509,0.10038903994032461,0.08068902535725116,0.15062127897471078,0.24051242277553425,0.1818181818181818
0.5375999996984064,0.05768161933062033,0.9230769230769231,0.8333333333333333,0.3592346367984224,0.7406788146467944,0.7418876871463554,0.6898414328501808,0.572927072927073,0.40767710441486,0.5451713395638629,0.5220883534136546,0.5037878787878789,0.6150082421922245,0.4392724498617164,0.3042863269816519,0.3798456819079836,0.41124784696585726,0.7164584464964693,0.1783095808365628,0.1634769363392431,0.1514052573295611,0.2108133973394281,0.31336417854563936,0.2545454545454545
0.592000000137088,0.06965445628930464,0.9230769230769231,0.6666666666666665,0.22129984896587734,0.6626989656554999,0.7058823531324989,0.6073081468457099,0.5007492507492508,0.3423851982056371,0.471183800623053,0.4497991967871485,0.4318181818181819,0.5201679421828462,0.3693910032399278,0.2090536270024959,0.3093071851776932,0.34118003757051674,0.6664856056491038,0.11581037333573406,0.0989799855321492,0.08068902535725116,0.14615401746323892,0.23992404589339683,0.1818181818181818
0.36352000069366525,0.26788903352927373,0.9615384615384616,0.8333333333333333,0.7178347679292918,0.686793571235731,0.7759668097974428,0.7529672141448418,0.5766733266733267,0.4610556270693477,0.5615264797507787,0.5502008032128514,0.5416666666666666,0.7577037108183702,0.5134704838288681,0.388595508423543,0.5164645062999664,0.5028736898790299,0.7131993481803368,0.40132437164128265,0.38815320444199103,0.3635539415329822,0.4039410910721848,0.44926140871689274,0.4121212121212121
0.006427273205211359,0.8223742656025682,0.9615384615384616,1.0,1.0,0.9999999999999999,1.0000000000000002,0.9999999999999999,1.0,1.0,1.0,1.0,1.0,0.9999999999999999,1.0,1.0,1.0,0.9999999999999999,1.0,1.0,1.0,0.9999999999999999,1.0,1.0,1.0
0.4570461535540509,0.21633954730860458,0.8461538461538463,0.8333333333333333,0.5737609765735755,0.8674147830517107,0.7637427768788224,0.7295626332605838,0.6939310689310689,0.5220791729633536,0.6674454828660435,0.646586345381526,0.6287878787878788,0.731577056012875,0.5744852371166294,0.45614617252757494,0.5069095552514316,0.5475104542238487,0.8001086366105378,0.3201699161311022,0.29627897980534146,0.2928377154174266,0.3398875912432273,0.45362966132670074,0.3939393939393939
0.5375999996984064,0.09943058356732246,0.8461538461538463,0.6666666666666665,0.4256106074791478,0.782004242017132,0.7177359608932945,0.6985326667158965,0.6040209790209791,0.4301648733116463,0.5747663551401869,0.5542168674698795,0.5359848484848485,0.6487406810681453,0.47787416962788937,0.35921098645787586,0.41582225515883314,0.45127050497041027,0.7381857686040195,0.21849867029182285,0.1964431798347709,0.18676337331571605,0.24301342872820286,0.35230403038164265,0.2909090909090909
0.3471999998766208,0.36620774847374177,0.0,0.0,0.29525211493282344,0.0,0.0,0.0,0.0,0.0,0.0,0.0,0.0,0.0,0.0,0.0,0.0,0.0,0.0,0.0,0.0,0.035358110129400655,0.0,0.0,0.0
0.3471999998766208,0.14371687720057208,0.038461538461538464,0.0,0.3405702209616272,0.07629309678116235,0.05008149326368132,0.24437757404922122,0.0643106893106893,0.051976758681821736,0.057632398753894074,0.060240963855421686,0.058712121212121215,0.18657253979124122,0.04802457260760769,0.01317620391617548,0.04965826095837822,0.04854595597076709,0.05268875611080934,0.029788354649951956,0.03473519747501866,0.0,0.029417947890280058,0.03910031825840444,0.03636363636363636
0.9755200004880331,0.12347611786091263,0.34615384615384615,0.33333333333333326,0.1253402912436733,0.5704271360237739,0.34071714310554885,0.34104127552884034,0.36525974025974023,0.18510451423069402,0.337227414330218,0.321285140562249,0.30681818181818177,0.3711946172781284,0.27988205768794805,0.10021545741582243,0.19913827598345302,0.2434563340676969,0.4548252761180518,0.059013233198540946,0.0372992557058657,0.009972799241695564,0.08424631236136666,0.16423738332753873,0.1090909090909091
0.3471999998766208,0.13068406698947496,0.3076923076923077,0.16666666666666663,0.0,0.40326351149918493,0.31063861324313014,0.39887913127252506,0.3465284715284715,0.2800689424121681,0.32242990654205606,0.3012048192771084,0.2859848484848485,0.27703709517545505,0.24670822261950676,0.07359149865334844,0.1536269607890717,0.21473184730511202,0.3311606011225783,0.01627972373489979,0.0034073869155915315,0.0,0.04495893898579005,0.1244417105720628,0.07272727272727272
0.6328000004660992,0.024252108922681107,0.3846153846153847,0.33333333333333326,0.11549264278742138,0.5095288962825423,0.3667950807213793,0.43565423131758907,0.3782467532467532,0.2490272261131214,0.35436137071651086,0.3333333333333333,0.31818181818181823,0.3751982266055851,0.27989907289224913,0.1042185230357478,0.1932250384898263,0.24887022282097032,0.45935180155712474,0.051138436632108944,0.03599743035637987,0.009972799241695564,0.07723628217536509,0.1606536332272472,0.1090909090909091
0.3471999998766208,0.13068406698947496,0.3076923076923077,0.16666666666666663,0.0,0.40326351149918493,0.31063861324313014,0.39887913127252506,0.3465284715284715,0.2800689424121681,0.32242990654205606,0.3012048192771084,0.2859848484848485,0.27703709517545505,0.24670822261950676,0.07359149865334844,0.1536269607890717,0.21473184730511202,0.3311606011225783,0.01627972373489979,0.0034073869155915315,0.0,0.04495893898579005,0.1244417105720628,0.07272727272727272
0.0,0.9999999999999999,0.8076923076923078,0.6666666666666665,0.8369260865962029,0.5111049791025039,0.6796562454535385,0.9433695519409975,0.5236013986013986,0.5324864413078256,0.5381619937694704,0.5180722891566265,0.5170454545454546,0.8201950743709825,0.5579840137631873,0.4611932844194702,0.5754837093728178,0.5587075185808122,0.6414991852254209,0.49401729986673715,0.47567230966314783,0.4696282836346927,0.5058311041627452,0.570877127294447,0.5454545454545454
0.4424000006443137,0.24332180398060785,0.7307692307692308,0.6666666666666665,0.43585282617108045,0.6117071508819243,0.6074974068206151,0.6722641757971394,0.4965034965034965,0.376164719885075,0.4781931464174455,0.4538152610441767,0.43939393939393945,0.6067358047235448,0.40046015996258477,0.25785507585308937,0.3237042816613513,0.36981514944044047,0.6534492123845737,0.18415137608041504,0.16874117225317126,0.1514052573295611,0.20815474643933363,0.2941527818637284,0.2484848484848485
0.012358620288790978,0.11244296558678239,0.8846153846153847,1.0,0.9690476950999156,0.8777934195097284,0.8978367165362228,0.9891981284257052,0.8797452547452548,0.8781598754036362,0.8847352024922118,0.8755020080321284,0.875,0.9583522563588823,0.8918942641245083,0.741521226162932,0.8875676506983181,0.8924276178851059,0.913090711569799,0.8661853370440933,0.8543204314139061,0.8585675419121344,0.8655308902739552,0.8992538311358348,0.8909090909090909
0.5104000011926657,0.12572006494466637,0.6153846153846154,0.6666666666666665,0.2798527895210208,0.5679164703977195,0.5212624089378669,0.6166412907202453,0.4455544455544455,0.321623058070816,0.42757009345794394,0.4016064257028112,0.38636363636363635,0.513114218652433,0.3396042946005847,0.18515826699180607,0.24899054611248728,0.3091167512894666,0.6197718631178707,0.11063118163937379,0.1010955330972853,0.08068902535725116,0.1419392678170553,0.22885186274772007,0.1818181818181818
0.49000000102816005,0.11653270410944737,0.6538461538461539,0.6666666666666665,0.4213407585077742,0.6491725110379354,0.575344495532297,0.6595812853838663,0.5134865134865135,0.37674879890599533,0.4961059190031153,0.4698795180722891,0.4545454545454546,0.6020214813035651,0.4074945699622411,0.24912541638075728,0.3045297098012971,0.37711424275508487,0.6664856056491038,0.18205226954083714,0.16861046893600462,0.1514052573295611,0.2064692444447409,0.29468766993839873,0.2484848484848485
0.5756800010336436,0.07881727660689775,0.5384615384615385,0.5,0.1887432863061166,0.5558497048980244,0.46910653424828647,0.5613620011758151,0.4228271728271728,0.2911526961124543,0.4042056074766355,0.37751004016064255,0.3617424242424243,0.4537574634640066,0.31764843488366934,0.14980109805578545,0.21649805383600063,0.2858750745886154,0.6045627376425855,0.07877893119136291,0.06796302987865588,0.045330915227850516,0.10961831875473259,0.19750742157203605,0.14545454545454545
0.9184000010555775,0.1426612224969852,0.6923076923076924,0.5,0.17526138625637383,0.6593903364978736,0.5534153207682653,0.4755557275866872,0.43194305694305696,0.23214738000225021,0.4143302180685358,0.38554216867469876,0.36931818181818177,0.4553202699345108,0.33598634359864776,0.15947326388668862,0.24483955849200056,0.30265342973945997,0.6110809342748507,0.07974722875705241,0.0655799695076803,0.045330915227850516,0.111320222097415,0.20820518306544356,0.14545454545454545
0.9755200004880331,0.18760097564752123,0.42307692307692313,0.33333333333333326,0.11549264278742138,0.5912714999620479,0.3868721291542069,0.3444047224143627,0.3776223776223776,0.19202913267069455,0.3582554517133956,0.3333333333333333,0.31818181818181823,0.3720957011046454,0.28659136450149075,0.1044716262113038,0.19255813202114813,0.25353438639906695,0.45935180155712474,0.051138436632108944,0.03541748727839705,0.009972799241695564,0.07723628217536509,0.16450482736487393,0.1090909090909091
0.7551999997395329,0.17522789655411225,0.6923076923076924,0.5,0.28059297214449913,0.6479074469722966,0.5654170985921906,0.5119970608643691,0.45467032967032966,0.27616361775930615,0.43769470404984423,0.40963855421686746,0.3939393939393939,0.5115785378345205,0.3594087697282204,0.18130063784146477,0.2660512265552199,0.3269982482095325,0.6262900597501359,0.11684182877621964,0.10055925760828316,0.08068902535725116,0.14356513602388865,0.2334697297923743,0.17575757575757575
0.7551999997395329,0.1713866565502639,0.7692307692307693,0.5,0.28059297214449913,0.6479074469722966,0.6055711954578458,0.5255867033246507,0.45467032967032966,0.27616361775930615,0.43769470404984423,0.40963855421686746,0.3939393939393939,0.5131351763847145,0.36268039808944524,0.18701308746981385,0.27294663526457585,0.3291716578429451,0.6262900597501359,0.11240526531818816,0.10028858105046923,0.08068902535725116,0.14362948405570564,0.23555579328358878,0.17575757575757575
0.3471999998766208,0.5896110830169562,0.07692307692307693,0.0,0.28071544377282004,0.19618224883081353,0.11416506128770264,0.24654813902511485,0.1710789210789211,0.13826827070124081,0.15109034267912774,0.14859437751004015,0.14204545454545453,0.20115087096241213,0.12795518098736786,0.025379241669692288,0.06602778373434567,0.10085409429490434,0.1531776208582292,0.03129241687616102,0.03068571212372409,0.0,0.02939613294227361,0.05557487095825198,0.03636363636363636
0.3471999998766208,0.3290293858930163,0.15384615384615385,0.16666666666666663,0.22003614292018125,0.2779248525103192,0.1843236035262918,0.2593212978038887,0.23888611388611386,0.19307095015982406,0.21651090342679125,0.20883534136546184,0.19886363636363638,0.23031945690332378,0.18297576282873784,0.03619505795148911,0.08262769238937681,0.14132791983159204,0.17762085822922322,0.026746578442231134,0.024516695223325585,0.0,0.03239500186052954,0.06881335080634379,0.03636363636363636
0.592000000137088,0.11548014274841838,0.2692307692307693,0.33333333333333326,0.38818189790014557,0.4816974860210642,0.3045636390285623,0.49768297438077147,0.3633866133866134,0.24614587059228582,0.3442367601246106,0.3293172690763052,0.31818181818181823,0.49425194036284537,0.2952268223641862,0.12888841767951073,0.18530299784761128,0.2572983075420658,0.43309795401050155,0.12597067228896464,0.11412327784806747,0.08068902535725116,0.14461635024564334,0.19177520437181855,0.1575757575757576
0.5104000011926657,0.13355827958670857,0.42307692307692313,0.5,0.44733203118514203,0.49785138129602147,0.3988739069781323,0.5822852213099059,0.3888611388611388,0.2799652478182149,0.3746105919003115,0.35742971887550196,0.34659090909090906,0.5472847171168121,0.3408702977930663,0.18714775068789552,0.2420749278249399,0.2989170555577481,0.5795763172189028,0.1507062741289673,0.14161507168736487,0.11604714134340612,0.17618254569201014,0.25148654310752144,0.21212121212121213
0.4424000006443137,0.186525062582869,0.5000000000000001,0.5,0.49017988967256954,0.5322351752640551,0.45903096724505005,0.6445471757650123,0.4295704295704295,0.3249919078667948,0.4158878504672897,0.3975903614457831,0.38636363636363635,0.5929068215119195,0.37803906042685304,0.23912523211486406,0.28199635425189346,0.33659094326293776,0.6078218359587181,0.18151574261216702,0.17342631136022085,0.1514052573295611,0.20851861933022453,0.2890356859493818,0.2484848484848485
0.8041600004770662,0.0,0.2307692307692308,0.33333333333333326,0.18166467352271226,0.4653878902956091,0.2604830344058036,0.38723466193376466,0.31768231768231764,0.1817965975393176,0.29906542056074764,0.28112449799196787,0.2689393939393939,0.36431328822011455,0.25498580046888497,0.08978678082047063,0.15721613023918762,0.2162183189316078,0.42404490313235566,0.05517931648247153,0.03990676019325082,0.009972799241695564,0.07921926619351498,0.14900198800067754,0.10303030303030303
0.9184000010555775,0.3422050236150017,0.19230769230769232,0.16666666666666663,0.16855979706980362,0.39372687453948024,0.21040154114212223,0.09613199642584269,0.25274725274725274,0.128373265107899,0.2305295950155763,0.22088353413654616,0.21022727272727273,0.24055862251596283,0.1998841117831549,0.04337797721155591,0.09651147280309544,0.15803382633603336,0.1808799565453558,0.02252127992133579,0.017227775221749703,0.0,0.04783316716062384,0.08738288179865031,0.04848484848484849
0.4424000006443137,0.23041722798197892,0.576923076923077,0.6666666666666665,0.4838883358630311,0.5379117446007203,0.5011853605050394,0.6514410939181713,0.4343156843156843,0.3286198311100502,0.4197819314641744,0.4016064257028112,0.39015151515151514,0.5956577208828362,0.3804949698174962,0.2159257656877929,0.2895505857465224,0.3401681007078424,0.6110809342748507,0.18383965669883678,0.1726081885348284,0.1514052573295611,0.20848491318767848,0.2901054620987225,0.2484848484848485
0.4614400004551323,0.1404286419307873,0.46153846153846156,0.5,0.20993588658538787,0.5029894879881818,0.42095125180529414,0.5694613647856008,0.40447052947052947,0.301721654520647,0.38551401869158874,0.36144578313253006,0.34659090909090906,0.44795857394216065,0.2980630044572908,0.13568248972613986,0.19954650357763942,0.2678386871730282,0.5915263443780554,0.07858933445233858,0.06977955731376262,0.045330915227850516,0.1079051211527524,0.18820036907277155,0.14545454545454545
0.4614400004551323,0.1404286419307873,0.46153846153846156,0.5,0.20993588658538787,0.5029894879881818,0.42095125180529414,0.5694613647856008,0.40447052947052947,0.301721654520647,0.38551401869158874,0.36144578313253006,0.34659090909090906,0.44795857394216065,0.2980630044572908,0.13568248972613986,0.19954650357763942,0.2678386871730282,0.5915263443780554,0.07858933445233858,0.06977955731376262,0.045330915227850516,0.1079051211527524,0.18820036907277155,0.14545454545454545
