0.00018353278220992054,0.00014823150338922768,0.00015628088547433878
0.00014682624943632383,0.0,0.00015628088547433878
0.00022023931498351727,0.0003111966210331541,0.00017533430849792252
0.0003670655644198411,0.00018096151790394292,0.0001648442216647135
7.341312471816191e-05,7.416180787519636e-05,0.0001400105467126268
0.00014682624943632383,0.0,0.00015628088547433878
0.00018353278220992054,7.421548529266957e-05,0.00015628088547433878
0.000440478689138003,0.0007011588149931408,0.00020123840047380607
0.000440478689138003,0.0002855994865040495,0.00018732297916444716
0.0002569459069280825,5.640235336447145e-05,0.00018453989490257536
0.00022023931498351727,0.0001563209532098314,0.00018389764468829727
0.00011011965749175864,2.2116530584730858e-07,0.00015628088547433878
0.00014682624943632383,5.663517467968099e-05,0.00017512022509316317
3.670653277359673e-05,0.0,0.0001265232922127866
7.341312471816191e-05,1.924735904941442e-06,0.00016163297059332298
0.00011011965749175864,3.09631428186232e-06,0.00016120480378380424
0.00011011965749175864,7.685386784261398e-05,0.00018261314425974104
7.341312471816191e-05,4.4352609983433235e-06,0.00016655688890278842
0.000440478689138003,0.0010109542641521417,0.00021151440390225577
0.00022023931498351727,0.00021814299228129462,0.00020937356985466208
0.00040377209719343786,0.00014197144929442308,0.00019203281406915325
0.0002936524397016792,0.0001922471052660752,0.00018432581149781601
0.0002936524397016792,0.00010585706763058113,0.00017383572466460695
0.00040377209719343786,0.00021186249533930093,0.00020295106771188104
0.00014682624943632383,8.002884524406956e-05,0.0001823990608549817
0.0002936524397016792,0.00013503540643101657,0.00019074831364059705
0.00014682624943632383,7.607841446078774e-05,0.00016591463868851033
0.0002569459069280825,0.0002852286460831098,0.00019674264897385935
0.00011011965749175864,1.640395028350885e-05,0.0001727653076408101
0.00011011965749175864,5.091051994824785e-05,0.00017490614168840378
0.00022023931498351727,8.963752139262337e-05,0.0001956722319500625
0.0002936524397016792,0.0002758807656722349,0.00019674264897385935
0.00014682624943632383,9.504130710735694e-07,0.00019652856556909998
0.00014682624943632383,0.0007860954976971831,0.00022782113684277684
0.00018353278220992054,2.2349650771975315e-05,0.000192460980878672
0.00040377209719343786,0.00027869871054076454,0.00020701865240230904
0.00014682624943632383,2.8691715353164356e-06,0.00018989198002155957
7.341312471816191e-05,0.0,0.000168055472736104
0.0002569459069280825,3.78010958801661e-05,0.00018175681064070358
0.0002936524397016792,0.00017653050088849558,0.00018197089404546298
0.00022023931498351727,0.00044963635926523063,0.00021952754574239893
0.00018353278220992054,0.0006975843652297994,0.00024070467614119564
0.0002936524397016792,0.00030930810841884606,0.00024135763052571168
0.00040377209719343786,0.000591275044435964,0.00024607388793256057
0.00014682624943632383,4.632516541396328e-06,0.0001830413110692598
0.00018353278220992054,6.692635500719816e-05,0.0001830413110692598
0.0003303590316462444,0.0003049128364987762,0.00022091052453714443
7.341312471816191e-05,7.56676447359816e-05,0.0001896778966168002
0.000513891813856165,0.0002560838407249934,0.00021881036633645501
0.000513891813856165,0.0007070896316542679,0.00024220325997451116
0.00018353278220992054,7.775514635114527e-06,0.00019460181492626569
0.00011011965749175864,2.7534004638664176e-05,0.00019053423023583768
0.0002936524397016792,0.0002873535067026396,0.00022379636883330072
0.00018353278220992054,8.010607377789519e-06,0.00022111390377166585
0.0006607180041215203,0.0019279896650113049,0.0002591800739719291
0.0003670655644198411,0.00023538772937346518,0.0002223084891702231
0.00011011965749175864,7.949996129105957e-07,0.0001909623970453564
0.00014682624943632383,1.6763314018307232e-05,0.0001909623970453564
0.0003670655644198411,0.0010400710353133818,0.0002445260649161503
0.00014682624943632383,3.5266900121597854e-06,0.00021829656616503254
0.00018353278220992054,1.0173723617790167e-05,0.0002211610021207129
0.0008809573191050376,0.001296445618753954,0.0002523079966791534
0.00014682624943632383,5.012400830112924e-05,0.00019502998173578443
7.341312471816191e-05,0.0,0.00017148080721225389
0.0002936524397016792,0.0007548495023847032,0.0002265195097418399
0.00011011965749175864,7.447197727304546e-05,0.00017148080721225389
7.341312471816191e-05,7.416180787519636e-05,0.00017148080721225389
3.670653277359673e-05,0.0,0.00013979646330786744
0.0003670655644198411,0.0006946758023602792,0.000208731319640384
7.341312471816191e-05,0.0,0.00018132864383118484
0.00011011965749175864,0.0,0.0001809004770216661
0.00011011965749175864,7.416180787519636e-05,0.00020744681921182776
0.00014682624943632383,1.750953771511745e-05,0.0001811145604264255
7.341312471816191e-05,7.416180787519636e-05,0.0001601343867600074
0.00014682624943632383,1.1396170015055923e-05,0.0001648442216647135
7.341312471816191e-05,0.0,0.0001642019714504354
7.341312471816191e-05,0.0,0.0001620611374028417
3.670653277359673e-05,0.0,0.00020487781835471536
0.00018353278220992054,0.0,0.00023903910725216776
0.00018353278220992054,0.0,0.00023903910725216776
0.0002569459069280825,9.818962512329687e-06,0.00023946727406168645
0.0008075442535578441,0.005756019438717887,0.00028863795046681816
0.00018353278220992054,0.0001672345046628843,0.00020808906942610588
0.00018353278220992054,7.782161549171344e-05,0.0002100158200689402
0.00011011965749175864,0.0,0.0002050919017594747
0.0008075442535578441,0.0010916230541974008,0.00023515349345578517
7.341312471816191e-05,6.406561166326671e-05,0.00019353139790246883
3.670653277359673e-05,0.0,0.00015178513397439203
3.670653277359673e-05,0.0,0.00016034847016476678
3.670653277359673e-05,0.0,0.00014279363097449856
3.670653277359673e-05,0.0,0.00019353139790246883
0.0006240114713479236,0.0030079638230009137,0.00026996559590370604
7.341312471816191e-05,0.0,0.00022497168672542964
3.670653277359673e-05,0.0,0.00015371188461722635
0.00022023931498351727,0.00017678077633054496,0.00024212190828070264
7.341312471816191e-05,3.969020623854403e-07,0.00018282722766450044
3.670653277359673e-05,0.0,0.00017597655871220066
0.0003670655644198411,0.0003976232406057235,0.0002519804490698715
0.0003303590316462444,0.0003518309640300382,0.0002556519794614947
0.0006240114713479236,0.0011125903022590163,0.00025380443967842133
0.00014682624943632383,0.0,0.0002514495222260683
0.0002936524397016792,0.000938707747825583,0.00026031471601715376
0.0002936524397016792,0.0004915894452290346,0.00027670065981743577
0.0006607180041215203,0.0011520287386953365,0.0002732046778177153
0.0002569459069280825,0.00015183153659875897,0.0002529331202210507
0.0006974245368951171,0.0023195764675787577,0.0002834036112204516
0.000440478689138003,0.0013408184324869485,0.000287321337527548
0.0003670655644198411,0.00024929215305445753,0.0002743949815481774
0.0007708376616132789,0.014813135316355523,0.0003128036851960556
0.00018353278220992054,6.93762090775095e-05,0.0001890356464025221
3.670653277359673e-05,0.0,0.0001667709723075478
7.341312471816191e-05,0.0,0.00017640472552171938
0.00022023931498351727,9.119679657325385e-05,0.00020209473409284355
0.00022023931498351727,3.099811084670987e-05,0.0002178748218576566
3.670653277359673e-05,0.0,0.00014750346587920468
3.670653277359673e-05,0.0,0.00015178513397439203
0.00011011965749175864,0.0,0.00020444965154519664
0.00011011965749175864,0.0,0.00020444965154519664
7.341312471816191e-05,0.0,0.00017940189318835055
0.00011011965749175864,1.1808732972071633e-05,0.00017940189318835055
0.0007708376616132789,0.002119376616560855,0.00026686994987088554
0.00014682624943632383,4.453964410289167e-05,0.00023151621640892352
3.670653277359673e-05,0.0,0.00017940189318835055
7.341312471816191e-05,2.3294086402350312e-05,0.00021215665411653388
0.00014682624943632383,4.017330299580293e-05,0.00021301298773557134
0.00011011965749175864,2.110036566597295e-06,0.00021723257164337848
0.0003670655644198411,0.00022276379303892176,0.0002245713507585296
0.00014682624943632383,1.5350844781233747e-05,0.00021827515782455663
0.00018353278220992054,2.0188805959440127e-05,0.000218341523680032
0.0003670655644198411,0.0001327643973864066,0.00021690288320004906
0.00014682624943632383,2.2798377245217413e-05,0.00021237073752129322
0.0002569459069280825,0.00012450704125657988,0.00022483039167828844
0.00022023931498351727,1.6958716554743678e-05,0.00022637607386065113
0.000513891813856165,0.0006536960828398315,0.00024413643311948827
0.00022023931498351727,5.901066938770203e-05,0.0002234923703985424
3.670653277359673e-05,0.0,0.00021194257071177448
0.00011011965749175864,1.5485636068986634e-05,0.00020808906942610588
0.0005505983466297618,0.0003549243493659582,0.0002239826213954414
7.341312471816191e-05,0.0,0.0001916046472596345
7.341312471816191e-05,0.0,0.0001916046472596345
3.670653277359673e-05,0.0,0.0001916046472596345
7.341312471816191e-05,0.0,0.00016570055528375096
7.341312471816191e-05,0.0,0.00021798614522813148
0.00011011965749175864,9.256413613305312e-05,0.00018132864383118484
7.341312471816191e-05,4.117542092891919e-05,0.0002003820668547686
3.670653277359673e-05,0.0,0.00018132864383118484
0.00040377209719343786,0.0005619981974128161,0.00022692840904493027
0.00014682624943632383,5.023441163083193e-05,0.00021997926172644117
7.341312471816191e-05,0.0,0.00021741026086932874
0.00022023931498351727,7.368827502305517e-05,0.00021887673219193044
0.000440478689138003,0.0024997607986430716,0.00029075523533988833
0.00011011965749175864,0.0,0.0002171233891069512
0.00022023931498351727,0.00022925057145942334,0.00025362246878437585
0.00022023931498351727,5.278080136842527e-06,0.00021754299258027956
0.00022023931498351727,5.278080136842527e-06,0.00021754299258027956
0.00014682624943632383,6.127773332145092e-06,0.00021887673219193044
0.00011011965749175864,0.0,0.00019995390004524984
0.00022023931498351727,1.813107199895537e-05,0.00021279890433081197
0.00018353278220992054,1.4163246863240683e-05,0.0002018806506880842
0.00011011965749175864,0.0,0.00019995390004524984
0.0007708376616132789,0.0007774586338574037,0.00024391378637853852
0.0002936524397016792,0.00015045278012722546,0.0002233532161854488
0.0003303590316462444,0.00013773685098033094,0.0002199343042114417
0.0002936524397016792,0.00047949002931579107,0.0002284783728953881
7.341312471816191e-05,0.0,0.00019502998173578443
0.0002936524397016792,2.1811561560289516e-05,0.00019781306599765618
0.00011011965749175864,3.984753247773054e-05,0.00022450070323495902
3.670653277359673e-05,0.0,0.00022438295736234136
7.341312471816191e-05,7.416180787519636e-05,0.00022443005571138843
0.0003303590316462444,0.0012649252589134095,0.000277094573282193
0.00014682624943632383,1.9964651933243528e-06,0.0002423681041961759
0.00022023931498351727,2.3532646060630478e-05,0.00024570566447637446
0.00018353278220992054,2.2107863295717926e-05,0.00022592221704256123
7.341312471816191e-05,0.0,0.00023763257928289869
0.0002936524397016792,0.003308904829478707,0.0002829925710833136
0.00018353278220992054,2.2107863295717926e-05,0.00022592221704256123
3.670653277359673e-05,0.0,0.00015970621995048864
7.341312471816191e-05,0.0,0.0001607766369742855
0.00011011965749175864,1.6677059549026782e-07,0.00018432581149781601
7.341312471816191e-05,0.0,0.0001877511459739659
0.00014682624943632383,0.0,0.0001928891476881907
0.0003670655644198411,2.349803667898572e-05,0.00020102431706904675
7.341312471816191e-05,0.0,0.0001911764804501158
0.0003670655644198411,0.00014868835918181982,0.00022242409420879315
0.0002569459069280825,8.040279393417247e-05,0.0002275556734208752
0.0003303590316462444,0.0007893476438580572,0.000269186332310382
0.0002936524397016792,0.0004159363854483575,0.000271609756452258
0.0006607180041215203,0.0016089496853911077,0.00026222862165570254
0.0008075442535578441,0.0029740151876509802,0.0002851398276330501
0.0002569459069280825,0.00018585650386641368,0.0002594626640662115
0.0002569459069280825,0.00020509615201732697,0.0002464977730739841
0.00014682624943632383,7.416180787519636e-05,0.0002238670163568713
0.0003303590316462444,0.0005349578696014472,0.000271609756452258
0.00018353278220992054,2.0318576197006206e-05,0.0002240768180935355
7.341312471816191e-05,0.0,0.0002224476433833167
0.00014682624943632383,1.6474185211717116e-05,0.00022291006353759694
0.0007341311288396822,0.0007183493366981753,0.00022921053813966514
7.341312471816191e-05,4.602629337903449e-08,0.00020466373494995598
3.670653277359673e-05,0.0,0.00019374548130722823
0.00018353278220992054,8.424844018200827e-06,0.00019995390004524984
0.000440478689138003,0.0010732027936174483,0.0002563862855398194
0.00011011965749175864,1.566274763688544e-05,0.00019545814854530314
0.000440478689138003,0.00026984570244532473,0.00021932630734192507
0.00011011965749175864,0.0,0.00019824123280717492
0.00011011965749175864,0.0,0.00021344115454509008
0.0003303590316462444,2.4664773328940757e-05,0.00021455438824983877
3.670653277359673e-05,0.0,0.00019203281406915325
3.670653277359673e-05,0.0,0.00019203281406915325
0.00011011965749175864,5.816049799714359e-07,0.00019738489918813746
0.00011011965749175864,0.0,0.00019824123280717492
0.00018353278220992054,3.6058671916531216e-05,0.00022395907222091783
3.670653277359673e-05,0.0,0.00021301298773557134
0.0002936524397016792,9.155442685024967e-05,0.00023734356668647354
0.00014682624943632383,5.102755823712596e-05,0.00022933470651442556
3.670653277359673e-05,0.0,0.00019203281406915325
0.00018353278220992054,4.86764514871551e-05,0.00025495192672793154
0.00014682624943632383,0.00015958577154498655,0.00025056535776441213
0.000440478689138003,0.0021140946510875584,0.0002840437206006821
0.0013214360082430406,0.004946018242886075,0.00028977259251204284
0.00011011965749175864,3.2517277400252934e-07,0.0002385060395743169
3.670653277359673e-05,0.0,0.0001916046472596345
7.341312471816191e-05,0.0,0.0001916046472596345
7.341312471816191e-05,0.0,0.0001916046472596345
7.341312471816191e-05,0.0,0.00019909756642621238
0.0002936524397016792,0.00016957987306978452,0.00022860040043610094
0.0002569459069280825,0.00023228089479597334,0.00026213228412356077
0.00011011965749175864,0.0,0.0002574674067338541
7.341312471816191e-05,0.0,0.00024223109081712992
3.670653277359673e-05,0.0,0.00023855956042550673
0.0006974245368951171,0.003793654169767548,0.00029115128963869315
0.00022023931498351727,3.0117753380623612e-05,0.00024483434501900385
0.0006607180041215203,0.0008160361992843148,0.0002560202029176808
0.0003670655644198411,7.1367832543868e-05,0.00024798351190301413
0.0002936524397016792,0.00012672006912641364,0.00024798351190301413
0.0005505983466297618,0.0008181122242133372,0.0002606636719669115
0.0005873048794033584,0.0011445060100273648,0.00025849286624265153
0.00011011965749175864,0.0,0.00024198489490165662
0.0003303590316462444,9.198223228104673e-05,0.000247351965858974
0.00011011965749175864,4.2439828959888946e-07,0.00024242162504736571
0.0005505983466297618,0.0006978223869184168,0.0002538943547084203
0.00018353278220992054,0.0,0.0002507708778329811
0.00011011965749175864,1.469075600489001e-05,0.00024119278630404698
0.0004771852219115998,0.0006183160895402165,0.000257931967722182
0.0007708376616132789,0.002440415691448284,0.00027013686262751356
0.00022023931498351727,3.787647140737514e-05,0.0002522180816491544
0.0002936524397016792,0.0002496830776761444,0.00025431609901579625
0.00011011965749175864,6.638832556991935e-05,0.0002438581246933011
7.341312471816191e-05,0.0,0.0002392253598143084
3.670653277359673e-05,0.0,0.0002378959018707527
7.341312471816191e-05,0.0,0.00024130196884047426
0.000513891813856165,0.0013996941910380837,0.0002686447012963408
0.0003303590316462444,0.000589637763654217,0.000264365174035201
0.00011011965749175864,0.0,0.0002508886237055987
0.0002569459069280825,0.00036236620326127823,0.0002484437912232468
0.00011011965749175864,0.00017271994221756043,0.00024410860227686953
0.000513891813856165,0.0014507195376221513,0.0002597473949945414
7.341312471816191e-05,0.0,0.0002445538957587691
0.00011011965749175864,0.0,0.00022716818245826077
0.00011011965749175864,0.0,0.00022716818245826077
0.0005505983466297618,0.00033899088343983426,0.00024612954961779804
0.00018353278220992054,0.00014823150338922768,0.0001682695561408634
7.341312471816191e-05,7.416180787519636e-05,0.000149430216522039
0.00014682624943632383,0.0,0.0001682695561408634
0.00014682624943632383,0.0,0.0001682695561408634
0.00022023931498351727,0.0004435897595777722,0.00019267506428343137
0.00014682624943632383,0.0,0.0001682695561408634
3.670653277359673e-05,0.0,0.00013423029478412386
0.0003303590316462444,8.404670155843133e-05,0.00023371485297580226
0.00022023931498351727,2.4985702120047294e-06,0.00023361423377556536
7.341312471816191e-05,0.0,0.00021827515782455663
0.00018353278220992054,0.0002001277033086707,0.00021747662672480416
3.670653277359673e-05,0.0,0.0002149226117060249
0.00022023931498351727,0.00018437619067741137,0.00024179221983737322
0.0005505983466297618,0.0011897178771112184,0.0002573432383590937
0.0002569459069280825,0.00034592465487577536,0.0002529331202210507
0.00022023931498351727,0.0002552409618120873,0.0002584607537319376
0.0002569459069280825,0.0002222092060909079,0.0002016665672833248
0.00014682624943632383,0.0,0.0002016665672833248
0.0006240114713479236,0.000827406188109111,0.00023356285375842307
0.00014682624943632383,0.0,0.0002016665672833248
0.00022023931498351727,0.0001322502777119221,0.00020209473409284355
0.00018353278220992054,0.00015566678209977925,0.00019824123280717492
0.00022023931498351727,6.361646676917573e-05,0.00020209473409284355
7.341312471816191e-05,0.0,0.00018839339618824402
0.00011011965749175864,3.3798601588399665e-05,0.00019888348302145303
7.341312471816191e-05,0.0,0.00019010606342631894
0.00011011965749175864,6.276312733504702e-07,0.00020701865240230904
7.341312471816191e-05,0.0,0.00020680456899754967
0.00011011965749175864,0.0,0.00017512022509316317
0.00011011965749175864,0.0,0.00017512022509316317
0.00011011965749175864,0.0,0.00017512022509316317
0.00011011965749175864,4.076614556428769e-07,0.00019909756642621238
7.341312471816191e-05,0.0,0.00019866939961669366
3.670653277359673e-05,0.0,0.00019866939961669366
0.0002569459069280825,0.00035677914921472634,0.00022212437744213004
0.00022023931498351727,1.5837348679690838e-05,0.00022143502887880486
0.00011011965749175864,0.0,0.00022714463328373725
0.0002936524397016792,0.00036062646914595777,0.0002592442989933569
3.670653277359673e-05,0.0,0.00017255122423605074
3.670653277359673e-05,0.0,0.00017255122423605074
0.00014682624943632383,5.5516138006500584e-05,0.0002548620116979326
7.341312471816191e-05,0.0,0.00023626886799458152
0.0002936524397016792,0.0006895414796722376,0.00027071702865441143
0.00011011965749175864,1.2612399873995167e-07,0.00023655573975695906
0.00018353278220992054,9.071346071836702e-05,0.00022093193287762037
0.00014682624943632383,1.321869168405172e-05,0.00022240054503426963
0.0003303590316462444,0.00023490140479822907,0.00023726435582671257
0.0002569459069280825,0.0001822354300656234,0.00023171745480939736
0.00022023931498351727,0.00015012671073711813,0.00023184162318415778
0.00018353278220992054,0.00014681550746214203,0.00023684475235338418
0.0005873048794033584,0.000839113065491679,0.00025121188964678543
7.341312471816191e-05,0.0,0.00022982709834537212
7.341312471816191e-05,0.0,0.0002569407615581461
7.341312471816191e-05,0.0,0.0002414925030707101
0.0002569459069280825,0.019396914017948724,0.0002938680080450895
0.00022023931498351727,0.000679159442246102,0.00027641592888910584
0.00014682624943632383,0.00038592634554912217,0.00026894869973109905
0.0002936524397016792,0.00020668101064414738,0.00026777124100492254
0.0004771852219115998,0.00044239905339061577,0.00026996559590370604
0.0002936524397016792,0.0004342674028386802,0.00027453627659531856
0.00014682624943632383,1.631757626541443e-05,0.00025700284574552634
0.00018353278220992054,0.00010014412868291722,0.00025697287406886
0.00022023931498351727,0.0005499693750742229,0.0002698992300482306
0.00014682624943632383,0.00031625024827176514,0.0002765936181150561
0.00040377209719343786,0.0014046299431461186,0.00027620184548434644
0.00022023931498351727,6.311418242727438e-05,0.00026996559590370604
0.0008442507863314409,0.005175149026433898,0.00028647570807874853
0.00022023931498351727,1.856168682688078e-05,0.00018432581149781601
7.341312471816191e-05,0.0,0.00019139056385487514
0.0002936524397016792,0.00017100047162620807,0.0002053059851642341
0.0002936524397016792,9.11064176698914e-05,0.0002240061705699649
3.670653277359673e-05,0.0,0.00020616231878327156
0.00011011965749175864,1.0065053745890057e-05,0.00021022990347369956
0.00018353278220992054,2.0405009989507623e-05,0.0002327493368203375
0.00040377209719343786,0.0004987978202906681,0.00024904964725871575
0.000440478689138003,0.0006215902326828615,0.0002480969761075366
7.341312471816191e-05,7.416180787519636e-05,0.00021771854097218227
0.000440478689138003,0.0004490117764866364,0.0002459325928854194
0.0003670655644198411,0.0002858777363685682,0.0002464421113887467
7.341312471816191e-05,0.0,0.0002322697899936765
3.670653277359673e-05,0.0,0.0002266158472739816
0.00011011965749175864,4.238005455290319e-06,0.00019502998173578443
0.00011011965749175864,0.00011852661183765469,0.0002492530264932372
3.670653277359673e-05,0.0,0.0002288187655089555
0.00018353278220992054,0.002235524804744546,0.0002606315594561976
0.0005505983466297618,0.01743122182505437,0.0002729263693915281
0.00011011965749175864,0.00016109997682274983,0.0002446116982780541
0.00011011965749175864,4.291617120915846e-05,0.0002299748158946561
0.00011011965749175864,4.291617120915846e-05,0.0002299748158946561
3.670653277359673e-05,0.0,0.00023402313307865574
7.341312471816191e-05,0.0,0.00023484307251888411
7.341312471816191e-05,0.0,0.0002370545540900484
0.00018353278220992054,8.171041886139295e-05,0.0002471528682925478
0.00011011965749175864,4.806149238808561e-05,0.0002371851449669516
7.341312471816191e-05,2.1498044795649205e-05,0.0002353333235157831
0.0004771852219115998,0.0010652097599153127,0.00026767062180468567
0.0005873048794033584,0.0008855074496689317,0.00026485542503209994
0.00018353278220992054,9.154271106648045e-05,0.0002446673599632915
0.000513891813856165,0.0007057830826663731,0.00025861703461741196
0.0002569459069280825,0.00034687955102737284,0.00024027222766358168
0.00018353278220992054,0.00022228075605606985,0.00024587479036613434
0.00022023931498351727,1.654657201857687e-05,0.00024812694778420294
0.0011011966932595236,0.0019343203126807598,0.00026492179088757537
7.341312471816191e-05,7.416180787519636e-05,0.00021087215368797765
7.341312471816191e-05,4.276972391204335e-05,0.0002294331848806149
3.670653277359673e-05,0.0,0.00022438295736234136
3.670653277359673e-05,0.0,0.00022438295736234136
7.341312471816191e-05,1.7480666676543325e-05,0.00023109233126749997
0.00014682624943632383,0.0,0.00021639978719886456
0.00014682624943632383,0.0,0.00021639978719886456
0.00014682624943632383,0.0,0.00021639978719886456
7.341312471816191e-05,0.0,0.00021923639231192618
3.670653277359673e-05,0.0,0.00021559269276292175
3.670653277359673e-05,0.0,0.00021559269276292175
0.0003670655644198411,0.0006978238812785913,0.00024951420824704363
7.341312471816191e-05,0.0,0.00018946381321204082
3.670653277359673e-05,0.0,0.00021258482092605262
0.00011011965749175864,0.0,0.00022835634535467526
0.00011011965749175864,0.0,0.0002085172362356246
0.00040377209719343786,8.299568816040072e-05,0.0002240768180935355
0.00011011965749175864,8.09345470587178e-06,0.00021258482092605262
3.670653277359673e-05,0.0,0.00020616231878327156
0.000440478689138003,0.00013863209227375667,0.0002267121848061233
0.00022023931498351727,4.292412120528756e-05,0.00021663956061219504
0.00022023931498351727,1.1509980485956809e-05,0.00022291006353759694
0.00014682624943632383,0.0,0.00022395907222091783
0.000440478689138003,0.0003078491944675446,0.00023676554149362322
0.00014682624943632383,3.066427078369441e-08,0.00017597655871220066
0.00018353278220992054,8.099468011214547e-05,0.00018325539447401916
3.670653277359673e-05,0.0,0.00022384346718234776
0.0003303590316462444,0.0007359961762261389,0.00026149217474333026
0.0002569459069280825,0.00021146953838777654,0.00022577878116137245
0.00014682624943632383,0.0,0.0001916046472596345
0.00014682624943632383,0.0,0.0001916046472596345
0.00014682624943632383,0.0,0.0001916046472596345
0.0002569459069280825,0.00023405003791953087,0.00021941622237192407
7.341312471816191e-05,5.521320131189675e-05,0.00021845284705050686
0.00011011965749175864,0.0,0.0002186091279359812
0.00018353278220992054,3.6522162668298796e-06,0.00022015909178643904
0.00018353278220992054,9.562010269020004e-05,0.00022714463328373725
0.00011011965749175864,1.9335944720567316e-05,0.00021894309804740584
0.0002936524397016792,2.607509068736275e-05,0.00023374054298437336
0.0002936524397016792,6.408181052755986e-05,0.00022106894625666636
3.670653277359673e-05,0.0,0.0001928891476881907
3.670653277359673e-05,0.0,0.0001928891476881907
7.341312471816191e-05,0.0,0.00021838648119503149
0.0002569459069280825,0.0004881864284649283,0.00025595811873030063
0.00018353278220992054,1.0759393257436633e-06,0.0002188553238514545
0.00014682624943632383,0.0,0.0002186091279359812
0.00018353278220992054,1.2525906307086772e-05,0.00021758580926123144
3.670653277359673e-05,0.0,0.00021466357078626607
0.0009543704438231996,0.0007247185388601358,0.00024027222766358168
0.00014682624943632383,1.7177909305160456e-05,0.00021672733480814638
0.00014682624943632383,0.0,0.0002085172362356246
0.00014682624943632383,0.0,0.0002085172362356246
0.00018353278220992054,7.416180787519636e-05,0.0002085172362356246
0.00011011965749175864,4.298365651464538e-05,0.00020915948644990273
7.341312471816191e-05,0.0,0.00021130032049749642
0.0011379032260331202,0.0021562651963439768,0.00026248552174141376
3.670653277359673e-05,0.0,0.00016120480378380424
3.670653277359673e-05,0.0,0.00018197089404546298
3.670653277359673e-05,0.0,0.0001916046472596345
0.00014682624943632383,8.401968352647377e-05,0.00023458617243317286
7.341312471816191e-05,7.416180787519636e-05,0.00023363992378413646
0.0006607180041215203,0.000716927482879205,0.000264823312521386
0.0002936524397016792,0.00020310016501925852,0.0002464977730739841
3.670653277359673e-05,0.0,0.00023358854376699426
0.00014682624943632383,0.00011925508253559013,0.0002494264340510923
3.670653277359673e-05,0.0,0.000180258226807388
0.00011011965749175864,7.797093196036387e-06,0.00021563550944387358
0.0008442507863314409,0.0010680379262074367,0.0002544980699098417
0.00011011965749175864,0.0,0.00021851921290598226
0.0009910770357677648,0.0009067850464516174,0.0002443869107030567
0.00014682624943632383,4.261915218084622e-07,0.00022656660809088696
0.0006240114713479236,0.0004040881415932682,0.00023655573975695906
0.0002569459069280825,2.1062169819909053e-05,0.00022818507863086774
0.00011011965749175864,0.0,0.00021718975496242662
0.00011011965749175864,6.046061717795559e-06,0.00019374548130722823
0.00018353278220992054,9.89218616088724e-06,0.00020766090261658713
7.341312471816191e-05,0.0,0.00019631448216434063
0.0002569459069280825,6.945523084354467e-05,0.00021878681716193147
0.0003303590316462444,0.0003267277454258569,0.0002239826213954414
0.00018353278220992054,0.00013192863162793172,0.00024261430011164915
3.670653277359673e-05,0.0,0.0001916046472596345
0.00014682624943632383,1.5754202479573647e-05,0.00020466373494995598
0.00011011965749175864,7.045101268952043e-05,0.0002167722923231458
0.00011011965749175864,3.0664270783694408e-06,0.0001958863153548219
7.341312471816191e-05,0.0,0.0001916046472596345
0.0002569459069280825,7.776686213491447e-05,0.000220386020195484
0.00014682624943632383,0.0002499673049813617,0.00024621518297970174
0.0003303590316462444,0.00027234409333410856,0.00024483434501900385
0.0002569459069280825,0.00012201749698003,0.00024615738046041675
0.00018353278220992054,1.6759428681853158e-05,0.0002427791443333139
0.00011011965749175864,1.3111037977070368e-05,0.00024143898221952025
0.00018353278220992054,5.568930446353833e-05,0.0002493108290125222
0.0006974245368951171,0.0015313240701799004,0.00026979647001394616
0.0002936524397016792,0.00015644964750807173,0.00024858722710443556
0.0002569459069280825,6.76304975214904e-05,0.00025455801326317436
3.670653277359673e-05,0.0,0.00023882502384740836
0.00022023931498351727,0.00016194088318022547,0.0002583665570338435
0.0003303590316462444,0.000676234202317033,0.0002610447404273832
0.0007341311288396822,0.002197385565044062,0.00026657023310422244
0.00022023931498351727,0.00014408190428186928,0.00024360978794378026
0.0002569459069280825,8.180916618173342e-05,0.00023292702604628778
3.670653277359673e-05,0.0,0.0002208184686730979
0.00018353278220992054,3.3606307321126483e-05,0.00023800294357313238
3.670653277359673e-05,0.0,0.0002208184686730979
7.341312471816191e-05,0.0,0.0002275556734208752
0.00014682624943632383,3.5160621225977177e-05,0.00023356285375842307
0.0008075442535578441,0.0006619907979740244,0.000257931967722182
0.00018353278220992054,1.2328949636068696e-05,0.00024749540174016276
0.00011011965749175864,5.612816815962778e-06,0.00023818705530122546
0.00011011965749175864,0.00014827752968260669,0.00020787498602134653
3.670653277359673e-05,0.0,0.0002050919017594747
0.00014682624943632383,3.156913575664483e-05,0.00022707184492611906
3.670653277359673e-05,0.0,0.00018860747959300336
0.00014682624943632383,2.4569074503356556e-05,0.0002218011115009434
0.0002936524397016792,0.00013298078073969505,0.00022721742164135542
3.670653277359673e-05,0.0,0.0001911764804501158
0.0002569459069280825,6.349942848029761e-05,0.00022850192206991165
0.00011011965749175864,0.0,0.00021108623709273702
0.0005505983466297618,0.0004514608534896569,0.00022782113684277684
3.670653277359673e-05,0.0,0.00019866939961669366
3.670653277359673e-05,0.0,0.00022286510602259745
0.00018353278220992054,1.2825973830155282e-05,0.00021907797059240422
0.0002936524397016792,0.0001324085603416204,0.00023300409607200114
0.00018353278220992054,1.7215029211898612e-06,0.0002164854205607683
3.670653277359673e-05,0.0,0.00020466373494995598
0.0002936524397016792,2.953824050489668e-05,0.00021840788953550743
0.00018353278220992054,8.333197897410261e-05,0.00021653037807576778
0.00011011965749175864,0.0,0.0002038074013309185
7.341312471816191e-05,2.008420074721505e-06,0.00020423556814043724
0.00011011965749175864,0.0,0.00021666096895267095
0.00018353278220992054,1.5638837874091135e-05,0.00021952754574239893
0.00014682624943632383,2.5481112405145263e-05,0.000220386020195484
0.0003303590316462444,6.761262497380166e-05,0.00023911831811192872
0.00014682624943632383,1.297104631590972e-06,0.00021982084000691924
0.0005873048794033584,0.0005127154541156043,0.00024116709629547586
0.000440478689138003,0.00013443317928063503,0.00022906496142442874
0.0002569459069280825,2.7883983791565794e-05,0.0002361382771176783
0.0002936524397016792,2.002442634022929e-06,0.0002306192069429818
0.0004771852219115998,5.003434669065059e-05,0.00023161683560916045
0.00018353278220992054,0.0,0.0002217326048114204
0.0013214360082430406,0.0019530589317523182,0.0002592742706700232
0.0003670655644198411,3.805071380373863e-05,0.00023144128721725774
0.0003303590316462444,2.466088799248668e-05,0.0002319936224015369
0.00018353278220992054,6.957740973142356e-06,0.00022253969924736325
0.0003303590316462444,0.00011927528628515132,0.0002245478015840061
7.341312471816191e-05,0.0,0.0002117284873070151
0.00022023931498351727,1.14185256432686e-05,0.00022323547031283117
0.00014682624943632383,3.670148588925607e-06,0.0002217326048114204
0.0011011966932595236,0.0010142799328336082,0.00024086737952881272
0.00014682624943632383,7.888876797963019e-05,0.0002318673131927289
0.00014682624943632383,5.539682829015701e-05,0.00021561410110339764
7.341312471816191e-05,0.0,0.00019267506428343137
0.0002936524397016792,0.00011227432841575825,0.000208731319640384
7.341312471816191e-05,0.0,0.00022006917675644012
0.0006240114713479236,0.0008097299395729104,0.0002537444963250887
7.341312471816191e-05,0.0,0.000192460980878672
0.00022023931498351727,7.588659838877043e-05,0.00021544069354554257
0.0002569459069280825,0.00010459224117876247,0.00021646401222029236
0.00011011965749175864,0.0,0.00019310323109295008
7.341312471816191e-05,0.0,0.00019310323109295008
0.00011011965749175864,4.967253220516579e-06,0.00020808906942610588
3.670653277359673e-05,0.0,0.00019717081578337812
0.0003303590316462444,0.00015300861422112255,0.00023154190641749465
0.00018353278220992054,2.5366345543732605e-05,0.0002291869889651416
0.0002569459069280825,0.00012114030755751401,0.00022120595963571235
0.00014682624943632383,5.248952068318366e-05,0.0002340723722617504
3.670653277359673e-05,0.0,0.00018625256214065033
7.341312471816191e-05,0.0,0.00022330611783640176
0.0003303590316462444,5.87480206434066e-05,0.00023962783661525598
0.0003303590316462444,0.00018245013973551628,0.0002488762397008607
0.0006607180041215203,0.0013001659778447477,0.0002641039922813946
0.0002936524397016792,0.00024062898847560448,0.0002273844066970677
0.00022023931498351727,9.98704814477364e-06,0.00023432927234746164
0.0010277835685413616,0.0030672024719768597,0.00026492179088757537
0.00018353278220992054,0.0,0.0002343035823388905
0.00014682624943632383,0.0,0.00022203232157808354
0.000513891813856165,0.00031897542326065286,0.00023829409700360513
0.0007708376616132789,0.000583212014903248,0.00024672470148302903
0.00022023931498351727,0.00023498018746663624,0.000236714161476481
0.00018353278220992054,0.0,0.00022637607386065113
0.0005505983466297618,0.00036829444962290485,0.00022992557671156142
0.0006240114713479236,0.0005171547797736227,0.00024910744977800085
0.0003303590316462444,0.0001903523163390336,0.00023229548000224762
0.00018353278220992054,4.710181428392925e-05,0.00024562217194851833
0.00018353278220992054,9.670124238935145e-06,0.0002239826213954414
0.00018353278220992054,9.670124238935145e-06,0.0002239826213954414
0.00018353278220992054,0.00010613573591594874,0.00022175615398594393
0.00014682624943632383,3.8264168211084776e-05,0.00021914647728192726
0.0003303590316462444,7.441650662336267e-05,0.00022589866786803774
3.670653277359673e-05,0.0,0.00019395956471198757
7.341312471816191e-05,2.4089086015260906e-06,0.00020680456899754967
0.00011011965749175864,3.0365398748765614e-06,0.00020552006856899344
7.341312471816191e-05,0.0,0.00021410481309984414
3.670653277359673e-05,0.0,0.00019738489918813746
3.670653277359673e-05,0.0,0.00021365523794984945
0.00011011965749175864,0.0,0.0002166845181271945
0.00018353278220992054,3.299547265613901e-06,0.00022666294562302867
0.0009910770357677648,0.0009323629336216726,0.00022985064751989562
3.670653277359673e-05,0.0,0.00021791977937265608
0.0002569459069280825,9.255212147724896e-05,0.00023239609920248455
3.670653277359673e-05,0.0,0.00019738489918813746
0.00014682624943632383,2.2746911480802675e-05,0.0002167722923231458
3.670653277359673e-05,0.0,0.00017961597659310992
3.670653277359673e-05,0.0,0.00017961597659310992
0.0002569459069280825,7.713905153834305e-05,0.00021322707114033068
3.670653277359673e-05,0.0,0.00020102431706904675
0.00011011965749175864,3.399549848501076e-05,0.00023164252561773155
0.00011011965749175864,7.484473047500866e-06,0.0002226103467709338
0.00022023931498351727,5.1073763853725955e-05,0.00023946727406168645
0.0002569459069280825,0.00014118159028051326,0.00021771854097218227
0.0008442507863314409,0.0008626931724314561,0.00023037087019346094
0.0004771852219115998,0.00024620594064737585,0.00022045452688500698
0.0003670655644198411,0.00041575126410992253,0.0002462708446649392
0.0002569459069280825,5.812403560888226e-05,0.00021681510900409772
0.0002569459069280825,0.00011763806527781138,0.00021509387842983237
0.0002936524397016792,0.00012214266458825817,0.00022852547124443514
0.00014682624943632383,0.0,0.00021044398687845893
7.341312471816191e-05,0.0,0.00020680456899754967
0.00018353278220992054,2.9648105864936504e-06,0.0002098017366641808
0.00011011965749175864,9.205258675806898e-07,0.00021322707114033068
0.0002569459069280825,6.773552115456438e-05,0.00020766090261658713
7.341312471816191e-05,0.0,0.00020787498602134653
7.341312471816191e-05,0.0,0.00021108623709273702
3.670653277359673e-05,0.0,0.00017640472552171938
7.341312471816191e-05,7.416180787519636e-05,0.00020359331792615913
0.0002569459069280825,7.105915750619355e-05,0.0002288187655089555
0.00014682624943632383,1.9857954616773952e-05,0.00021464216244579013
0.00011011965749175864,0.0,0.0002393859223678779
0.00014682624943632383,1.297104631590972e-06,0.00021725612081790202
7.341312471816191e-05,0.0,0.00023936023235930678
3.670653277359673e-05,0.0,0.00019931164983097178
7.341312471816191e-05,0.0,0.00022358656709663653
3.670653277359673e-05,0.0,0.0002164854205607683
0.0003303590316462444,0.00022979314375163302,0.00022412391644258256
3.670653277359673e-05,0.0,0.0001871088957596878
3.670653277359673e-05,0.0,0.00021130032049749642
7.341312471816191e-05,0.0,0.00022342172287497184
0.0002569459069280825,5.369248062377206e-05,0.00022161914060689794
0.0002569459069280825,0.00010154834905182667,0.00022221643330617657
0.0004771852219115998,0.00011852595431917783,0.0002285747104275298
3.670653277359673e-05,0.0,0.00019032014683107834
0.0002936524397016792,0.0001842837794442114,0.0002435819571011615
7.341312471816191e-05,0.0,0.00020680456899754967
0.00022023931498351727,1.398936311331911e-05,0.00022321192113830763
0.0007341311288396822,0.0006679468394348993,0.00025595811873030063
0.00011011965749175864,3.7060132331170627e-06,0.00020616231878327156
0.0008809573191050376,0.0024147140114813615,0.00026133161218976075
0.00018353278220992054,0.0,0.00022316696362330817
0.00018353278220992054,0.0,0.00022316696362330817
0.00018353278220992054,4.24996033668747e-06,0.00022367862296068306
0.00014682624943632383,2.313269550348876e-06,0.00021568046695887307
0.0005873048794033584,0.0004636087464469657,0.00024410860227686953
0.0005505983466297618,0.00020202129674757254,0.00023684475235338418
0.00011011965749175864,1.966494305661694e-05,0.00023069413613464754
7.341312471816191e-05,0.0,0.00020359331792615913
0.0003670655644198411,0.0002532823338183849,0.0002498931358734677
0.00022023931498351727,1.560112022328312e-06,0.0002393067115081169
7.341312471816191e-05,0.0,0.00022860040043610094
0.0002569459069280825,0.0,0.00022424166231520018
0.0002569459069280825,0.0,0.00022424166231520018
0.000440478689138003,0.00013163053666029374,0.00023292702604628778
0.00040377209719343786,2.9430706346729297e-05,0.0002331817852979514
0.000440478689138003,2.8443292917731542e-05,0.0002331560952893803
0.0002569459069280825,0.0,0.00022424166231520018
0.0003303590316462444,0.00010589651873919174,0.00022699905656850086
0.00040377209719343786,0.0003864236088408367,0.00022009272593096364
0.00022023931498351727,7.098748799221763e-05,0.00023032163101036624
0.00014682624943632383,0.0,0.00021130032049749642
0.0003303590316462444,0.0003017589594629866,0.00023206855159320271
0.00014682624943632383,0.0,0.00021130032049749642
0.00011011965749175864,0.0,0.00020808906942610588
3.670653277359673e-05,0.0,0.0002038074013309185
0.0003303590316462444,3.670997385504805e-05,0.0002321434807848685
0.0002569459069280825,2.788093529680952e-05,0.00023206855159320271
0.00040377209719343786,5.468945795788754e-05,0.000208731319640384
0.0002569459069280825,6.927991250785544e-05,0.00021087215368797765
0.00014682624943632383,0.0,0.00020830315283086525
0.0002569459069280825,0.00012977400335372304,0.00023204286158463156
0.00011011965749175864,0.0,0.00019759898259289683
0.00022023931498351727,0.00012459789835519823,0.00020444965154519664
0.00014682624943632383,1.2492851060023647e-07,0.00019610039875958126
0.00040377209719343786,0.00026830932086256974,0.00019781306599765618
0.00014682624943632383,1.2492851060023647e-07,0.00019610039875958126
0.00018353278220992054,0.0,0.00020295106771188104
0.00018353278220992054,0.0,0.00020295106771188104
0.00018353278220992054,0.0,0.00020295106771188104
7.341312471816191e-05,2.3203348852545932e-05,0.00022309631609973758
0.0002936524397016792,0.00013375725028644007,0.0002235394687475895
3.670653277359673e-05,0.0,0.0002100158200689402
0.00011011965749175864,0.00012111962561269693,0.00023397175306151348
0.00014682624943632383,6.303539975886716e-05,0.00021666096895267095
0.00018353278220992054,5.923643732288725e-06,0.00024570566447637446
0.00022023931498351727,8.001581442334667e-06,0.00024723850165445153
0.00014682624943632383,0.0,0.0002471806991351665
0.0012113163507512822,0.002487596766595877,0.0002710595621020264
0.00040377209719343786,0.0004504566434522961,0.00026261397178426935
0.00022023931498351727,0.00011195106842277927,0.00023949296407025758
0.0003670655644198411,0.00017801051520546297,0.00024154816475594753
0.00022023931498351727,4.569095895584438e-05,0.0002496298132856137
7.341312471816191e-05,0.0,0.00020273698430712167
3.670653277359673e-05,0.0,0.0001871088957596878
0.00018353278220992054,2.20567561777451e-06,0.00020402148473567787
0.0011011966932595236,0.0017189345942449045,0.00023574864532101622
0.000440478689138003,0.0001969232571245711,0.0002304457993851267
0.00018353278220992054,7.35643626773737e-06,0.00021550491856697036
0.00018353278220992054,0.00018669328578980736,0.0002554700085674492
0.00022023931498351727,5.810072359015782e-06,0.00020680456899754967
0.0002569459069280825,1.188901000065351e-05,0.00020787498602134653
0.00022023931498351727,5.810072359015782e-06,0.00020680456899754967
0.00022023931498351727,1.1282538867375998e-05,0.00020787498602134653
0.0003303590316462444,3.638480108104552e-05,0.00023497152256173973
0.000513891813856165,0.0007467977702149076,0.0002554700085674492
0.0002569459069280825,9.889591951624058e-05,0.00023554098441839967
0.0005505983466297618,0.0005807416582113404,0.00023297840606343
0.0004771852219115998,0.00035973230379185775,0.0002420940774380839
0.00022023931498351727,2.84514222370816e-05,0.00020894540304514333
7.341312471816191e-05,0.0,0.00020744681921182776
0.000513891813856165,0.000153934400236518,0.00023007329426084536
7.341312471816191e-05,0.0,0.0002203410626804845
0.0002569459069280825,6.900291790588344e-05,0.0002372900458352837
0.000440478689138003,0.0009987800106813522,0.0002551959818093573
0.00014682624943632383,0.0,0.0002349458325531686
0.0002936524397016792,8.50835484220063e-05,0.00025041978104917574
0.00022023931498351727,0.00022524789784443593,0.00023710593410719065
3.670653277359673e-05,0.0,0.00022088697536262088
0.0006974245368951171,0.001922944824610521,0.00027188592404439756
0.00022023931498351727,0.00015952533961952395,0.0002244771540604355
0.00040377209719343786,0.0005116156648014734,0.0002400303134162036
0.00011011965749175864,0.0,0.0002316660747922551
7.341312471816191e-05,0.0,0.00022141147970428137
0.00014682624943632383,3.1576547783111064e-05,0.00022198522322903645
0.0003303590316462444,7.521820096985568e-05,0.00023034518018488979
0.0003303590316462444,0.00025540767263317055,0.0002227024026349803
0.00022023931498351727,1.8895048694640362e-05,0.00022272595180950386
0.00022023931498351727,0.00019020270099834826,0.0002223084891702231
0.00022023931498351727,0.0002566464972179504,0.0002507708778329811
3.670653277359673e-05,0.0,0.00022088697536262088
0.00040377209719343786,0.0008398051933501669,0.00023970918830906455
3.670653277359673e-05,0.0,0.00022426521148972373
0.00014682624943632383,1.7250953630497054e-05,0.00022987633752846677
7.341312471816191e-05,0.0,0.0002271917316327843
0.0002936524397016792,0.00020594231852261735,0.00024261430011164915
0.0002569459069280825,0.00011215848561501985,0.0002375276784145666
0.0003303590316462444,0.0002792435542604398,0.00023731573584385483
3.670653277359673e-05,0.0,0.00022426521148972373
0.00014682624943632383,9.689807951155556e-05,0.00022948242406370956
7.341312471816191e-05,0.0,0.0001774751425455162
0.00014682624943632383,5.290035018239678e-06,0.0001787596429740724
0.00022023931498351727,7.421524619504163e-05,0.00022277090932450335
0.00022023931498351727,5.095421503975444e-05,0.00022066004695357597
0.0003303590316462444,0.0002291003583746681,0.00022765201095301693
0.00018353278220992054,0.00012605639388565075,0.00022152708474285142
0.00040377209719343786,0.00015051829287728185,0.00023489445253602634
0.00018353278220992054,0.0,0.0002254940502330425
0.0006240114713479236,0.000739752937930787,0.0002321434807848685
0.0007341311288396822,0.0011342929548497779,0.0002388528546900271
0.00022023931498351727,2.1688366507491866e-05,0.0002329527160548589
0.00018353278220992054,7.740905253469772e-06,0.00022395907222091783
0.00011011965749175864,0.0,0.00021943763071239996
0.0003303590316462444,0.0002010464359440418,0.00023297840606343
0.000440478689138003,0.00012173356854684763,0.00023936023235930678
0.0002569459069280825,8.21210690373851e-06,0.0002322440999851054
3.670653277359673e-05,0.0,0.00020402148473567787
0.0003303590316462444,3.0252186021934582e-05,0.00021237073752129322
0.00014682624943632383,0.0,0.0002072327358070684
0.0007341311288396822,0.00021439794636041588,0.00022635252468612756
3.670653277359673e-05,0.0,0.00019545814854530314
0.00014682624943632383,0.0,0.00020295106771188104
7.341312471816191e-05,0.00014823150338922768,0.00020766090261658713
0.00014682624943632383,0.0,0.00023189300320130003
0.00014682624943632383,2.384998838731787e-06,0.00022589866786803774
3.670653277359673e-05,0.0,0.00022088697536262088
0.0002569459069280825,1.1297183597087507e-05,0.0002276263209444458
0.0002569459069280825,1.8913339663178003e-05,0.00022741009670563882
0.00018353278220992054,0.0,0.0002271210841092137
0.00018353278220992054,0.0,0.0002271210841092137
0.0003303590316462444,5.448138324717011e-05,0.00023079261450083686
0.00011011965749175864,9.813523041293982e-06,0.00022323547031283117
0.00011011965749175864,0.0,0.00019866939961669366
0.00011011965749175864,0.0,0.00019866939961669366
0.0003303590316462444,8.349313077533622e-05,0.00021930275816740158
7.341312471816191e-05,0.0,0.0002072327358070684
0.000513891813856165,0.00034326553060660687,0.00023219486080201075
0.00014682624943632383,1.3269918350838514e-07,0.00021948258822739944
0.0005873048794033584,0.00042800782693913153,0.0002311415704505946
0.00014682624943632383,1.3269918350838514e-07,0.00021948258822739944
0.00014682624943632383,5.475335679895532e-07,0.000219506137401923
0.0003670655644198411,0.00012884337561136177,0.00022281800767355041
0.00018353278220992054,4.656426304190632e-06,0.00022113745294618937
0.00011011965749175864,0.0,0.00021825160865003308
0.0010277835685413616,0.001204913248659882,0.00022428876066424723
0.00011011965749175864,0.0,0.00021825160865003308
0.00011011965749175864,1.5552822502438628e-05,0.00022309631609973758
0.00014682624943632383,7.785975156337035e-06,0.00022692840904493027
0.0002936524397016792,4.979997124085943e-05,0.00021550491856697036
0.0003303590316462444,0.00013294479654668963,0.00022483039167828844
0.00011011965749175864,0.0,0.0002230492177506905
0.000513891813856165,0.00025223693921461095,0.0002316917648008262
0.0003670655644198411,0.0003075290427437289,0.00024035357935739025
0.00014682624943632383,1.159623495523726e-06,0.00023019746263560584
3.670653277359673e-05,0.0,0.0001890356464025221
0.00014682624943632383,5.786162596221479e-06,0.00020230881749760295
0.00011011965749175864,0.0,0.00018946381321204082
0.00018353278220992054,0.0,0.00019973981664049052
0.0004771852219115998,0.00021289593506167775,0.00021449016322841097
0.0002569459069280825,7.292477652262607e-07,0.00020102431706904675
0.0003303590316462444,3.897291335471492e-06,0.0002018806506880842
0.00018353278220992054,0.0,0.00019973981664049052
0.00014682624943632383,1.016368151741656e-05,0.00021087215368797765
7.341312471816191e-05,0.0,0.00019866939961669366
0.00022023931498351727,1.787254768874196e-06,0.00020102431706904675
0.0002569459069280825,6.859746810329904e-05,0.00020680456899754967
0.00014682624943632383,7.416180787519636e-05,0.00019845531621193432
0.00011011965749175864,0.0,0.00019973981664049052
7.341312471816191e-05,0.0,0.00021301298773557134
0.00014682624943632383,5.2205711798815276e-05,0.00019502998173578443
7.341312471816191e-05,0.0,0.0001723371408312914
7.341312471816191e-05,0.0,0.00017212305742653203
7.341312471816191e-05,0.0,0.00017212305742653203
0.00011011965749175864,0.0,0.00024322229698116576
0.00011011965749175864,0.0,0.00024322229698116576
7.341312471816191e-05,0.0,0.0002260399629151789
0.00011011965749175864,0.0,0.00022613630044732063
0.00011011965749175864,0.0,0.00022613630044732063
0.0003303590316462444,0.00011980727850732458,0.0002318673131927289
0.0002569459069280825,0.00013405958923697403,0.00022852547124443514
0.000440478689138003,0.00017333466221900197,0.00022889369470062125
0.00014682624943632383,1.159623495523726e-06,0.00022690271903635914
0.00018353278220992054,0.00011066944536259761,0.00024244945588998448
0.0003670655644198411,0.0001060057863551617,0.00022835634535467526
7.341312471816191e-05,0.0,0.0002252564176537596
0.00022023931498351727,8.343216088021073e-05,0.000225802330335896
0.00014682624943632383,5.176463644966736e-07,0.00022675928315517036
0.00018353278220992054,6.850924107858804e-06,0.00024517045596447604
0.00022023931498351727,9.053001306332772e-05,0.00023007329426084536
0.00022023931498351727,2.256370292339132e-05,0.00024100439290785874
0.0003303590316462444,0.001658409719579439,0.00025774571516004135
0.00022023931498351727,7.874919473931844e-05,0.0002458191286808969
0.0003303590316462444,9.474267417005608e-05,0.00024410860227686953
0.0002936524397016792,0.00022213424898454774,0.0002425329484178406
0.0002569459069280825,0.00033017517457435355,0.00024092304121405017
0.0003303590316462444,0.002117527017085495,0.00025936846736811735
0.00014682624943632383,0.0,0.0002003820668547686
0.0002936524397016792,1.9701764091320163e-05,0.0002003820668547686
0.0003303590316462444,1.539543648884512e-05,0.00020894540304514333
0.00014682624943632383,0.0,0.0002003820668547686
0.00011011965749175864,0.0,0.0002003820668547686
0.00014682624943632383,0.0,0.0002003820668547686
0.00014682624943632383,0.0,0.0002003820668547686
0.00014682624943632383,0.0,0.0002003820668547686
0.0003670655644198411,0.00017592707824997436,0.00020123840047380607
0.00014682624943632383,7.68878197057819e-06,0.0002003820668547686
0.00011011965749175864,9.187224737219294e-05,0.0002003820668547686
0.0003303590316462444,2.9235064712664904e-05,0.00020915948644990273
0.00011011965749175864,5.486262441492528e-05,0.0002003820668547686
0.00018353278220992054,6.360200136268517e-05,0.00020102431706904675
0.0002569459069280825,0.00019749386361365718,0.00021365523794984945
0.00014682624943632383,5.559994172509462e-05,0.0002003820668547686
7.341312471816191e-05,7.416180787519636e-05,0.00020016798345000924
0.00011011965749175864,0.0,0.0002016665672833248
0.00040377209719343786,0.00021054662154391642,0.00023463755245031512
7.341312471816191e-05,7.416180787519636e-05,0.00017961597659310992
0.00022023931498351727,1.6437961921083745e-06,0.00019353139790246883
0.0002936524397016792,3.016240486264197e-05,0.0002117284873070151
0.00022023931498351727,8.213601263913155e-06,0.0002085172362356246
0.00022023931498351727,8.213601263913155e-06,0.0002085172362356246
0.00014682624943632383,0.0,0.000192460980878672
7.341312471816191e-05,0.0,0.00019610039875958126
7.341312471816191e-05,0.0,0.00019610039875958126
0.00022023931498351727,2.247517702664541e-06,0.00019781306599765618
0.00022023931498351727,8.373677125821018e-05,0.0002018806506880842
0.00018353278220992054,4.518945168123386e-06,0.0002053059851642341
0.0002569459069280825,4.260779504351893e-05,0.00021596305705315542
0.00022023931498351727,7.113154431305329e-07,0.00017426389147412572
0.00022023931498351727,1.128110428160834e-05,0.00020487781835471536
0.0003303590316462444,2.5325519623761332e-05,0.00021626705548791374
0.00040377209719343786,1.580178290753431e-05,0.00020937356985466208
7.341312471816191e-05,0.0,0.00020081023366428735
0.00022023931498351727,0.00011545546258113338,0.00019781306599765618
0.00011011965749175864,0.0,0.0001958863153548219
0.00011011965749175864,0.0,0.0001958863153548219
0.0002569459069280825,9.95716094128076e-06,0.00020402148473567787
0.00018353278220992054,3.8478519234535705e-05,0.00019759898259289683
7.341312471816191e-05,0.0,0.00019674264897385935
0.00022023931498351727,4.071611438564061e-05,0.0002148134291695976
0.0003670655644198411,0.00029563028951473674,0.00021653037807576778
0.00014682624943632383,0.00025516821635878555,0.0002325973376029583
0.00018353278220992054,7.6505442824294e-05,0.00021419044646174787
0.00022023931498351727,0.00014823150338922768,0.0002106580702832183
7.341312471816191e-05,0.0,0.00019610039875958126
7.341312471816191e-05,0.0,0.0001864666455454097
3.670653277359673e-05,0.0,0.00020766090261658713
0.00011011965749175864,2.3969537201289387e-06,0.0002053059851642341
0.0002936524397016792,0.0003718716490089676,0.00022774834848515865
0.0003670655644198411,0.0011313354367409366,0.0002516850139713036
7.341312471816191e-05,0.0,0.00018175681064070358
7.341312471816191e-05,0.0,0.00018175681064070358
0.00011011965749175864,1.8809810390278665e-05,0.00020402148473567787
3.670653277359673e-05,0.0,0.00015820763611717307
7.341312471816191e-05,0.0,0.00022869673796824263
7.341312471816191e-05,0.0,0.00022869673796824263
0.00018353278220992054,0.0011469498268825704,0.0002604731377366757
0.0002936524397016792,0.00015905162744416182,0.0002446951908059102
0.0003303590316462444,0.00015895574929535665,0.00023684475235338418
7.341312471816191e-05,0.0,0.00022577878116137245
0.00011011965749175864,5.9805489677391676e-06,0.00022611275127279708
7.341312471816191e-05,0.0,0.0002263032855030329
0.0005505983466297618,0.0005097181860261175,0.0002482982145080104
0.00018353278220992054,0.00020519651324665608,0.00023655573975695906
0.00011011965749175864,0.0,0.000234406342373175
3.670653277359673e-05,0.0,0.00021631201300291317
0.00022023931498351727,1.792939314978542e-05,0.00022419456396615312
0.00014682624943632383,0.0,0.0002283071061715806
0.0003670655644198411,0.0001205123176377216,0.00023981623001144425
0.00014682624943632383,0.0,0.0002283071061715806
0.0002936524397016792,0.00039590968768066264,0.00023106664125892886
0.00014682624943632383,4.0330390137361505e-05,0.00022618339879636767
0.0002569459069280825,0.00010107911995698845,0.00022923622814823624
0.00011011965749175864,1.625409584519555e-05,0.00022228493999569958
0.00022023931498351727,0.00013509661542376996,0.0002349201425445975
0.00040377209719343786,0.0002965340785483614,0.00022958090242989885
0.00014682624943632383,3.49061615754388e-05,0.00022518577013018904
0.00011011965749175864,0.0,0.00022256324842188674
0.00018353278220992054,0.00014823150338922768,0.00020958765325942145
0.00011011965749175864,0.0,0.00020958765325942145
0.00018353278220992054,1.3383967919367342e-05,0.00022155063391737494
0.0002936524397016792,6.529642647751047e-05,0.00023151621640892352
0.00018353278220992054,9.685187389495557e-06,0.00021823020030955714
0.0002936524397016792,0.00023391076355125403,0.0002329527160548589
3.670653277359673e-05,0.0,0.0002140834047593682
0.0003670655644198411,2.4986837833780023e-05,0.00020337923452139978
0.00014682624943632383,1.438686291977441e-05,0.00020744681921182776
0.00022023931498351727,2.5560731915250293e-05,0.00019845531621193432
0.00014682624943632383,3.215863095833838e-06,0.00017811739275979435
0.0003670655644198411,0.00012108830382343638,0.00020016798345000924
7.341312471816191e-05,0.0,0.0001811145604264255
7.341312471816191e-05,0.0,0.0001811145604264255
0.0002569459069280825,4.1195325806445436e-05,0.00022523286847923608
0.00014682624943632383,0.0,0.00020958765325942145
0.00018353278220992054,1.100990779711395e-05,0.0002117284873070151
0.0003303590316462444,0.0004083741458973681,0.00023371485297580226
3.670653277359673e-05,0.0,0.00019631448216434063
0.00018353278220992054,7.638033499047282e-05,0.00022867318879371914
0.00014682624943632383,2.220583354876758e-05,0.00022319051279783171
3.670653277359673e-05,0.0,0.00019866939961669366
7.341312471816191e-05,0.0,0.00021589669119768005
0.00040377209719343786,0.0005202363297769595,0.00023499721257031085
0.0004771852219115998,0.00698501005760926,0.00025774571516004135
7.341312471816191e-05,0.0,0.00020487781835471536
0.0002569459069280825,1.2768709948262925e-05,0.00021477061248864577
0.00011011965749175864,0.0,0.0002031651511166404
0.00018353278220992054,1.5051853197490979e-05,0.00019267506428343137
0.00018353278220992054,5.107292701202815e-05,0.00020487781835471536
0.00011011965749175864,0.0,0.00019353139790246883
0.0003303590316462444,0.00011976842514278383,0.0002100158200689402
0.00014682624943632383,5.080824593789521e-06,0.00019481589833102503
0.00022023931498351727,3.4957448016632586e-05,0.00019481589833102503
0.00014682624943632383,0.0,0.00019203281406915325
0.00011011965749175864,0.0,0.00019203281406915325
0.00014682624943632383,0.0,0.00019203281406915325
0.00014682624943632383,1.0709242529975583e-05,0.00019353139790246883
0.0003303590316462444,1.8158329128540876e-05,0.00019374548130722823
0.00018353278220992054,0.00014823150338922768,0.00019203281406915325
0.00014682624943632383,0.0,0.00019203281406915325
0.00011011965749175864,0.0,0.00019353139790246883
7.341312471816191e-05,0.0,0.00019781306599765618
0.0002569459069280825,1.0797469554686562e-05,0.00020701865240230904
7.341312471816191e-05,0.0,0.00021805251108360688
0.00018353278220992054,4.101032401682452e-05,0.00020616231878327156
0.0003670655644198411,0.00014348912148779151,0.00021674874314862232
0.00014682624943632383,1.6022290694904776e-05,0.0002031651511166404
0.00011011965749175864,0.0,0.0002063764021880309
0.00011011965749175864,0.0,0.0002063764021880309
0.0002936524397016792,0.0001543938861030175,0.00021854062124645823
0.00014682624943632383,0.0,0.00021631201300291317
0.00040377209719343786,0.00020450611884597055,0.00023007329426084536
0.0002569459069280825,3.158832334128726e-05,0.0002235394687475895
0.00014682624943632383,9.74322833867873e-07,0.0002085172362356246
0.00022023931498351727,0.00045817758405383274,0.00023551529440982852
0.0002936524397016792,4.036631455595995e-05,0.000218341523680032
0.00011011965749175864,0.0,0.00019781306599765618
0.00014682624943632383,0.0,0.00021087215368797765
0.00014682624943632383,0.0,0.00021087215368797765
7.341312471816191e-05,0.0,0.00017640472552171938
0.00018353278220992054,0.00014823150338922768,0.00020337923452139978
7.341312471816191e-05,0.0,0.00017640472552171938
0.00011011965749175864,0.0,0.0002031651511166404
0.00014682624943632383,7.355964049922182e-05,0.00020337923452139978
0.00014682624943632383,0.0,0.00019781306599765618
0.00014682624943632383,0.0,0.00019781306599765618
7.341312471816191e-05,0.0,0.00017404980806936632
0.00014682624943632383,2.4268409236218184e-06,0.00019931164983097178
0.00022023931498351727,5.461653318136491e-05,0.00020444965154519664
0.0002569459069280825,8.846295429535318e-05,0.00020915948644990273
7.341312471816191e-05,0.0,0.00019738489918813746
7.341312471816191e-05,0.0,0.00019738489918813746
0.00014682624943632383,7.416180787519636e-05,0.00019845531621193432
0.00018353278220992054,4.411237664175747e-05,0.00019931164983097178
0.00018353278220992054,0.00020371351020933938,0.0002138693213546088
3.670653277359673e-05,0.0,0.00019824123280717492
0.00014682624943632383,3.460938164475451e-07,0.00019845531621193432
0.0002936524397016792,6.844259261479893e-05,0.00020744681921182776
3.670653277359673e-05,0.0,0.00018475397830733473
0.00018353278220992054,7.836030244746909e-05,0.00022054444191500593
3.670653277359673e-05,0.0,0.0002142760798236516
7.341312471816191e-05,0.0,0.00019717081578337812
0.00018353278220992054,5.774207714824327e-06,0.00021688147485957314
0.00011011965749175864,0.0,0.0001909623970453564
0.00018353278220992054,3.000675230685106e-07,0.0001909623970453564
0.00011011965749175864,1.1536460548251501e-08,0.00019074831364059705
0.00014682624943632383,4.769997677463574e-06,0.00019674264897385935
0.00014682624943632383,7.985280961549652e-05,0.00017940189318835055
0.00014682624943632383,7.438506528528816e-05,0.00017512022509316317
3.670653277359673e-05,0.0,0.00020102431706904675
7.341312471816191e-05,0.0,0.00020616231878327156
0.00014682624943632383,4.270893334013883e-05,0.00022757922259539876
0.00011011965749175864,6.023006729021152e-05,0.00021301298773557134
7.341312471816191e-05,5.104734356583824e-06,0.00018539622852161285
7.341312471816191e-05,1.8956676108242674e-05,0.00019631448216434063
7.341312471816191e-05,0.0,0.000208731319640384
3.670653277359673e-05,0.0,0.00018411172809305667
7.341312471816191e-05,0.0,0.0001956722319500625
0.00011011965749175864,4.453193320439051e-06,0.00019331731449770946
0.00011011965749175864,0.0,0.00020680456899754967
0.00018353278220992054,2.6778934329620064e-06,0.00020680456899754967
7.341312471816191e-05,0.0,0.0002031651511166404
0.00011011965749175864,0.0,0.00020680456899754967
3.670653277359673e-05,0.0,0.0002050919017594747
7.341312471816191e-05,0.0,0.00017404980806936632
0.00011011965749175864,1.536202259534008e-08,0.00017426389147412572
0.00011011965749175864,0.0,0.00020616231878327156
0.00014682624943632383,1.8323485815042533e-05,0.00020295106771188104
0.00011011965749175864,0.0,0.00020252290090236227
0.0002936524397016792,0.00044640489504917347,0.00020680456899754967
0.00018353278220992054,9.514292359923272e-06,0.0002031651511166404
0.00014682624943632383,0.0,0.00020273698430712167
0.00014682624943632383,0.0,0.00020273698430712167
0.00022023931498351727,0.00022302243689794913,0.00020295106771188104
3.670653277359673e-05,0.0,0.0001727653076408101
0.00011011965749175864,0.0,0.00022568458446327834
0.00011011965749175864,0.0,0.00022466554745662377
0.00018353278220992054,0.00016802627645781768,0.00022551759940756607
7.341312471816191e-05,0.0,0.0001877511459739659
7.341312471816191e-05,0.0,0.0001877511459739659
0.00014682624943632383,0.00014823150338922768,0.0002016665672833248
3.670653277359673e-05,0.0,0.00019759898259289683
0.00011011965749175864,0.0,0.00017811739275979435
0.00011011965749175864,0.0,0.00020145248387856547
0.00011011965749175864,0.0,0.00020145248387856547
0.00011011965749175864,0.0,0.00020145248387856547
3.670653277359673e-05,0.0,0.00017533430849792252
0.00014682624943632383,2.0967188287208685e-05,0.00020337923452139978
7.341312471816191e-05,0.0,0.00019074831364059705
3.670653277359673e-05,0.0,0.00019053423023583768
7.341312471816191e-05,0.0,0.00021827515782455663
0.0002936524397016792,0.0008766577889402832,0.00024743759922087776
3.670653277359673e-05,0.0,0.0001943877315215063
3.670653277359673e-05,0.0,0.00017255122423605074
0.00011011965749175864,0.0,0.00019781306599765618
0.00022023931498351727,2.3072921096503003e-07,0.00019845531621193432
0.00014682624943632383,0.0,0.00019845531621193432
0.00014682624943632383,0.0,0.00019845531621193432
0.00011011965749175864,5.965228787228717e-05,0.00023171745480939736
7.341312471816191e-05,2.7925287906792954e-05,0.00023363992378413646
0.00014682624943632383,9.205258675806898e-07,0.00018924972980728148
7.341312471816191e-05,0.0,0.00018625256214065033
7.341312471816191e-05,0.0,0.00018625256214065033
7.341312471816191e-05,0.0,0.00016784138933134465
7.341312471816191e-05,0.0,0.00016784138933134465
7.341312471816191e-05,0.0,0.00018068639361690678
7.341312471816191e-05,0.0,0.00018496806171209413
7.341312471816191e-05,7.416180787519636e-05,0.00018432581149781601
0.00014682624943632383,9.095692187802002e-06,0.00020273698430712167
0.00014682624943632383,9.095692187802002e-06,0.00020273698430712167
0.00014682624943632383,9.095692187802002e-06,0.00020273698430712167
7.341312471816191e-05,0.0,0.00018197089404546298
7.341312471816191e-05,0.0,0.00017340755785508826
3.670653277359673e-05,0.0,0.0001723371408312914
0.00022023931498351727,7.384745426885825e-05,0.00020230881749760295
0.00011011965749175864,5.642704019455657e-06,0.00020230881749760295
7.341312471816191e-05,0.0,0.00018175681064070358
0.00014682624943632383,0.0,0.00020402148473567787
0.00014682624943632383,0.0,0.00020402148473567787
0.00014682624943632383,0.0,0.00020402148473567787
0.00014682624943632383,0.0,0.00020402148473567787
0.00011011965749175864,0.0002593257056878661,0.00021749803506528013
0.00014682624943632383,0.00022137188619785137,0.0002304201093765556
0.00011011965749175864,0.00011641035873273088,0.00023443203238174612
7.341312471816191e-05,0.00014823150338922768,0.0002173653033543293
7.341312471816191e-05,0.0,0.00017512022509316317
7.341312471816191e-05,0.0,0.00017512022509316317
3.670653277359673e-05,0.0,0.00021587528285720408
0.000513891813856165,0.005508051946296639,0.00024086737952881272
3.670653277359673e-05,0.0,0.00021587528285720408
0.00011011965749175864,0.0,0.00022205587075260704
0.00011011965749175864,0.0,0.00022205587075260704
0.0002569459069280825,0.001441482359413014,0.00023330809450675943
3.670653277359673e-05,0.0,0.00019802714940241558
3.670653277359673e-05,0.0,0.00016184705399808233
3.670653277359673e-05,0.0,0.00017404980806936632
3.670653277359673e-05,0.0,0.00015799355271241372
3.670653277359673e-05,0.0,0.00015478230164102318
0.00011011965749175864,4.2439828959888946e-07,0.00019973981664049052
0.00014682624943632383,2.9509608563950496e-05,0.0002050919017594747
7.341312471816191e-05,0.0,0.00019695673237861872
7.341312471816191e-05,0.0,0.0001958863153548219
0.0002569459069280825,0.00017051253314198333,0.00021108623709273702
0.00011011965749175864,7.036451912261204e-05,0.0001928891476881907
0.00014682624943632383,0.00012944374975512672,0.00021237073752129322
0.00011011965749175864,0.0,0.00018989198002155957
0.00022023931498351727,0.00012327174336181218,0.00019995390004524984
0.00011011965749175864,0.00022230125867766598,0.00017918780978359115
0.00014682624943632383,9.483287375019758e-05,0.00018668072895016905
3.670653277359673e-05,0.0,0.0002085172362356246
3.670653277359673e-05,0.0,0.0002085172362356246
0.00011011965749175864,1.0405289670452997e-05,0.00016848363954562274
3.670653277359673e-05,0.0,0.00015777946930765435
7.341312471816191e-05,7.416180787519636e-05,0.00015777946930765435
0.00011011965749175864,0.00015218241236776537,0.0001871088957596878
0.00011011965749175864,7.416180787519636e-05,0.0001642019714504354
3.670653277359673e-05,0.0,0.0001460048820458891
7.341312471816191e-05,0.0,0.00017683289233123812
0.00011011965749175864,0.00014823150338922768,0.00017619064211695998
3.670653277359673e-05,0.0,0.0001635597212361573
7.341312471816191e-05,0.0,0.00015563863526006066
7.341312471816191e-05,0.0,0.00015563863526006066
3.670653277359673e-05,0.0,0.00016377380464091665
7.341312471816191e-05,7.416180787519636e-05,0.0001868948123549284
3.670653277359673e-05,0.0,0.00014108096373642364
3.670653277359673e-05,0.0,0.0002038074013309185
0.00018353278220992054,0.0004784434989982844,0.00021022990347369956
0.0005873048794033584,0.0016723926868312106,0.00022102398874166687
0.00018353278220992054,0.00012000507202004044,0.00020466373494995598
0.00014682624943632383,4.979208101913732e-06,0.00021215665411653388
0.0002936524397016792,7.547337791327789e-05,0.00021279890433081197
0.0002936524397016792,0.00031410404818894144,0.00021258482092605262
0.00022023931498351727,0.0002780701228769023,0.0002098017366641808
0.00018353278220992054,3.330086010142925e-05,0.0002100158200689402
7.341312471816191e-05,0.0,0.00020466373494995598
0.00014682624943632383,3.6307811644847865e-05,0.0002117284873070151
0.0002936524397016792,0.000961676362581896,0.00021505106174888054
0.0007708376616132789,0.002351369876910413,0.0002235394687475895
0.00011011965749175864,7.416180787519636e-05,0.0001727653076408101
7.341312471816191e-05,0.0,0.0001727653076408101
3.670653277359673e-05,0.0,0.0001528555509981889
0.00018353278220992054,0.0002962328753115601,0.00019866939961669366
0.00011011965749175864,7.416180787519636e-05,0.00019866939961669366
0.00014682624943632383,0.00022414517958436266,0.00021446875488793506
3.670653277359673e-05,0.0,0.0001727653076408101
7.341312471816191e-05,7.416180787519636e-05,0.00017661880892647875
3.670653277359673e-05,0.0,0.00015585271866482
0.0005505983466297618,0.0006212143114373281,0.00020359331792615913
3.670653277359673e-05,0.0,0.0001727653076408101
0.00011011965749175864,7.567613270177357e-05,0.00017148080721225389
0.00011011965749175864,2.0241168339959653e-05,0.00017212305742653203
3.670653277359673e-05,0.0,0.0001519992173791514
0.00022023931498351727,0.00016905469513000764,0.00019652856556909998
0.0008075442535578441,0.0005375000751305516,0.0001958863153548219
0.00014682624943632383,2.190624422095496e-05,0.0001811145604264255
0.00040377209719343786,0.0006503258822251604,0.0002072327358070684
7.341312471816191e-05,0.0,0.00017983005999786927
0.00011011965749175864,1.233929060847723e-05,0.0001858243953311316
0.00018353278220992054,8.828799460610586e-06,0.00018346947787877853
0.0002936524397016792,9.937339747924282e-05,0.000180258226807388
0.00011011965749175864,0.0,0.00017983005999786927
7.341312471816191e-05,0.0,0.00017918780978359115
7.341312471816191e-05,0.0,0.00017918780978359115
0.0007341311288396822,0.002779261442627957,0.00024019301680382071
7.341312471816191e-05,2.253495143363117e-06,0.00017983005999786927
0.00018353278220992054,9.611246448054175e-05,0.0002138693213546088
0.00014682624943632383,6.247441694930581e-06,0.00018261314425974104
0.0004771852219115998,0.0004767310817869565,0.00021489906253150138
0.00011011965749175864,0.0,0.00018860747959300336
0.00011011965749175864,0.0,0.00018860747959300336
0.00022023931498351727,7.324152110524362e-05,0.00019417364811674694
0.0002569459069280825,8.285964161010116e-05,0.0001896778966168002
0.00011011965749175864,0.0,0.00018796522937872525
0.0005505983466297618,0.00045127764493224556,0.00020937356985466208
0.00018353278220992054,0.0001009429538578749,0.0002050919017594747
0.00011011965749175864,0.0,0.00018796522937872525
7.341312471816191e-05,0.0,0.0001864666455454097
0.0003303590316462444,0.00010048765219986438,0.00019481589833102503
0.00014682624943632383,1.2703436295834476e-05,0.0001823990608549817
0.00014682624943632383,2.7607586933663643e-05,0.000180258226807388
0.0002569459069280825,0.0,0.00019481589833102503
0.0002569459069280825,0.0,0.00019481589833102503
0.0005505983466297618,8.900373335535335e-05,0.00019545814854530314
0.0009176639110496028,0.0006316093199097795,0.00020123840047380607
0.0002936524397016792,2.670852007819084e-05,0.0001956722319500625
0.0002569459069280825,0.0,0.00019481589833102503
0.0002569459069280825,0.0,0.00019481589833102503
0.001358142600187606,0.0022745825977571812,0.0002260399629151789
0.00011011965749175864,5.278080136842527e-07,0.00017041039018845705
0.00011011965749175864,3.6402613854327276e-06,0.00019053423023583768
0.0003303590316462444,2.5295692194675436e-05,0.00019374548130722823
0.0003303590316462444,0.00010363310104426898,0.0001943877315215063
0.0002569459069280825,1.0070792088960689e-05,0.00019374548130722823
0.0002569459069280825,2.4985702120047294e-06,0.00019481589833102503
0.00022023931498351727,0.0,0.00019374548130722823
0.00014682624943632383,3.6761260296241834e-06,0.00017469205828364446
0.00014682624943632383,3.6761260296241834e-06,0.00017469205828364446
0.00011011965749175864,0.0,0.00017469205828364446
0.000513891813856165,0.00035646694748703967,0.00021258482092605262
0.0010644901013149583,0.002303448973927558,0.00022009272593096364
0.0002569459069280825,0.0001571167298900328,0.00021022990347369956
0.0003303590316462444,0.0004137360297528047,0.0002187204513064561
0.0002569459069280825,7.367877089234443e-05,0.00021470638746721798
0.00018353278220992054,1.54815714093116e-06,0.0001909623970453564
0.0003670655644198411,0.00019290217299223212,0.00019973981664049052
0.0006607180041215203,0.0006720937486939433,0.00021818524279455768
0.0006240114713479236,0.0005004911096917607,0.0002138693213546088
7.341312471816191e-05,0.0,0.00018924972980728148
7.341312471816191e-05,7.416180787519636e-05,0.00017469205828364446
0.00014682624943632383,0.0,0.00019417364811674694
0.0002569459069280825,1.6189659034464903e-05,0.0002117284873070151
0.0004771852219115998,0.00027855268166449834,0.00021151440390225577
0.00018353278220992054,4.0211857488308744e-05,0.00020466373494995598
0.0004771852219115998,0.00036395100211369165,0.0002063764021880309
0.00040377209719343786,0.001823190305512337,0.00023858525043407786
0.0003303590316462444,0.00020176420702312678,0.00021130032049749642
0.00018353278220992054,7.532471896310429e-06,0.00020573415197375284
0.0004771852219115998,0.0003050011830723012,0.000216376238024341
0.000513891813856165,0.0006241671073680176,0.00020915948644990273
0.00040377209719343786,3.507639908653425e-05,0.00019824123280717492
0.00014682624943632383,0.0,0.00019417364811674694
0.0002569459069280825,5.296012458938254e-06,0.00019524406514054375
0.0002936524397016792,6.328854437245185e-06,0.00019524406514054375
0.00014682624943632383,1.269225848172814e-05,0.00019717081578337812
0.0007708376616132789,0.000496422684229089,0.00020766090261658713
0.0003303590316462444,4.568474241751786e-05,0.00020680456899754967
0.0002569459069280825,6.633434928041121e-05,0.00021365523794984945
0.00011011965749175864,0.0,0.00018625256214065033
0.00011011965749175864,0.0,0.00018625256214065033
0.00014682624943632383,3.432401862580449e-05,0.00018668072895016905
0.000513891813856165,0.0003918058757690554,0.0002106580702832183
0.0003303590316462444,1.6790212501450823e-05,0.00018946381321204082
0.000440478689138003,0.0009173942863987058,0.00023427789233031936
0.00022023931498351727,2.0143198086909993e-05,0.0001909623970453564
7.341312471816191e-05,0.0,0.00018325539447401916
7.341312471816191e-05,0.0,0.00018325539447401916
0.00018353278220992054,9.169872226871327e-06,0.00021022990347369956
0.0002569459069280825,5.2665197665314805e-05,0.0001836835612835379
7.341312471816191e-05,0.0,0.0001620611374028417
0.00014682624943632383,7.416180787519636e-05,0.00018346947787877853
0.00011011965749175864,0.0,0.00018175681064070358
0.0003303590316462444,0.0006625812495662297,0.00021044398687845893
0.0002936524397016792,0.00011155631823904532,0.00018732297916444716
0.00018353278220992054,6.507221267690689e-05,0.00018197089404546298
0.00018353278220992054,2.5964687357660055e-05,0.00016634280549802908
0.00011011965749175864,0.0,0.0001614188871885636
0.00014682624943632383,1.9187584642428664e-08,0.00018924972980728148
0.0002936524397016792,0.0001945445943729798,0.00020209473409284355
0.00018353278220992054,6.428199501655517e-06,0.0001783314761645537
0.00018353278220992054,7.373830620170225e-06,0.00019203281406915325
3.670653277359673e-05,0.0,0.00017062447359321643
0.0002936524397016792,2.5332812101413597e-05,0.00018325539447401916
3.670653277359673e-05,0.0,0.00017062447359321643
0.00011011965749175864,0.0,0.00017169489061701328
0.00022023931498351727,4.14834384481168e-06,0.00018924972980728148
3.670653277359673e-05,0.0,0.00017062447359321643
0.00040377209719343786,0.0005661963333386468,0.0002140834047593682
0.0005873048794033584,0.0008139462469184648,0.00020787498602134653
0.00011011965749175864,0.0,0.00017169489061701328
0.00018353278220992054,5.2291607621653816e-05,0.0002031651511166404
0.0002936524397016792,6.480382558954085e-06,0.0001875370625692065
0.0003303590316462444,0.0002323750992613829,0.00020958765325942145
0.00014682624943632383,1.0876969515977622e-05,0.00018539622852161285
3.670653277359673e-05,0.0,0.00018539622852161285
0.0002936524397016792,0.0003864607287475748,0.00021550491856697036
7.341312471816191e-05,0.0,0.00018539622852161285
0.0009176639110496028,0.0038265511342009738,0.00024146467222809135
0.0003303590316462444,0.00022830338620632694,0.00020958765325942145
7.341312471816191e-05,0.0,0.00018539622852161285
0.00022023931498351727,8.360395252588781e-05,0.00020273698430712167
7.341312471816191e-05,0.0,0.00019631448216434063
3.670653277359673e-05,0.0,0.00018946381321204082
0.00011011965749175864,0.0,0.0001896778966168002
0.00011011965749175864,0.0,0.0001896778966168002
0.0003303590316462444,0.000632451182657767,0.0002186540854509807
0.00040377209719343786,0.0001589954395015952,0.0001956722319500625
0.00014682624943632383,1.5922646758459516e-05,0.0001911764804501158
3.670653277359673e-05,0.0,0.00017726105914075684
0.0002569459069280825,4.481657893045669e-05,0.00019310323109295008
0.0002569459069280825,3.843494369184309e-06,0.00019267506428343137
0.00011011965749175864,6.090772974220907e-06,0.00018496806171209413
3.670653277359673e-05,0.0,0.00016591463868851033
3.670653277359673e-05,0.0,0.0001809004770216661
0.0002569459069280825,9.862777152650249e-07,0.0001864666455454097
0.0002569459069280825,2.9648105864936504e-06,0.0001864666455454097
0.00018353278220992054,6.024303833652742e-06,0.00019374548130722823
0.0002569459069280825,1.2001445660193722e-05,0.00019310323109295008
0.00011011965749175864,0.00014823150338922768,0.0001787596429740724
0.00018353278220992054,8.786837826906584e-08,0.00019267506428343137
0.0003670655644198411,0.00029658297401327573,0.00019267506428343137
0.00014682624943632383,8.966161047863861e-07,0.00018946381321204082
0.00011011965749175864,0.0,0.00019010606342631894
0.0002569459069280825,0.00010403203543649194,0.00019374548130722823
3.670653277359673e-05,0.0,0.00017961597659310992
0.0002936524397016792,1.022775968170529e-05,0.00019374548130722823
3.670653277359673e-05,0.0,0.0001811145604264255
0.0002936524397016792,5.150091176604619e-05,0.00020273698430712167
0.0003303590316462444,0.00016613047136585735,0.00019417364811674694
0.00011011965749175864,5.541087527579866e-06,0.00018924972980728148
3.670653277359673e-05,0.0,0.0001823990608549817
0.0003303590316462444,0.0001780335881265595,0.00019310323109295008
0.00011011965749175864,3.3646117076178995e-05,0.00019674264897385935
0.0002936524397016792,0.00035050080415138416,0.00019695673237861872
7.341312471816191e-05,0.0,0.00018261314425974104
0.00022023931498351727,0.00012601867623484277,0.00018946381321204082
0.00014682624943632383,9.529229984229012e-05,0.00017597655871220066
0.00011011965749175864,0.0,0.00018539622852161285
0.00014682624943632383,7.416180787519636e-05,0.00016848363954562274
0.00014682624943632383,1.0819167664422393e-06,0.00016869772295038214
0.00011011965749175864,0.0,0.0001682695561408634
7.341312471816191e-05,0.0,0.00016869772295038214
3.670653277359673e-05,0.0,0.00016848363954562274
0.0002936524397016792,0.0001190168217493449,0.00018989198002155957
0.00011011965749175864,2.8034196876321005e-06,0.0002085172362356246
0.00011011965749175864,2.3013146689517244e-08,0.00020444965154519664
7.341312471816191e-05,0.0,0.00020444965154519664
3.670653277359673e-05,0.0,0.00020423556814043724
7.341312471816191e-05,0.0,0.00020444965154519664
0.00018353278220992054,6.637188760799826e-05,0.0002050919017594747
0.0003303590316462444,0.0015378562173753042,0.0002385060395743169
0.00014682624943632383,9.370546866003919e-05,0.00020830315283086525
0.0005873048794033584,0.0009156680015249572,0.00021301298773557134
0.0004771852219115998,0.0002564492416748974,0.00021258482092605262
0.00014682624943632383,6.690370050695056e-06,0.00020787498602134653
0.0009543704438231996,0.0009505907206111311,0.0002164211955393405
0.0004771852219115998,0.0005965399742032696,0.00021237073752129322
0.0002936524397016792,0.00036767584428500923,0.00020766090261658713
0.00022023931498351727,7.331032144768421e-05,0.00020680456899754967
0.0003303590316462444,0.0001916846280963392,0.00020594823537851216
0.0002569459069280825,3.1232605845315e-05,0.00020616231878327156
0.00040377209719343786,0.00011835123372755849,0.0002072327358070684
3.670653277359673e-05,0.0,0.0001811145604264255
0.00011011965749175864,6.217674040251673e-06,0.00018154272723594424
0.00022023931498351727,0.00010403293205259673,0.00020787498602134653
3.670653277359673e-05,0.0,0.0001811145604264255
0.00014682624943632383,3.5984193005426964e-06,0.00017811739275979435
3.670653277359673e-05,0.0,0.00016591463868851033
0.00011011965749175864,7.677568291827661e-05,0.00018860747959300336
7.341312471816191e-05,0.0,0.00015606680206957938
0.00018353278220992054,8.147191897751977e-06,0.00017961597659310992
3.670653277359673e-05,0.0,0.00016527238847423225
0.00022023931498351727,0.00020678699066773313,0.00020766090261658713
0.00014682624943632383,5.064165466562591e-05,0.0001896778966168002
0.00014682624943632383,2.951140179616007e-05,0.0001956722319500625
0.0007708376616132789,0.0012371120480197148,0.00021485624585054948
0.0002569459069280825,0.0003028533093060819,0.00020766090261658713
3.670653277359673e-05,0.0,0.00018882156299776274
0.0002569459069280825,0.00014817782597175447,0.00021322707114033068
3.670653277359673e-05,0.0,0.00018882156299776274
0.0005505983466297618,0.00042659165168882485,0.00019353139790246883
0.00011011965749175864,2.7855949594689475e-05,0.00018946381321204082
0.00014682624943632383,1.9571216786463265e-05,0.00018989198002155957
0.0004771852219115998,0.0004142609685949536,0.00019203281406915325
0.00022023931498351727,0.0001781463226581346,0.00019032014683107834
0.0004771852219115998,0.0003502639779509065,0.0001916046472596345
0.00014682624943632383,0.0,0.00018924972980728148
0.0003303590316462444,0.00012602124653434313,0.00019074831364059705
0.0002936524397016792,9.393494260845751e-05,0.00019010606342631894
0.00014682624943632383,0.0,0.00018924972980728148
3.670653277359673e-05,0.0,0.00016120480378380424
7.341312471816191e-05,0.0,0.00017083855699797583
0.00014682624943632383,4.2651968330281406e-05,0.00018261314425974104
7.341312471816191e-05,0.0,0.00016505830506947285
0.0005505983466297618,0.00042127119149742943,0.00023287564602914553
0.00011011965749175864,0.0,0.00019888348302145303
0.00011011965749175864,0.0,0.00019888348302145303
0.00040377209719343786,0.00016150142174006617,0.00020766090261658713
7.341312471816191e-05,0.0,0.00019952573323573115
7.341312471816191e-05,0.0,0.00019973981664049052
0.00040377209719343786,0.0003537396803939075,0.00023394606305294238
0.00022023931498351727,1.8956138138579805e-05,0.00020680456899754967
0.0004771852219115998,0.00025770701474669175,0.00023290133603771663
0.0007341311288396822,0.00149428019648743,0.0002353868443669729
0.0003303590316462444,8.002657381660411e-06,0.00020123840047380607
0.0003670655644198411,0.00012591072365582647,0.0002252564176537596
0.001284729475469444,0.0047580496701232254,0.00024021870681239184
3.670653277359673e-05,0.0,0.00017961597659310992
0.00022023931498351727,3.3474026558467e-05,0.00022767556012754045
0.00011011965749175864,0.0,0.0001695540565694196
0.0002936524397016792,6.184720409680424e-05,0.00019203281406915325
0.00014682624943632383,5.542773165856865e-05,0.00019181873066439386
0.00014682624943632383,7.416180787519636e-05,0.00017490614168840378
0.0002936524397016792,0.00019356178357331997,0.00020444965154519664
0.00014682624943632383,0.0,0.0001916046472596345
0.00014682624943632383,0.0,0.0001916046472596345
0.00011011965749175864,2.402931160827515e-06,0.00019353139790246883
0.00022023931498351727,3.085220151925763e-05,0.0002031651511166404
7.341312471816191e-05,0.0,0.00015756538590289498
7.341312471816191e-05,0.0,0.00015756538590289498
0.00011011965749175864,0.0,0.0001823990608549817
0.00011011965749175864,0.0,0.0001823990608549817
7.341312471816191e-05,0.0,0.00019010606342631894
0.0011011966932595236,0.0019326423853022628,0.00021578750866125277
0.00011011965749175864,0.0,0.00018282722766450044
0.00022023931498351727,7.586519915106953e-05,0.00019353139790246883
0.00014682624943632383,0.0,0.00018860747959300336
0.0002569459069280825,3.057442984999481e-05,0.00021044398687845893
0.00014682624943632383,0.0,0.0001875370625692065
0.00014682624943632383,0.0,0.0001875370625692065
0.00014682624943632383,0.0,0.0001875370625692065
0.00014682624943632383,0.0,0.0001875370625692065
0.00022023931498351727,0.00013976176879138054,0.00017961597659310992
0.00011011965749175864,0.0,0.00018603847873589093
0.00011011965749175864,1.0699618850450876e-06,0.00019181873066439386
0.0003303590316462444,0.00010045459695280125,0.00020830315283086525
7.341312471816191e-05,0.0,0.00016719913911706654
3.670653277359673e-05,0.0,0.00017961597659310992
0.00022023931498351727,0.00034825065637481223,0.00023136635802559197
0.000440478689138003,0.000391899900911244,0.0001928891476881907
0.00018353278220992054,4.133119303352407e-05,0.00018817931278348462
0.00022023931498351727,0.00013452170517738095,0.0002100158200689402
0.00014682624943632383,0.001094573698249439,0.00023328240449818833
3.670653277359673e-05,0.0,0.000149430216522039
0.00018353278220992054,9.676304912617474e-05,0.00018603847873589093
0.00011011965749175864,0.0,0.00018561031192637222
0.00018353278220992054,7.602115057889538e-05,0.00018668072895016905
0.00014682624943632383,1.3466097954565775e-05,0.0001858243953311316
0.00011011965749175864,0.0,0.00018561031192637222
0.00040377209719343786,0.000313518139451667,0.00020937356985466208
0.00022023931498351727,0.0,0.00018732297916444716
0.0002569459069280825,2.632787665450553e-05,0.00018732297916444716
0.000513891813856165,0.00018008337209091512,0.0001909623970453564
0.0002936524397016792,4.929164968385254e-05,0.00018924972980728148
0.00040377209719343786,6.547778202830528e-05,0.00018946381321204082
0.00018353278220992054,7.456970842846719e-05,0.0001864666455454097
0.00011011965749175864,0.0,0.0001858243953311316
3.670653277359673e-05,0.0,0.00018561031192637222
0.00011011965749175864,0.0,0.00018860747959300336
0.00022023931498351727,0.00012680847547434556,0.0001896778966168002
0.00011011965749175864,0.0,0.00018732297916444716
7.341312471816191e-05,1.906474823607293e-05,0.00018561031192637222
3.670653277359673e-05,0.0,0.00018197089404546298
0.000440478689138003,0.002211495433361864,0.00023463755245031512
0.00022023931498351727,0.00018921122290967547,0.00020787498602134653
7.341312471816191e-05,5.379696628718317e-06,0.00018197089404546298
0.0003303590316462444,0.0005966903068368388,0.00020487781835471536
3.670653277359673e-05,0.0,0.00019909756642621238
7.341312471816191e-05,0.0,0.00020102431706904675
0.00018353278220992054,2.283382346855997e-06,0.0002050919017594747
0.00022023931498351727,7.637011356687823e-05,0.0002053059851642341
0.00022023931498351727,3.873315820829504e-05,0.0002053059851642341
0.0003670655644198411,2.1386565526620767e-05,0.0002085172362356246
0.00040377209719343786,8.275814466703932e-05,0.00020915948644990273
0.000440478689138003,0.0001359321420846169,0.00020787498602134653
0.0005505983466297618,0.0006530508778908273,0.0002065904855927903
3.670653277359673e-05,0.0,0.00019695673237861872
0.0004771852219115998,0.0002940139895498418,0.0001877511459739659
0.00022023931498351727,7.973122847168746e-05,0.0001871088957596878
0.0002569459069280825,4.399396354151868e-06,0.0001858243953311316
3.670653277359673e-05,0.0,0.00018496806171209413
0.00022023931498351727,0.00011268013686478459,0.00020616231878327156
0.00040377209719343786,0.0003313679728657544,0.00020616231878327156
0.00040377209719343786,0.0002433814205940777,0.00018668072895016905
0.0003303590316462444,0.00035156269649148615,0.0002063764021880309
0.00022023931498351727,2.9648105864936504e-06,0.00018561031192637222
0.00040377209719343786,0.0003951899440461472,0.0001877511459739659
3.670653277359673e-05,0.0,0.00018496806171209413
0.0002569459069280825,5.324614512680939e-05,0.0001868948123549284
3.670653277359673e-05,0.0,0.00020337923452139978
0.00022023931498351727,0.0001043503939280981,0.00020487781835471536
0.00011011965749175864,0.00010991114723557626,0.00020402148473567787
7.341312471816191e-05,0.0,0.00020359331792615913
0.00018353278220992054,0.0001651782052881672,0.0002038074013309185
0.00022023931498351727,1.8020549120438705e-05,0.0002063764021880309
0.0002936524397016792,0.00011583072630818995,0.00020423556814043724
0.00014682624943632383,5.774207714824327e-08,0.0002038074013309185
0.0002936524397016792,0.00016755776465586327,0.00020402148473567787
0.00011011965749175864,0.0,0.00020359331792615913
0.00022023931498351727,9.02505677106693e-05,0.00020402148473567787
0.000440478689138003,0.00012765488107726393,0.0002050919017594747
0.00018353278220992054,3.2577051807238696e-06,0.00020466373494995598
0.00018353278220992054,6.03380198692278e-05,0.00020444965154519664
3.670653277359673e-05,0.0,0.00015456821823626383
3.670653277359673e-05,0.0,0.00018432581149781601
7.341312471816191e-05,0.0,0.0001871088957596878
0.0002569459069280825,4.232028014591742e-07,0.00020701865240230904
7.341312471816191e-05,0.0,0.0001871088957596878
3.670653277359673e-05,0.0,0.00015435413483150446
7.341312471816191e-05,0.0,0.00018047231021214738
7.341312471816191e-05,0.0,0.00017404980806936632
7.341312471816191e-05,7.416180787519636e-05,0.00017148080721225389
7.341312471816191e-05,0.0,0.00020230881749760295
3.670653277359673e-05,0.0,0.00015820763611717307
0.0003303590316462444,7.437723483797302e-05,0.0001736216412598476
0.0003670655644198411,0.000566145644641523,0.0002072327358070684
0.0002569459069280825,8.564817747039379e-05,0.00018732297916444716
0.00011011965749175864,7.416180787519636e-05,0.00016869772295038214
0.00018353278220992054,0.00012694308743887748,0.00018432581149781601
0.00022023931498351727,0.00014961008053754023,0.00018625256214065033
7.341312471816191e-05,5.313944781033983e-06,0.00016933997316466022
0.00011011965749175864,0.0,0.0001858243953311316
0.00022023931498351727,0.00013077343143852495,0.00020552006856899344
0.00022023931498351727,0.0,0.00020616231878327156
0.00022023931498351727,1.655757050946225e-05,0.000200596150259528
0.00011011965749175864,0.0,0.0002003820668547686
0.00014682624943632383,1.4806897677663336e-05,0.00020016798345000924
0.000440478689138003,8.06793701152956e-05,0.00020209473409284355
0.0002936524397016792,7.351295668736595e-05,0.00020359331792615913
3.670653277359673e-05,0.0,0.0001633456378313979
3.670653277359673e-05,0.0,0.00017790330935503495
0.00022023931498351727,0.0,0.00019888348302145303
0.00022023931498351727,0.0,0.00019888348302145303
0.00022023931498351727,0.0,0.00019888348302145303
0.00011011965749175864,0.0,0.00016762730592658528
7.341312471816191e-05,0.0,0.0001648442216647135
0.00011011965749175864,4.2858249808789255e-06,0.00016527238847423225
0.00011011965749175864,4.9917368176179455e-05,0.000180258226807388
0.0002936524397016792,1.8689544283423318e-05,0.00018732297916444716
0.00011011965749175864,1.2423154101478251e-05,0.0001868948123549284
0.00014682624943632383,1.5147372699854222e-05,0.0001871088957596878
0.00014682624943632383,1.1835332583180297e-06,0.00018668072895016905
0.00018353278220992054,2.1646106001752937e-05,0.00018668072895016905
0.0002936524397016792,4.940181391592729e-05,0.0001868948123549284
0.00014682624943632383,9.971925219806243e-06,0.0001864666455454097
0.0004771852219115998,0.00026008053689928224,0.00018839339618824402
0.00011011965749175864,8.340221390231089e-05,0.00018411172809305667
7.341312471816191e-05,7.416180787519636e-05,0.0001836835612835379
0.00011011965749175864,0.0,0.00017554839190268192
0.0002936524397016792,3.4737777070959916e-05,0.00018389764468829727
7.341312471816191e-05,0.0,0.00018346947787877853
7.341312471816191e-05,0.0,0.00017961597659310992
0.00040377209719343786,0.00038728418097821066,0.00020573415197375284
0.00011011965749175864,0.0,0.00020123840047380607
0.0003303590316462444,0.0002503102307542389,0.00020423556814043724
0.0002569459069280825,0.0002655430210816758,0.0002031651511166404
3.670653277359673e-05,0.0,0.0001519992173791514
3.670653277359673e-05,0.0,0.00017940189318835055
0.00018353278220992054,1.594571967955602e-05,0.00018539622852161285
0.0002936524397016792,0.00030193834245835087,0.00018132864383118484
0.00018353278220992054,8.422417177277206e-05,0.00018518214511685347
7.341312471816191e-05,0.0,0.0001811145604264255
0.00011011965749175864,2.4893051789219367e-05,0.00018132864383118484
3.670653277359673e-05,0.0,0.00016505830506947285
0.00014682624943632383,4.4412384390418995e-06,0.00017019630678369768
0.00018353278220992054,2.324112627776093e-05,0.0001667709723075478
0.00040377209719343786,8.948904176567073e-05,0.00017148080721225389
0.0002936524397016792,0.0001025723444178997,0.0001821849774502223
0.00014682624943632383,1.5421797002325841e-06,0.00018004414340262864
7.341312471816191e-05,0.0,0.00017811739275979435
7.341312471816191e-05,0.0,0.00017811739275979435
0.00018353278220992054,8.811201875193979e-05,0.00017983005999786927
0.00011011965749175864,0.0,0.00016591463868851033
0.00018353278220992054,3.048494756273713e-07,0.00016591463868851033
0.0002569459069280825,3.589034718645932e-05,0.00018453989490257536
0.00014682624943632383,6.6384260910244315e-06,0.00016998222337893837
0.00022023931498351727,7.103889398222537e-06,0.00016591463868851033
7.341312471816191e-05,0.0,0.0001646301382599541
0.0003303590316462444,0.0001391701217110355,0.00018389764468829727
7.341312471816191e-05,2.534434856196185e-07,0.00017811739275979435
0.00018353278220992054,5.110711797282401e-06,0.00017918780978359115
0.0002569459069280825,0.0002408885887251436,0.00018389764468829727
0.0002936524397016792,0.00011129229468338923,0.00018561031192637222
7.341312471816191e-05,0.0,0.00017961597659310992
0.0003303590316462444,0.00019117277984932014,0.00018154272723594424
0.00022023931498351727,7.343016913369068e-05,0.0001830413110692598
3.670653277359673e-05,0.0,0.0001787596429740724
0.0003303590316462444,8.962114320510926e-05,0.00018389764468829727
3.670653277359673e-05,0.0,0.00014964429992679837
0.00014682624943632383,8.918807762649742e-05,0.00016741322252182593
3.670653277359673e-05,0.0,0.00016184705399808233
0.00011011965749175864,1.159623495523726e-06,0.0001821849774502223
0.00022023931498351727,3.896054005246886e-05,0.00018518214511685347
0.00011011965749175864,0.0,0.0001823990608549817
7.341312471816191e-05,0.0,0.00016570055528375096
7.341312471816191e-05,0.0,0.00017019630678369768
0.00014682624943632383,3.8195846063900046e-06,0.00016933997316466022
0.00011011965749175864,6.336087140490462e-07,0.00016719913911706654
0.00011011965749175864,4.51296772742481e-06,0.00016655688890278842
0.0003303590316462444,0.00020349288287315495,0.0001858243953311316
0.00011011965749175864,1.3807648916082403e-05,0.00018389764468829727
7.341312471816191e-05,3.502780249365482e-06,0.0001770469757359975
0.00014682624943632383,2.2893597875545728e-06,0.0001776892259502756
0.00011011965749175864,0.0,0.00017726105914075684
0.00014682624943632383,3.4190960795854195e-06,0.00016398788804567604
0.00018353278220992054,1.6197130835338122e-05,0.0001858243953311316
0.0002569459069280825,6.94512857326836e-06,0.00017105264040273517
0.00018353278220992054,1.4943601746439771e-06,0.00017041039018845705
0.000513891813856165,0.00015072218337951028,0.00018668072895016905
0.00014682624943632383,0.0,0.00016998222337893837
3.670653277359673e-05,0.0,0.0001614188871885636
3.670653277359673e-05,0.0,0.0001633456378313979
3.670653277359673e-05,0.0,0.0001633456378313979
0.00018353278220992054,2.4530101590001836e-05,0.00017019630678369768
3.670653277359673e-05,0.0,0.00016248930421236044
0.00011011965749175864,3.0664270783694408e-06,0.00018346947787877853
0.00022023931498351727,1.3255751816382891e-05,0.00016933997316466022
0.00022023931498351727,9.233017910411085e-05,0.00016869772295038214
0.00011011965749175864,8.383480128566682e-05,0.0001770469757359975
0.00022023931498351727,7.486439625490697e-05,0.00016291747102187921
7.341312471816191e-05,0.0,0.00015970621995048864
7.341312471816191e-05,0.0,0.00015970621995048864
0.00014682624943632383,2.07417192240584e-08,0.0001620611374028417
0.0002569459069280825,0.00013406401254309098,0.00018132864383118484
0.0002569459069280825,0.00013381098747832025,0.00018154272723594424
3.670653277359673e-05,0.0,0.00015949213654572927
0.00011011965749175864,1.6019541072183432e-06,0.00015949213654572927
0.00011011965749175864,8.706620572731697e-06,0.00015970621995048864
0.0003670655644198411,0.00036307787735085067,0.00016570055528375096
0.0002936524397016792,0.00019088400968917193,0.00016377380464091665
0.00014682624943632383,2.3132516180267805e-05,0.000168055472736104
3.670653277359673e-05,0.0,0.00016291747102187921
7.341312471816191e-05,0.0,0.00014964429992679837
7.341312471816191e-05,0.0,0.00018004414340262864
0.00022023931498351727,5.445574002657322e-05,0.00018282722766450044
0.00014682624943632383,8.363019349055456e-05,0.0001774751425455162
0.00018353278220992054,1.1476686141265742e-06,0.00017790330935503495
0.00014682624943632383,7.44844103496985e-05,0.00017854555956931306
7.341312471816191e-05,0.0,0.00017854555956931306
7.341312471816191e-05,0.0,0.00016848363954562274
3.670653277359673e-05,0.0,0.0001635597212361573
7.341312471816191e-05,0.0,0.00016163297059332298
3.670653277359673e-05,0.0,0.0001573513024981356
0.00011011965749175864,0.0,0.00017961597659310992
0.00014682624943632383,2.0502621596115363e-06,0.00016891180635514145
0.0002569459069280825,3.289481255477499e-05,0.00016998222337893837
3.670653277359673e-05,0.0,0.00016655688890278842
3.670653277359673e-05,0.0,0.00016784138933134465
3.670653277359673e-05,0.0,0.00016784138933134465
7.341312471816191e-05,0.0,0.00016784138933134465
0.00014682624943632383,2.7316903992491896e-07,0.0001770469757359975
0.00011011965749175864,0.0,0.0001770469757359975
0.00022023931498351727,9.193483117630702e-06,0.00016719913911706654
0.00014682624943632383,0.0,0.00016634280549802908
3.670653277359673e-05,0.0,0.00014514854842685162
0.00014682624943632383,4.4352609983433235e-06,0.00015906396973621055
0.00018353278220992054,1.4692549237099582e-05,0.0001646301382599541
0.00018353278220992054,8.847269752369186e-06,0.00014835979949824214
7.341312471816191e-05,0.0,0.00014579079864112974
7.341312471816191e-05,0.0,0.00014579079864112974
7.341312471816191e-05,1.805187090969924e-06,0.00016313155442663853
3.670653277359673e-05,0.0,0.00016291747102187921
7.341312471816191e-05,2.3730439573346357e-06,0.00016291747102187921
3.670653277359673e-05,0.0,0.00015949213654572927
3.670653277359673e-05,0.0,0.00015970621995048864
7.341312471816191e-05,5.977440698575907e-08,0.0001669850557123072
0.00011011965749175864,4.106501759921649e-06,0.00016848363954562274
7.341312471816191e-05,0.0,0.0001635597212361573
3.670653277359673e-05,0.0,0.0001635597212361573
3.670653277359673e-05,0.0,0.0001601343867600074
7.341312471816191e-05,0.0,0.00015178513397439203
0.00014682624943632383,8.193875709607855e-06,0.00014750346587920468
7.341312471816191e-05,1.5187600875755636e-05,0.00015799355271241372
3.670653277359673e-05,0.0,0.00014964429992679837
0.00011011965749175864,0.0,0.00014750346587920468
0.00011011965749175864,0.0,0.00014750346587920468
7.341312471816191e-05,0.0,0.00014750346587920468
