Node,Spreading Ability,Rank
186,11.21,1
147,7.04,2
408,6.51,3
145,6.66,4
227,4.74,5
205,4.64,6
153,5.36,7
231,4.42,8
155,5.08,9
230,4.14,10
146,4.21,11
426,4.12,12
89,4.07,13
228,3.94,14
229,3.94,14
295,3.6,15
427,3.49,16
208,3.07,17
198,3.0,18
176,3.27,19
233,2.83,20
298,2.82,21
409,2.74,22
173,2.67,23
220,3.39,24
285,3.07,25
311,2.37,26
435,2.81,27
174,2.59,28
202,2.47,29
246,2.56,30
183,2.34,31
128,2.3,32
184,2.3,32
376,2.13,33
211,2.34,34
135,2.22,35
85,2.04,36
238,2.74,37
6,2.38,38
197,1.9,39
125,1.9,39
300,1.98,40
154,2.52,41
382,2.16,42
306,1.88,43
422,1.97,44
136,1.87,45
188,1.84,46
389,1.76,47
413,1.71,48
335,2.25,49
245,1.57,50
392,2.12,51
273,2.41,52
365,2.21,53
243,2.04,54
159,2.0,55
342,2.08,56
436,1.99,57
302,2.31,58
417,1.92,59
143,1.91,60
451,1.9,61
185,1.83,62
371,1.6,63
70,1.52,64
207,1.49,65
414,1.64,66
449,2.31,67
215,2.38,68
157,1.83,69
206,1.74,70
149,1.7,71
293,2.28,72
370,2.03,73
68,1.84,74
14,2.1,75
431,1.76,76
108,1.86,77
439,1.8,78
324,1.71,79
416,1.69,80
383,1.96,81
336,1.67,82
381,1.63,83
248,1.58,84
187,1.9,85
122,1.72,86
323,1.63,87
7,2.29,88
349,1.99,89
390,1.7,90
200,1.7,90
88,2.15,91
164,2.03,92
127,1.68,93
58,2.05,94
92,2.29,95
83,2.14,96
81,1.7,97
27,1.66,98
59,1.81,99
269,2.16,100
297,1.62,101
28,1.74,102
84,1.61,103
82,2.12,104
63,2.04,105
116,2.02,106
221,1.82,107
162,1.93,108
216,1.53,109
45,1.8,110
62,1.52,111
368,2.3,112
387,2.03,113
193,1.53,114
299,1.5,115
441,1.48,116
199,2.05,117
1,1.46,118
374,1.98,119
259,1.45,120
364,1.44,121
412,1.44,121
60,1.72,122
80,1.41,123
109,1.73,124
438,1.7,125
272,1.61,126
33,1.44,127
282,1.69,128
334,1.36,129
13,1.35,130
404,1.35,130
217,1.35,130
373,1.31,131
316,1.47,132
318,1.22,133
39,1.94,134
3,1.45,135
346,1.7,136
399,1.3,137
167,2.11,138
444,1.76,139
204,1.75,140
110,1.58,141
286,1.52,142
244,1.39,143
442,1.52,144
191,1.73,145
304,1.58,146
239,1.83,147
210,1.38,148
384,1.96,149
48,1.78,150
386,1.57,151
160,1.73,152
26,1.87,153
347,1.75,154
47,1.6,155
61,2.07,156
46,1.57,157
24,1.49,158
112,1.6,159
443,1.58,160
25,1.37,161
419,1.36,162
201,1.36,162
50,1.34,163
94,1.28,164
100,1.76,165
182,1.94,166
144,1.52,167
363,1.52,168
429,1.79,169
29,1.85,170
130,2.28,171
111,1.83,172
345,1.62,173
310,1.43,174
36,1.41,175
141,1.39,176
226,1.32,177
432,1.3,178
203,1.61,179
117,1.25,180
161,1.54,181
158,1.6,182
31,1.39,183
129,1.76,184
2,1.44,185
418,1.44,185
96,1.24,186
95,1.84,187
317,1.81,188
98,1.59,189
67,1.49,190
437,1.46,191
284,1.59,192
32,1.69,193
66,1.6,194
137,1.82,195
283,1.56,196
196,1.55,197
290,1.51,198
118,1.49,199
152,1.45,200
49,1.61,201
287,1.7,202
166,1.82,203
57,1.64,204
291,1.59,205
288,1.54,206
132,1.56,207
395,1.6,208
410,2.06,209
440,1.5,210
40,1.48,211
312,1.51,212
294,1.44,213
420,1.39,214
289,1.38,215
79,1.38,215
97,1.32,216
332,1.32,216
75,1.3,217
43,1.98,218
77,1.74,219
195,1.42,220
319,1.62,221
71,1.26,222
4,1.65,223
339,1.54,224
452,1.63,225
446,1.82,226
52,1.47,227
352,1.4,228
126,1.73,229
341,1.81,230
103,1.54,231
107,1.93,232
105,1.58,233
106,1.99,234
133,1.47,235
445,1.6,236
102,1.44,237
305,1.69,238
425,1.82,239
375,1.51,240
10,1.42,241
267,1.42,241
338,1.42,241
406,1.5,242
450,1.57,243
93,1.56,244
34,1.41,245
308,1.38,246
247,1.39,247
271,1.87,248
315,1.38,249
218,1.3,250
53,1.3,250
104,1.27,251
91,1.46,252
253,1.44,253
313,1.4,254
219,1.49,255
124,1.65,256
175,1.42,257
76,1.63,258
256,1.37,259
168,1.58,260
260,1.36,261
421,1.36,261
87,1.5,262
330,1.45,263
303,1.48,264
179,1.34,265
277,1.49,266
73,1.44,267
72,1.32,268
254,1.31,269
30,1.3,270
5,1.48,271
90,1.49,272
343,1.29,273
172,1.46,274
222,1.54,275
309,1.89,276
37,1.35,277
394,1.57,278
280,1.68,279
401,1.77,280
212,1.61,281
337,1.46,282
325,1.28,283
113,1.28,283
252,1.28,283
262,1.27,284
360,1.27,284
258,1.27,285
402,1.26,286
279,1.26,286
314,1.26,286
424,1.42,287
54,1.61,288
171,1.35,289
224,1.25,290
150,1.46,291
430,1.57,292
86,1.27,293
411,1.24,294
51,1.24,294
74,1.24,294
333,1.46,295
348,1.98,296
237,1.37,297
322,1.36,298
328,1.33,299
407,1.49,300
11,1.24,301
270,1.23,302
115,1.23,302
114,1.35,303
163,1.27,304
329,1.27,304
434,1.23,305
64,1.22,306
261,1.22,306
447,1.22,306
213,1.22,306
292,1.22,306
236,1.22,306
251,1.22,306
44,1.21,307
78,1.53,308
405,1.42,309
388,1.64,310
393,1.2,311
42,1.2,311
369,1.2,311
255,1.2,311
344,1.37,312
235,1.4,313
266,1.4,314
121,1.46,315
275,1.33,316
170,1.21,317
38,1.31,318
357,1.27,319
340,1.25,320
397,1.36,321
263,1.27,322
56,1.38,323
448,1.19,324
321,1.19,324
140,1.19,324
400,1.19,324
99,1.19,324
385,1.42,325
119,1.57,326
320,1.18,327
69,1.18,327
327,1.18,327
101,1.18,327
190,1.18,327
249,1.44,328
223,1.4,329
177,1.39,330
142,1.47,331
214,1.3,332
65,1.17,333
194,1.17,333
148,1.17,333
359,1.17,333
178,1.17,333
41,1.16,334
234,1.22,335
209,1.21,336
415,1.21,337
423,1.23,338
391,1.15,339
396,1.15,339
18,1.15,339
276,1.15,339
120,1.18,340
354,1.15,341
165,1.14,342
139,1.14,342
301,1.14,342
428,1.13,343
250,1.23,344
355,1.12,345
307,1.12,345
326,1.11,346
264,1.11,346
268,1.11,346
169,1.11,346
181,1.11,346
151,1.25,347
180,1.09,348
379,1.21,349
257,1.3,350
240,1.09,351
296,1.07,352
131,1.08,353
55,1.19,354
265,1.05,355
331,1.04,356
281,1.2,357
23,1.11,358
278,1.15,359
353,1.11,360
12,1.09,361
351,1.22,362
16,1.14,363
17,1.17,364
9,1.07,365
366,1.05,366
372,1.05,366
362,1.13,367
134,1.13,368
241,1.11,369
232,1.09,370
361,1.07,371
156,1.02,372
378,1.18,373
274,1.17,374
433,1.08,375
123,1.06,376
189,1.05,377
20,1.16,378
356,1.13,379
21,1.19,380
19,1.14,381
8,1.12,382
15,1.24,383
22,1.11,384
358,1.04,385
192,1.27,386
350,1.02,387
225,1.06,388
380,1.08,389
35,1.02,390
367,1.07,391
453,1.04,392
403,1.02,393
242,1.05,394
398,1.02,395
138,1.02,396
377,1.12,397
