1.093588079878274940e-03,6.524514831094419334e-03,1.015816650867704465e-03
5.755727446882252536e-05,0.000000000000000000e+00,9.166588432992733935e-04
2.935420727851242601e-03,3.055346575078704725e-03,1.109851305045099880e-03
2.935420727851242601e-03,3.055346575078704725e-03,1.109851305045099880e-03
1.151145489376450507e-04,1.539116439488859517e-04,9.166588432992733935e-04
4.029008537670811024e-04,3.965709626008347144e-03,1.019121911119985451e-03
1.151145489376450507e-04,0.000000000000000000e+00,9.232693638038354722e-04
1.151145489376450507e-04,9.992066005187997949e-05,9.287781308909704835e-04
1.151145489376450507e-04,0.000000000000000000e+00,9.177605967167004608e-04
5.180154027047262615e-04,2.137559336213028585e-03,9.188623501341273113e-04
1.151145489376450507e-04,0.000000000000000000e+00,9.232693638038354722e-04
1.151145489376450507e-04,3.150394053955719418e-06,9.166588432992733935e-04
1.151145489376450507e-04,1.539116439488859517e-04,9.166588432992733935e-04
4.029008537670811024e-04,3.965709626008347144e-03,1.019121911119985451e-03
1.151145489376450507e-04,0.000000000000000000e+00,9.232693638038354722e-04
1.151145489376450507e-04,9.992066005187997949e-05,9.287781308909704835e-04
1.151145489376450507e-04,0.000000000000000000e+00,9.177605967167004608e-04
5.180154027047262615e-04,2.137559336213028585e-03,9.188623501341273113e-04
1.151145489376450507e-04,0.000000000000000000e+00,9.232693638038354722e-04
1.151145489376450507e-04,3.150394053955719418e-06,9.166588432992733935e-04
3.338321581618323812e-03,5.321243938132829039e-04,1.133252547631249550e-03
2.935420727851242601e-03,3.920507880445195208e-03,1.113443021185911951e-03
3.338321581618323812e-03,5.321243938132829039e-04,1.133252547631249550e-03
2.877863453382420184e-03,0.000000000000000000e+00,1.104739169188238487e-03
2.877863453382420184e-03,0.000000000000000000e+00,1.104739169188238487e-03
3.338321581618323812e-03,5.321243938132829039e-04,1.133252547631249550e-03
2.935420727851242601e-03,3.920507880445195208e-03,1.113443021185911951e-03
3.338321581618323812e-03,5.321243938132829039e-04,1.133252547631249550e-03
2.877863453382420184e-03,0.000000000000000000e+00,1.104739169188238487e-03
2.877863453382420184e-03,0.000000000000000000e+00,1.104739169188238487e-03
2.877863453382420184e-03,0.000000000000000000e+00,1.104739169188238487e-03
2.877863453382420184e-03,0.000000000000000000e+00,1.104739169188238487e-03
3.395878856087146229e-03,4.329834517762984683e-03,1.108958884776984049e-03
3.108092551257710286e-03,3.848298682268435321e-03,1.114908353231089735e-03
2.935420727851242601e-03,5.340799851251711288e-04,1.106402816848553244e-03
3.108092551257710286e-03,3.848298682268435321e-03,1.114908353231089735e-03
2.877863453382420184e-03,0.000000000000000000e+00,1.104739169188238487e-03
2.877863453382420184e-03,0.000000000000000000e+00,1.104739169188238487e-03
2.935420727851242601e-03,3.324969304015925383e-03,1.107295237116669075e-03
2.935420727851242601e-03,1.112628098264024142e-03,1.106512992190295886e-03
2.877863453382420184e-03,0.000000000000000000e+00,1.104739169188238487e-03
2.877863453382420184e-03,0.000000000000000000e+00,1.104739169188238487e-03
2.992978002320065452e-03,3.474590995901194902e-03,1.107405412458411934e-03
3.108092551257710286e-03,3.848298682268435321e-03,1.114908353231089735e-03
2.935420727851242601e-03,9.655234719317768929e-04,1.106402816848553244e-03
2.877863453382420184e-03,0.000000000000000000e+00,1.104739169188238487e-03
2.877863453382420184e-03,0.000000000000000000e+00,1.104739169188238487e-03
2.877863453382420184e-03,0.000000000000000000e+00,1.104739169188238487e-03
2.877863453382420184e-03,0.000000000000000000e+00,1.104739169188238487e-03
2.935420727851242601e-03,3.324969304015925383e-03,1.107295237116669075e-03
3.223207032680678978e-03,6.664800253471996234e-03,1.187877482067280785e-03
2.935420727851242601e-03,1.112628098264024142e-03,1.106512992190295886e-03
3.223207032680678978e-03,6.664800253471996234e-03,1.187877482067280785e-03
2.877863453382420184e-03,0.000000000000000000e+00,1.104739169188238487e-03
2.877863453382420184e-03,0.000000000000000000e+00,1.104739169188238487e-03
2.935420727851242601e-03,3.324969304015925383e-03,1.107295237116669075e-03
3.223207032680678978e-03,6.664800253471996234e-03,1.187877482067280785e-03
2.935420727851242601e-03,1.112628098264024142e-03,1.106512992190295886e-03
3.223207032680678978e-03,6.664800253471996234e-03,1.187877482067280785e-03
2.877863453382420184e-03,0.000000000000000000e+00,1.104739169188238487e-03
2.877863453382420184e-03,0.000000000000000000e+00,1.104739169188238487e-03
2.935420727851242601e-03,3.154494892106927267e-03,1.107295237116669075e-03
3.223207032680678978e-03,6.664800253471996234e-03,1.187877482067280785e-03
2.935420727851242601e-03,4.051347175734459384e-03,1.113443021185911951e-03
3.223207032680678978e-03,6.664800253471996234e-03,1.187877482067280785e-03
2.877863453382420184e-03,0.000000000000000000e+00,1.104739169188238487e-03
2.877863453382420184e-03,0.000000000000000000e+00,1.104739169188238487e-03
2.877863453382420184e-03,0.000000000000000000e+00,1.104739169188238487e-03
2.877863453382420184e-03,0.000000000000000000e+00,1.104739169188238487e-03
5.755727446882252536e-05,0.000000000000000000e+00,8.351290904096745314e-04
1.151145489376450507e-04,1.539116439488859517e-04,9.188623501341273113e-04
8.633590495176614137e-04,3.427642722425265718e-03,9.331851445606785360e-04
1.151145489376450507e-04,2.184513928530899631e-06,9.188623501341273113e-04
4.029008537670811024e-04,6.916173805803947292e-04,8.384343506619556250e-04
1.151145489376450507e-04,1.539116439488859517e-04,8.373325972445285576e-04
5.755727446882252536e-05,0.000000000000000000e+00,8.373325972445285576e-04
1.151145489376450507e-04,0.000000000000000000e+00,8.373325972445285576e-04
1.151145489376450507e-04,7.645239081000426435e-05,8.373325972445285576e-04
1.151145489376450507e-04,7.645239081000426435e-05,8.373325972445285576e-04
1.151145489376450507e-04,7.645239081000426435e-05,8.373325972445285576e-04
5.755727446882252536e-05,0.000000000000000000e+00,8.351290904096745314e-04
1.151145489376450507e-04,1.539116439488859517e-04,9.188623501341273113e-04
8.633590495176614137e-04,3.427642722425265718e-03,9.331851445606785360e-04
1.151145489376450507e-04,2.184513928530899631e-06,9.188623501341273113e-04
4.029008537670811024e-04,6.916173805803947292e-04,8.384343506619556250e-04
1.151145489376450507e-04,1.539116439488859517e-04,8.373325972445285576e-04
5.755727446882252536e-05,0.000000000000000000e+00,8.373325972445285576e-04
1.151145489376450507e-04,0.000000000000000000e+00,8.373325972445285576e-04
1.151145489376450507e-04,7.645239081000426435e-05,8.373325972445285576e-04
1.151145489376450507e-04,7.645239081000426435e-05,8.373325972445285576e-04
1.151145489376450507e-04,7.645239081000426435e-05,8.373325972445285576e-04
7.482445005800163629e-04,7.641541655772632335e-04,1.065395554651919893e-03
7.482445005800163629e-04,7.641541655772632335e-04,1.065395554651919893e-03
6.331299516423713122e-04,0.000000000000000000e+00,1.037851719216244511e-03
6.331299516423713122e-04,0.000000000000000000e+00,1.037851719216244511e-03
6.331299516423713122e-04,0.000000000000000000e+00,1.037851719216244511e-03
6.331299516423713122e-04,0.000000000000000000e+00,1.037851719216244511e-03
6.331299516423713122e-04,0.000000000000000000e+00,1.037851719216244511e-03
6.331299516423713122e-04,0.000000000000000000e+00,1.037851719216244511e-03
1.151145489376450507e-04,1.539116439488859517e-04,9.915780756843102853e-04
4.029008537670811024e-04,9.673307509963685775e-04,9.959850893540181209e-04
1.151145489376450507e-04,0.000000000000000000e+00,9.937815825191642031e-04
1.151145489376450507e-04,2.333369596234454617e-04,9.948833359365912704e-04
1.151145489376450507e-04,0.000000000000000000e+00,9.937815825191642031e-04
5.180154027047262615e-04,2.137559336213028585e-03,9.948833359365912704e-04
5.755727446882252536e-05,0.000000000000000000e+00,9.915780756843102853e-04
1.151145489376450507e-04,5.045811936721616135e-05,9.915780756843102853e-04
1.151145489376450507e-04,5.045811936721616135e-05,9.915780756843102853e-04
8.058017750488388883e-04,1.064741512867371266e-02,1.013613144032850331e-03
5.180154027047262615e-04,6.300949689726813773e-04,1.007002623528288360e-03
3.453436468129351521e-04,0.000000000000000000e+00,1.004799116693434226e-03
3.453436468129351521e-04,0.000000000000000000e+00,1.004799116693434226e-03
5.180154027047262615e-04,3.249567465813368427e-03,9.970868427714451882e-04
4.029008537670811024e-04,1.019856846792870390e-03,9.970868427714451882e-04
5.180154027047262615e-04,3.250372937622636720e-03,9.970868427714451882e-04
1.151145489376450507e-04,3.150394053955719629e-07,9.937815825191642031e-04
4.029008537670811024e-04,8.713032197341448633e-04,9.970868427714451882e-04
5.180154027047262615e-04,3.249567465813368427e-03,9.970868427714451882e-04
1.036030872924128881e-03,6.885434625677717274e-03,1.219828331172664003e-03
1.036030872924128881e-03,6.885434625677717274e-03,1.219828331172664003e-03
1.036030872924128881e-03,6.885434625677717274e-03,1.219828331172664003e-03
1.036030872924128881e-03,6.885434625677717274e-03,1.219828331172664003e-03
1.036030872924128881e-03,6.885434625677717274e-03,1.219828331172664003e-03
1.036030872924128881e-03,6.885434625677717274e-03,1.219828331172664003e-03
4.029008537670811024e-04,1.019856846792870390e-03,9.970868427714451882e-04
5.180154027047262615e-04,3.249567465813368427e-03,9.970868427714451882e-04
4.029008537670811024e-04,1.019856846792870390e-03,9.970868427714451882e-04
5.180154027047262615e-04,3.240096153626457511e-03,1.009206130363142278e-03
4.029008537670811024e-04,4.095061195096945210e-03,1.014714897450277398e-03
2.302290978752901014e-04,4.893924127577592388e-04,1.008104376945715428e-03
2.302290978752901014e-04,9.312472748939093492e-04,1.030139445294255473e-03
5.755727446882252536e-05,0.000000000000000000e+00,8.979290352030142247e-04
1.151145489376450507e-04,8.097144602860402682e-07,9.001325420378681426e-04
1.151145489376450507e-04,1.539116439488859517e-04,9.001325420378681426e-04
8.633590495176614137e-04,5.696556068738321864e-04,9.133535830469922999e-04
1.151145489376450507e-04,8.097144602860402682e-07,9.001325420378681426e-04
4.029008537670811024e-04,6.916173805803947292e-04,9.001325420378681426e-04
1.151145489376450507e-04,1.539116439488859517e-04,8.990307886204412921e-04
5.755727446882252536e-05,0.000000000000000000e+00,8.990307886204412921e-04
1.151145489376450507e-04,0.000000000000000000e+00,9.001325420378681426e-04
1.151145489376450507e-04,7.645239081000426435e-05,8.990307886204412921e-04
1.151145489376450507e-04,7.645239081000426435e-05,8.990307886204412921e-04
1.151145489376450507e-04,7.645239081000426435e-05,8.990307886204412921e-04
3.453436468129351521e-04,9.422535240577105224e-04,9.188623501341273113e-04
3.453436468129351521e-04,9.583941031069240668e-05,9.177605967167004608e-04
2.877863723441126268e-04,1.534575900207657033e-06,9.177605967167004608e-04
1.726718234064675761e-04,8.882486387084321112e-08,9.155570898818463262e-04
1.726718234064675761e-04,4.378054774121845277e-08,9.155570898818463262e-04
2.302290978752901014e-04,4.656483441189480238e-03,9.254728706386893900e-04
1.726718234064675761e-04,0.000000000000000000e+00,9.199641035515543786e-04
2.302290978752901014e-04,4.656483441189480238e-03,9.254728706386893900e-04
1.151145489376450507e-04,1.539116439488859517e-04,9.023360488727221688e-04
1.151145489376450507e-04,0.000000000000000000e+00,9.034378022901492361e-04
1.151145489376450507e-04,2.155898601450557115e-05,9.056413091250033708e-04
1.151145489376450507e-04,0.000000000000000000e+00,9.034378022901492361e-04
5.180154027047262615e-04,2.137559336213028585e-03,9.045395557075763034e-04
1.151145489376450507e-04,1.381118310186891182e-06,9.023360488727221688e-04
1.151145489376450507e-04,1.381118310186891182e-06,9.023360488727221688e-04
1.151145489376450507e-04,9.929608766049545509e-07,9.023360488727221688e-04
1.151145489376450507e-04,1.539116439488859517e-04,9.023360488727221688e-04
8.633590495176614137e-04,2.453293092068858667e-04,9.122518296295652326e-04
1.151145489376450507e-04,9.929608766049545509e-07,9.023360488727221688e-04
1.151145489376450507e-04,1.539116439488859517e-04,9.023360488727221688e-04
1.151145489376450507e-04,0.000000000000000000e+00,9.034378022901492361e-04
1.151145489376450507e-04,2.187420595824234412e-05,9.056413091250033708e-04
1.151145489376450507e-04,0.000000000000000000e+00,9.034378022901492361e-04
5.180154027047262615e-04,2.137559336213028585e-03,9.034378022901492361e-04
5.755727446882252536e-05,0.000000000000000000e+00,9.023360488727221688e-04
1.151145489376450507e-04,1.390145227246936456e-06,9.023360488727221688e-04
1.151145489376450507e-04,1.539116439488859517e-04,9.023360488727221688e-04
8.633590495176614137e-04,2.442612443803413871e-04,9.122518296295652326e-04
1.151145489376450507e-04,9.929608766049545509e-07,9.023360488727221688e-04
1.151145489376450507e-04,1.539116439488859517e-04,9.023360488727221688e-04
1.151145489376450507e-04,0.000000000000000000e+00,9.034378022901492361e-04
1.151145489376450507e-04,2.155898601450557115e-05,9.056413091250033708e-04
1.151145489376450507e-04,0.000000000000000000e+00,9.034378022901492361e-04
5.180154027047262615e-04,2.137559336213028585e-03,9.045395557075763034e-04
1.151145489376450507e-04,1.381118310186891182e-06,9.023360488727221688e-04
1.151145489376450507e-04,1.381118310186891182e-06,9.023360488727221688e-04
1.093588079878274940e-03,8.257482509064332805e-04,1.164520309617828172e-03
1.093588079878274940e-03,8.257482509064332805e-04,1.164520309617828172e-03
1.093588079878274940e-03,8.257482509064332805e-04,1.164520309617828172e-03
1.093588079878274940e-03,8.257482509064332805e-04,1.164520309617828172e-03
1.611603550097677777e-03,2.135235338362085830e-02,1.248870551256039962e-03
1.611603550097677777e-03,2.135235338362085830e-02,1.248870551256039962e-03
1.151145489376450507e-04,1.539116439488859517e-04,1.079718349078470901e-03
1.151145489376450507e-04,1.539116439488859517e-04,1.079718349078470901e-03
1.151145489376450507e-04,1.539116439488859517e-04,1.079718349078470901e-03
1.151145489376450507e-04,1.539116439488859517e-04,1.079718349078470901e-03
1.151145489376450507e-04,1.539116439488859517e-04,1.079718349078470901e-03
1.151145489376450507e-04,1.539116439488859517e-04,1.079718349078470901e-03
1.151145489376450507e-04,9.929608766049545509e-07,9.023360488727221688e-04
1.151145489376450507e-04,1.539116439488859517e-04,9.023360488727221688e-04
8.633590495176614137e-04,2.453293092068858667e-04,9.122518296295652326e-04
1.151145489376450507e-04,9.929608766049545509e-07,9.023360488727221688e-04
1.151145489376450507e-04,1.539116439488859517e-04,9.023360488727221688e-04
1.151145489376450507e-04,0.000000000000000000e+00,9.034378022901492361e-04
1.151145489376450507e-04,2.155898601450557115e-05,9.056413091250033708e-04
1.151145489376450507e-04,0.000000000000000000e+00,9.034378022901492361e-04
5.180154027047262615e-04,2.137559336213028585e-03,9.045395557075763034e-04
1.151145489376450507e-04,1.381118310186891182e-06,9.023360488727221688e-04
1.151145489376450507e-04,1.381118310186891182e-06,9.023360488727221688e-04
1.151145489376450507e-04,9.929608766049545509e-07,9.023360488727221688e-04
1.151145489376450507e-04,1.539116439488859517e-04,9.023360488727221688e-04
8.633590495176614137e-04,2.453293092068858667e-04,9.122518296295652326e-04
1.151145489376450507e-04,9.929608766049545509e-07,9.023360488727221688e-04
1.151145489376450507e-04,1.539116439488859517e-04,9.111500762121383821e-04
1.151145489376450507e-04,0.000000000000000000e+00,9.177605967167004608e-04
1.151145489376450507e-04,1.020605810101342321e-04,9.232693638038354722e-04
1.151145489376450507e-04,0.000000000000000000e+00,9.122518296295652326e-04
5.180154027047262615e-04,2.137559336213028585e-03,9.133535830469922999e-04
1.151145489376450507e-04,1.381118310186891182e-06,9.111500762121383821e-04
1.151145489376450507e-04,1.381118310186891182e-06,9.111500762121383821e-04
1.151145489376450507e-04,3.574659155777836299e-06,9.155570898818463262e-04
1.151145489376450507e-04,1.539116439488859517e-04,9.155570898818463262e-04
8.633590495176614137e-04,3.445210998676695793e-03,9.320833911432514687e-04
1.151145489376450507e-04,3.574659155777836299e-06,9.155570898818463262e-04
1.151145489376450507e-04,1.539116439488859517e-04,7.458870635980867402e-04
5.755727446882252536e-05,0.000000000000000000e+00,6.907993927267360845e-04
3.453436468129351521e-04,9.976021562805473079e-04,8.097887618088532840e-04
1.151145489376450507e-04,1.539116439488859517e-04,7.458870635980867402e-04
1.151145489376450507e-04,1.539116439488859517e-04,7.458870635980867402e-04
1.151145489376450507e-04,0.000000000000000000e+00,7.458870635980867402e-04
1.726718234064675761e-04,7.649617135774549204e-05,8.097887618088532840e-04
1.726718234064675761e-04,1.375749370727088463e-03,8.858097476113171347e-04
5.755727446882252536e-05,0.000000000000000000e+00,6.907993927267360845e-04
5.755727446882252536e-05,0.000000000000000000e+00,6.907993927267360845e-04
1.151145489376450507e-04,1.527297135905460439e-03,9.761535278403319933e-04
1.151145354347097357e-03,1.678582308066555416e-03,1.087430623000460155e-03
1.151145354347097357e-03,1.678582308066555416e-03,1.087430623000460155e-03
1.151145354347097357e-03,1.678582308066555416e-03,1.087430623000460155e-03
1.151145354347097357e-03,1.678582308066555416e-03,1.087430623000460155e-03
1.151145354347097357e-03,1.678582308066555416e-03,1.087430623000460155e-03
1.151145354347097357e-03,1.678582308066555416e-03,1.087430623000460155e-03
1.151145354347097357e-03,1.678582308066555416e-03,1.087430623000460155e-03
1.151145354347097357e-03,1.678582308066555416e-03,1.087430623000460155e-03
4.374352454542452910e-03,1.497906847995512589e-02,1.213515284090807165e-03
1.093588079878274940e-03,0.000000000000000000e+00,1.086328869583033088e-03
1.093588079878274940e-03,0.000000000000000000e+00,1.086328869583033088e-03
1.093588079878274940e-03,0.000000000000000000e+00,1.086328869583033088e-03
1.093588079878274940e-03,0.000000000000000000e+00,1.086328869583033088e-03
1.093588079878274940e-03,0.000000000000000000e+00,1.086328869583033088e-03
1.093588079878274940e-03,0.000000000000000000e+00,1.086328869583033088e-03
1.093588079878274940e-03,0.000000000000000000e+00,1.086328869583033088e-03
1.093588079878274940e-03,0.000000000000000000e+00,1.086328869583033088e-03
1.093588079878274940e-03,0.000000000000000000e+00,1.086328869583033088e-03
1.093588079878274940e-03,0.000000000000000000e+00,1.086328869583033088e-03
1.093588079878274940e-03,0.000000000000000000e+00,1.086328869583033088e-03
1.151145489376450507e-04,1.527297135905460439e-03,9.761535278403319933e-04
1.151145489376450507e-04,1.527297135905460439e-03,9.761535278403319933e-04
1.151145489376450507e-04,1.527297135905460439e-03,9.761535278403319933e-04
1.151145489376450507e-04,1.527297135905460439e-03,9.761535278403319933e-04
1.151145489376450507e-04,1.527297135905460439e-03,9.761535278403319933e-04
1.151145489376450507e-04,1.527297135905460439e-03,9.761535278403319933e-04
1.151145489376450507e-04,1.527297135905460439e-03,9.761535278403319933e-04
4.259237905604808076e-03,2.152128681051853482e-02,1.270916637138754489e-03
4.259237905604808076e-03,2.152128681051853482e-02,1.270916637138754489e-03
3.510993405024791496e-03,1.956463673152840192e-03,1.202784205805068228e-03
3.510993405024791496e-03,1.956463673152840192e-03,1.202784205805068228e-03
3.510993405024791496e-03,1.956463673152840192e-03,1.202784205805068228e-03
3.510993405024791496e-03,1.956463673152840192e-03,1.202784205805068228e-03
3.338321581618323812e-03,1.539116439488859517e-04,1.199511998155310035e-03
3.280764307149501395e-03,0.000000000000000000e+00,1.199379787745218648e-03
3.280764307149501395e-03,0.000000000000000000e+00,1.199379787745218648e-03
3.280764307149501395e-03,0.000000000000000000e+00,1.199379787745218648e-03
3.280764307149501395e-03,0.000000000000000000e+00,1.199379787745218648e-03
3.280764307149501395e-03,0.000000000000000000e+00,1.199379787745218648e-03
3.280764307149501395e-03,0.000000000000000000e+00,1.199379787745218648e-03
3.280764307149501395e-03,0.000000000000000000e+00,1.199379787745218648e-03
3.280764307149501395e-03,0.000000000000000000e+00,1.199379787745218648e-03
3.280764307149501395e-03,0.000000000000000000e+00,1.199379787745218648e-03
3.280764307149501395e-03,0.000000000000000000e+00,1.199379787745218648e-03
3.338321581618323812e-03,1.539116439488859517e-04,1.199511998155310035e-03
3.280764307149501395e-03,0.000000000000000000e+00,1.199379787745218648e-03
3.280764307149501395e-03,0.000000000000000000e+00,1.199379787745218648e-03
3.280764307149501395e-03,0.000000000000000000e+00,1.199379787745218648e-03
3.338321581618323812e-03,7.673691923573689160e-05,1.199511998155310035e-03
3.453436130555969080e-03,1.330334337167641580e-02,1.256847245998211557e-03
3.338321581618323812e-03,1.539116439488859517e-04,1.199511998155310035e-03
3.280764307149501395e-03,0.000000000000000000e+00,1.199379787745218648e-03
3.280764307149501395e-03,0.000000000000000000e+00,1.199379787745218648e-03
3.453436130555969080e-03,1.330334337167641580e-02,1.256847245998211557e-03
3.280764307149501395e-03,0.000000000000000000e+00,1.199379787745218648e-03
3.280764307149501395e-03,0.000000000000000000e+00,1.199379787745218648e-03
3.280764307149501395e-03,0.000000000000000000e+00,1.199379787745218648e-03
3.280764307149501395e-03,0.000000000000000000e+00,1.199379787745218648e-03
3.280764307149501395e-03,0.000000000000000000e+00,1.199379787745218648e-03
3.453436130555969080e-03,1.330334337167641580e-02,1.256847245998211557e-03
3.280764307149501395e-03,0.000000000000000000e+00,1.199379787745218648e-03
3.453436130555969080e-03,6.589834505632611011e-04,1.201087505542230678e-03
3.338321581618323812e-03,1.535833349754121239e-04,1.199511998155310035e-03
3.453436130555969080e-03,6.589834505632611011e-04,1.201087505542230678e-03
3.338321581618323812e-03,1.534519933321884814e-04,1.199511998155310035e-03
3.453436130555969080e-03,6.589834505632611011e-04,1.201087505542230678e-03
3.280764307149501395e-03,0.000000000000000000e+00,1.199379787745218648e-03
3.338321581618323812e-03,7.673691923573689160e-05,1.199511998155310035e-03
3.280764307149501395e-03,0.000000000000000000e+00,1.199379787745218648e-03
3.280764307149501395e-03,0.000000000000000000e+00,1.199379787745218648e-03
3.280764307149501395e-03,0.000000000000000000e+00,1.199379787745218648e-03
3.338321581618323812e-03,1.533863676451619384e-04,1.199776418975492375e-03
3.280764307149501395e-03,0.000000000000000000e+00,1.199379787745218648e-03
3.338321581618323812e-03,1.533863676451619384e-04,1.199776418975492375e-03
3.280764307149501395e-03,0.000000000000000000e+00,1.199379787745218648e-03
3.280764307149501395e-03,0.000000000000000000e+00,1.199379787745218648e-03
3.280764307149501395e-03,0.000000000000000000e+00,1.199379787745218648e-03
3.280764307149501395e-03,0.000000000000000000e+00,1.199379787745218648e-03
3.280764307149501395e-03,0.000000000000000000e+00,1.199379787745218648e-03
3.280764307149501395e-03,0.000000000000000000e+00,1.199379787745218648e-03
3.280764307149501395e-03,0.000000000000000000e+00,1.199379787745218648e-03
3.338321581618323812e-03,1.533863676451619384e-04,1.199776418975492375e-03
3.280764307149501395e-03,0.000000000000000000e+00,1.199379787745218648e-03
3.280764307149501395e-03,0.000000000000000000e+00,1.199379787745218648e-03
1.151145489376450507e-04,1.539116439488859517e-04,7.381747896760975942e-04
5.755727446882252536e-05,0.000000000000000000e+00,6.852906256396009647e-04
3.453436468129351521e-04,9.976021562805473079e-04,8.009747344694372875e-04
1.151145489376450507e-04,1.539116439488859517e-04,7.381747896760975942e-04
1.151145489376450507e-04,1.539116439488859517e-04,7.381747896760975942e-04
1.151145489376450507e-04,0.000000000000000000e+00,7.381747896760975942e-04
1.726718234064675761e-04,7.649617135774549204e-05,8.009747344694372875e-04
1.726718234064675761e-04,1.375749370727088463e-03,8.747922134370470035e-04
5.755727446882252536e-05,0.000000000000000000e+00,6.852906256396009647e-04
5.755727446882252536e-05,0.000000000000000000e+00,6.852906256396009647e-04
1.151145489376450507e-04,1.527297135905460439e-03,9.629324868312078359e-04
4.029008537670811024e-04,3.341274353493972355e-03,1.070904321739055013e-03
1.151145489376450507e-04,1.527297135905460439e-03,9.629324868312078359e-04
2.877863723441126268e-04,0.000000000000000000e+00,1.068700814904200878e-03
2.877863723441126268e-04,0.000000000000000000e+00,1.068700814904200878e-03
2.877863723441126268e-04,0.000000000000000000e+00,1.068700814904200878e-03
1.726718234064675761e-04,1.375749370727088463e-03,8.747922134370470035e-04
1.151145489376450507e-04,1.539116439488859517e-04,7.381747896760975942e-04
5.755727446882252536e-05,0.000000000000000000e+00,6.852906256396009647e-04
3.453436468129351521e-04,9.976021562805473079e-04,8.009747344694372875e-04
1.151145489376450507e-04,1.539116439488859517e-04,7.381747896760975942e-04
1.151145489376450507e-04,1.539116439488859517e-04,7.381747896760975942e-04
1.151145489376450507e-04,0.000000000000000000e+00,7.381747896760975942e-04
1.726718234064675761e-04,7.649617135774549204e-05,8.009747344694372875e-04
1.726718234064675761e-04,1.375749370727088463e-03,8.747922134370470035e-04
5.755727446882252536e-05,0.000000000000000000e+00,6.852906256396009647e-04
5.755727446882252536e-05,0.000000000000000000e+00,6.852906256396009647e-04
1.151145489376450507e-04,1.527297135905460439e-03,9.629324868312078359e-04
4.029008537670811024e-04,3.341274353493972355e-03,1.070904321739055013e-03
1.151145489376450507e-04,1.527297135905460439e-03,9.629324868312078359e-04
2.877863723441126268e-04,0.000000000000000000e+00,1.068700814904200878e-03
2.877863723441126268e-04,0.000000000000000000e+00,1.068700814904200878e-03
2.877863723441126268e-04,0.000000000000000000e+00,1.068700814904200878e-03
1.726718234064675761e-04,1.375749370727088463e-03,8.747922134370470035e-04
1.151145489376450507e-04,1.539116439488859517e-04,7.381747896760975942e-04
5.755727446882252536e-05,0.000000000000000000e+00,6.852906256396009647e-04
3.453436468129351521e-04,9.976021562805473079e-04,8.009747344694372875e-04
1.151145489376450507e-04,1.539116439488859517e-04,7.381747896760975942e-04
1.151145489376450507e-04,1.539116439488859517e-04,7.381747896760975942e-04
1.151145489376450507e-04,0.000000000000000000e+00,7.381747896760975942e-04
1.726718234064675761e-04,7.649617135774549204e-05,8.009747344694372875e-04
5.755727446882252536e-05,0.000000000000000000e+00,6.852906256396009647e-04
5.755727446882252536e-05,0.000000000000000000e+00,6.852906256396009647e-04
1.151145489376450507e-04,1.539116439488859517e-04,7.381747896760975942e-04
5.755727446882252536e-05,0.000000000000000000e+00,6.852906256396009647e-04
3.453436468129351521e-04,9.976021562805473079e-04,8.009747344694372875e-04
1.151145489376450507e-04,1.539116439488859517e-04,7.381747896760975942e-04
1.151145489376450507e-04,1.539116439488859517e-04,7.381747896760975942e-04
1.151145489376450507e-04,0.000000000000000000e+00,7.381747896760975942e-04
1.726718234064675761e-04,7.649617135774549204e-05,8.009747344694372875e-04
5.755727446882252536e-05,0.000000000000000000e+00,6.852906256396009647e-04
5.755727446882252536e-05,0.000000000000000000e+00,6.852906256396009647e-04
1.151145489376450507e-04,1.539116439488859517e-04,7.458870635980867402e-04
5.755727446882252536e-05,0.000000000000000000e+00,6.907993927267360845e-04
3.453436468129351521e-04,9.976021562805473079e-04,8.097887618088532840e-04
1.151145489376450507e-04,1.539116439488859517e-04,7.458870635980867402e-04
1.151145489376450507e-04,1.539116439488859517e-04,7.458870635980867402e-04
1.151145489376450507e-04,0.000000000000000000e+00,7.458870635980867402e-04
1.726718234064675761e-04,7.649617135774549204e-05,8.097887618088532840e-04
1.726718234064675761e-04,1.375749370727088463e-03,8.858097476113171347e-04
5.755727446882252536e-05,0.000000000000000000e+00,6.907993927267360845e-04
5.755727446882252536e-05,0.000000000000000000e+00,6.907993927267360845e-04
1.151145489376450507e-04,1.539116439488859517e-04,7.458870635980867402e-04
5.755727446882252536e-05,0.000000000000000000e+00,6.907993927267360845e-04
3.453436468129351521e-04,9.976021562805473079e-04,8.097887618088532840e-04
1.151145489376450507e-04,1.539116439488859517e-04,7.458870635980867402e-04
1.151145489376450507e-04,1.539116439488859517e-04,7.458870635980867402e-04
1.151145489376450507e-04,0.000000000000000000e+00,7.458870635980867402e-04
1.726718234064675761e-04,7.649617135774549204e-05,8.097887618088532840e-04
1.726718234064675761e-04,1.375749370727088463e-03,8.858097476113171347e-04
5.755727446882252536e-05,0.000000000000000000e+00,6.907993927267360845e-04
5.755727446882252536e-05,0.000000000000000000e+00,6.907993927267360845e-04
1.151145489376450507e-04,1.539116439488859517e-04,7.458870635980867402e-04
5.755727446882252536e-05,0.000000000000000000e+00,6.907993927267360845e-04
3.453436468129351521e-04,9.976021562805473079e-04,8.097887618088532840e-04
1.151145489376450507e-04,1.539116439488859517e-04,7.458870635980867402e-04
1.151145489376450507e-04,1.539116439488859517e-04,7.458870635980867402e-04
1.151145489376450507e-04,0.000000000000000000e+00,7.458870635980867402e-04
1.726718234064675761e-04,7.649617135774549204e-05,8.097887618088532840e-04
1.726718234064675761e-04,1.375749370727088463e-03,8.858097476113171347e-04
5.755727446882252536e-05,0.000000000000000000e+00,6.907993927267360845e-04
5.755727446882252536e-05,0.000000000000000000e+00,6.907993927267360845e-04
1.151145489376450507e-04,1.539116439488859517e-04,7.458870635980867402e-04
5.755727446882252536e-05,0.000000000000000000e+00,6.907993927267360845e-04
3.453436468129351521e-04,9.976021562805473079e-04,8.097887618088532840e-04
1.151145489376450507e-04,1.539116439488859517e-04,7.458870635980867402e-04
1.151145489376450507e-04,1.539116439488859517e-04,7.458870635980867402e-04
1.151145489376450507e-04,0.000000000000000000e+00,7.458870635980867402e-04
1.726718234064675761e-04,7.649617135774549204e-05,8.097887618088532840e-04
1.726718234064675761e-04,1.375749370727088463e-03,8.858097476113171347e-04
5.755727446882252536e-05,0.000000000000000000e+00,6.907993927267360845e-04
5.755727446882252536e-05,0.000000000000000000e+00,6.907993927267360845e-04
1.151145489376450507e-04,1.539116439488859517e-04,7.458870635980867402e-04
5.755727446882252536e-05,0.000000000000000000e+00,6.907993927267360845e-04
3.453436468129351521e-04,9.976021562805473079e-04,8.097887618088532840e-04
1.151145489376450507e-04,1.539116439488859517e-04,7.458870635980867402e-04
1.151145489376450507e-04,1.539116439488859517e-04,7.458870635980867402e-04
1.151145489376450507e-04,0.000000000000000000e+00,7.458870635980867402e-04
1.726718234064675761e-04,7.649617135774549204e-05,8.097887618088532840e-04
1.726718234064675761e-04,1.375749370727088463e-03,8.858097476113171347e-04
5.755727446882252536e-05,0.000000000000000000e+00,6.907993927267360845e-04
5.755727446882252536e-05,0.000000000000000000e+00,6.907993927267360845e-04
1.151145489376450507e-04,1.539116439488859517e-04,7.458870635980867402e-04
5.755727446882252536e-05,0.000000000000000000e+00,6.907993927267360845e-04
3.453436468129351521e-04,9.976021562805473079e-04,8.097887618088532840e-04
1.151145489376450507e-04,1.539116439488859517e-04,7.458870635980867402e-04
1.151145489376450507e-04,1.539116439488859517e-04,7.458870635980867402e-04
1.151145489376450507e-04,0.000000000000000000e+00,7.458870635980867402e-04
1.726718234064675761e-04,7.649617135774549204e-05,8.097887618088532840e-04
1.726718234064675761e-04,1.375749370727088463e-03,8.858097476113171347e-04
5.755727446882252536e-05,0.000000000000000000e+00,6.907993927267360845e-04
5.755727446882252536e-05,0.000000000000000000e+00,6.907993927267360845e-04
1.151145489376450507e-04,1.539116439488859517e-04,7.458870635980867402e-04
5.755727446882252536e-05,0.000000000000000000e+00,6.907993927267360845e-04
3.453436468129351521e-04,9.976021562805473079e-04,8.097887618088532840e-04
1.151145489376450507e-04,1.539116439488859517e-04,7.458870635980867402e-04
1.151145489376450507e-04,1.539116439488859517e-04,7.458870635980867402e-04
1.151145489376450507e-04,0.000000000000000000e+00,7.458870635980867402e-04
1.726718234064675761e-04,7.649617135774549204e-05,8.097887618088532840e-04
1.726718234064675761e-04,1.375749370727088463e-03,8.858097476113171347e-04
5.755727446882252536e-05,0.000000000000000000e+00,6.907993927267360845e-04
5.755727446882252536e-05,0.000000000000000000e+00,6.907993927267360845e-04
5.755727446882252536e-05,0.000000000000000000e+00,8.373325972445285576e-04
8.633590495176614137e-04,4.503447227657077917e-03,8.582659121756417526e-04
8.633590495176614137e-04,4.503447227657077917e-03,8.582659121756417526e-04
7.482445005800163629e-04,0.000000000000000000e+00,8.560624053407878348e-04
7.482445005800163629e-04,0.000000000000000000e+00,8.560624053407878348e-04
7.482445005800163629e-04,0.000000000000000000e+00,8.560624053407878348e-04
7.482445005800163629e-04,0.000000000000000000e+00,8.560624053407878348e-04
7.482445005800163629e-04,0.000000000000000000e+00,8.560624053407878348e-04
7.482445005800163629e-04,0.000000000000000000e+00,8.560624053407878348e-04
7.482445005800163629e-04,0.000000000000000000e+00,8.560624053407878348e-04
7.482445005800163629e-04,0.000000000000000000e+00,8.560624053407878348e-04
7.482445005800163629e-04,0.000000000000000000e+00,8.560624053407878348e-04
1.151145489376450507e-04,3.502443819297476222e-07,7.690238853640538530e-04
1.151145489376450507e-04,3.502443819297476222e-07,7.690238853640538530e-04
5.755727446882252536e-05,0.000000000000000000e+00,7.690238853640538530e-04
1.151145489376450507e-04,1.539116439488859517e-04,7.690238853640538530e-04
1.151145489376450507e-04,3.502443819297476222e-07,7.690238853640538530e-04
5.755727446882252536e-05,0.000000000000000000e+00,7.690238853640538530e-04
5.755727446882252536e-05,0.000000000000000000e+00,7.117327076578492794e-04
4.029008537670811024e-04,2.617942253860668870e-03,7.899572002951670479e-04
1.151145489376450507e-04,1.602502006777766289e-03,7.888554468777400890e-04
4.029008537670811024e-04,2.617942253860668870e-03,7.899572002951670479e-04
1.151145489376450507e-04,1.602502006777766289e-03,7.888554468777400890e-04
5.755727446882252536e-05,0.000000000000000000e+00,8.373325972445285576e-04
1.151145489376450507e-04,3.502443819297476222e-07,7.690238853640538530e-04
1.151145489376450507e-04,3.502443819297476222e-07,7.690238853640538530e-04
5.755727446882252536e-05,0.000000000000000000e+00,7.690238853640538530e-04
1.151145489376450507e-04,1.539116439488859517e-04,7.690238853640538530e-04
1.151145489376450507e-04,3.502443819297476222e-07,7.690238853640538530e-04
5.755727446882252536e-05,0.000000000000000000e+00,7.690238853640538530e-04
5.755727446882252536e-05,0.000000000000000000e+00,7.117327076578492794e-04
5.180154027047262615e-04,3.243744472425445346e-03,6.841888722221740058e-04
1.151145489376450507e-04,1.539116439488859517e-04,6.379152286902394550e-04
4.029008537670811024e-04,1.017607158523165965e-03,6.841888722221740058e-04
1.151145489376450507e-04,0.000000000000000000e+00,6.379152286902394550e-04
1.151145489376450507e-04,2.317868574258945600e-05,6.401187355250935896e-04
1.151145489376450507e-04,0.000000000000000000e+00,6.379152286902394550e-04
5.180154027047262615e-04,2.137559336213028585e-03,6.390169821076665223e-04
8.633590495176614137e-04,4.423558560329826118e-03,7.337677760063895417e-04
1.151145489376450507e-04,1.335983724886666081e-06,6.379152286902394550e-04
1.151145489376450507e-04,1.335983724886666081e-06,6.379152286902394550e-04
5.755727446882252536e-05,0.000000000000000000e+00,5.971503522454401323e-04
1.151145489376450507e-04,1.020041627785089739e-06,6.379152286902394550e-04
1.151145489376450507e-04,1.539116439488859517e-04,6.379152286902394550e-04
8.633590495176614137e-04,2.597805909974825974e-04,6.445257491948015336e-04
1.151145489376450507e-04,1.020041627785089739e-06,6.379152286902394550e-04
4.029008537670811024e-04,6.916173805803947292e-04,5.982521056628670912e-04
1.151145489376450507e-04,1.539116439488859517e-04,5.982521056628670912e-04
5.755727446882252536e-05,0.000000000000000000e+00,5.982521056628670912e-04
1.151145489376450507e-04,0.000000000000000000e+00,5.982521056628670912e-04
1.151145489376450507e-04,7.645239081000426435e-05,5.982521056628670912e-04
1.151145489376450507e-04,7.645239081000426435e-05,5.982521056628670912e-04
1.151145489376450507e-04,7.645239081000426435e-05,5.982521056628670912e-04
8.633590495176614137e-04,4.423558560329826118e-03,7.337677760063895417e-04
8.633590495176614137e-04,4.423558560329826118e-03,7.337677760063895417e-04
8.633590495176614137e-04,4.423558560329826118e-03,7.337677760063895417e-04
8.633590495176614137e-04,4.423558560329826118e-03,7.337677760063895417e-04
8.633590495176614137e-04,4.423558560329826118e-03,7.337677760063895417e-04
9.784735984553064644e-04,6.164869908007511098e-03,7.833466797906049692e-04
9.784735984553064644e-04,6.164869908007511098e-03,7.833466797906049692e-04
7.482445005800163629e-04,0.000000000000000000e+00,7.326660225889625828e-04
7.482445005800163629e-04,0.000000000000000000e+00,7.326660225889625828e-04
9.784735984553064644e-04,6.164869908007511098e-03,7.833466797906049692e-04
9.784735984553064644e-04,6.164869908007511098e-03,7.833466797906049692e-04
7.482445005800163629e-04,0.000000000000000000e+00,7.326660225889625828e-04
7.482445005800163629e-04,0.000000000000000000e+00,7.326660225889625828e-04
5.755727446882252536e-05,0.000000000000000000e+00,5.971503522454401323e-04
8.633590495176614137e-04,2.597805909974825974e-04,6.445257491948015336e-04
8.633590495176614137e-04,2.597805909974825974e-04,6.445257491948015336e-04
8.633590495176614137e-04,2.597805909974825974e-04,6.445257491948015336e-04
8.633590495176614137e-04,2.597805909974825974e-04,6.445257491948015336e-04
8.633590495176614137e-04,2.597805909974825974e-04,6.445257491948015336e-04
7.482445005800163629e-04,0.000000000000000000e+00,6.092696398371372224e-04
7.482445005800163629e-04,0.000000000000000000e+00,6.092696398371372224e-04
7.482445005800163629e-04,0.000000000000000000e+00,6.092696398371372224e-04
7.482445005800163629e-04,0.000000000000000000e+00,6.092696398371372224e-04
7.482445005800163629e-04,0.000000000000000000e+00,6.092696398371372224e-04
7.482445005800163629e-04,0.000000000000000000e+00,6.092696398371372224e-04
7.482445005800163629e-04,0.000000000000000000e+00,6.092696398371372224e-04
7.482445005800163629e-04,0.000000000000000000e+00,6.092696398371372224e-04
1.151145489376450507e-04,3.502443819297476222e-07,5.629959963052027800e-04
1.151145489376450507e-04,3.502443819297476222e-07,5.629959963052027800e-04
5.755727446882252536e-05,0.000000000000000000e+00,5.629959963052027800e-04
1.151145489376450507e-04,1.539116439488859517e-04,5.629959963052027800e-04
1.151145489376450507e-04,3.502443819297476222e-07,5.629959963052027800e-04
5.755727446882252536e-05,0.000000000000000000e+00,5.618942428877757127e-04
5.180154027047262615e-04,3.243744472425445346e-03,6.841888722221740058e-04
4.029008537670811024e-04,1.017607158523165965e-03,6.841888722221740058e-04
5.180154027047262615e-04,3.243744472425445346e-03,6.841888722221740058e-04
4.029008537670811024e-04,1.017607158523165965e-03,6.841888722221740058e-04
5.180154027047262615e-04,3.243744472425445346e-03,6.841888722221740058e-04
4.029008537670811024e-04,1.017607158523165965e-03,6.841888722221740058e-04
5.180154027047262615e-04,3.243744472425445346e-03,6.841888722221740058e-04
4.029008537670811024e-04,1.017607158523165965e-03,6.841888722221740058e-04
5.180154027047262615e-04,3.243744472425445346e-03,6.841888722221740058e-04
4.029008537670811024e-04,1.017607158523165965e-03,6.841888722221740058e-04
4.604581282359036820e-04,6.283586685569327729e-03,8.285185699051124527e-04
4.604581282359036820e-04,6.257124910092000218e-03,8.285185699051124527e-04
4.604581282359036820e-04,6.257124910092000218e-03,8.285185699051124527e-04
4.604581282359036820e-04,6.283586685569327729e-03,8.285185699051124527e-04
5.755727446882252536e-05,0.000000000000000000e+00,5.310451471998194539e-04
1.151145489376450507e-04,2.317868574258945600e-05,6.401187355250935896e-04
1.151145489376450507e-04,2.317868574258945600e-05,6.401187355250935896e-04
1.151145489376450507e-04,2.317868574258945600e-05,6.401187355250935896e-04
1.151145489376450507e-04,2.317868574258945600e-05,6.401187355250935896e-04
1.151145489376450507e-04,2.317868574258945600e-05,6.401187355250935896e-04
1.151145489376450507e-04,1.539116439488859517e-04,6.379152286902394550e-04
1.151145489376450507e-04,0.000000000000000000e+00,6.379152286902394550e-04
1.151145489376450507e-04,0.000000000000000000e+00,6.379152286902394550e-04
5.180154027047262615e-04,2.137559336213028585e-03,6.390169821076665223e-04
1.151145489376450507e-04,1.335983724886666081e-06,6.379152286902394550e-04
1.151145489376450507e-04,1.335983724886666081e-06,6.379152286902394550e-04
5.755727446882252536e-05,0.000000000000000000e+00,5.971503522454401323e-04
1.151145489376450507e-04,1.020041627785089739e-06,6.379152286902394550e-04
1.151145489376450507e-04,1.539116439488859517e-04,6.379152286902394550e-04
1.151145489376450507e-04,1.020041627785089739e-06,6.379152286902394550e-04
4.029008537670811024e-04,6.916173805803947292e-04,5.982521056628670912e-04
1.151145489376450507e-04,1.539116439488859517e-04,5.982521056628670912e-04
5.755727446882252536e-05,0.000000000000000000e+00,5.982521056628670912e-04
1.151145489376450507e-04,0.000000000000000000e+00,5.982521056628670912e-04
1.151145489376450507e-04,7.645239081000426435e-05,5.982521056628670912e-04
1.151145489376450507e-04,7.645239081000426435e-05,5.982521056628670912e-04
1.151145489376450507e-04,7.645239081000426435e-05,5.982521056628670912e-04
5.755727446882252536e-05,0.000000000000000000e+00,5.971503522454401323e-04
1.151145489376450507e-04,3.502443819297476222e-07,5.629959963052027800e-04
1.151145489376450507e-04,3.502443819297476222e-07,5.629959963052027800e-04
5.755727446882252536e-05,0.000000000000000000e+00,5.629959963052027800e-04
1.151145489376450507e-04,1.539116439488859517e-04,5.629959963052027800e-04
1.151145489376450507e-04,3.502443819297476222e-07,5.629959963052027800e-04
5.755727446882252536e-05,0.000000000000000000e+00,5.618942428877757127e-04
5.755727446882252536e-05,0.000000000000000000e+00,5.310451471998194539e-04
1.151145489376450507e-04,1.539116439488859517e-04,6.379152286902394550e-04
1.151145489376450507e-04,0.000000000000000000e+00,6.379152286902394550e-04
1.151145489376450507e-04,0.000000000000000000e+00,6.379152286902394550e-04
5.180154027047262615e-04,2.137559336213028585e-03,6.390169821076665223e-04
1.151145489376450507e-04,1.335983724886666081e-06,6.379152286902394550e-04
1.151145489376450507e-04,1.335983724886666081e-06,6.379152286902394550e-04
5.755727446882252536e-05,0.000000000000000000e+00,5.971503522454401323e-04
1.151145489376450507e-04,1.020041627785089739e-06,6.379152286902394550e-04
1.151145489376450507e-04,1.539116439488859517e-04,6.379152286902394550e-04
1.151145489376450507e-04,1.020041627785089739e-06,6.379152286902394550e-04
4.029008537670811024e-04,6.916173805803947292e-04,5.982521056628670912e-04
1.151145489376450507e-04,1.539116439488859517e-04,5.982521056628670912e-04
5.755727446882252536e-05,0.000000000000000000e+00,5.982521056628670912e-04
1.151145489376450507e-04,0.000000000000000000e+00,5.982521056628670912e-04
1.151145489376450507e-04,7.645239081000426435e-05,5.982521056628670912e-04
1.151145489376450507e-04,7.645239081000426435e-05,5.982521056628670912e-04
1.151145489376450507e-04,7.645239081000426435e-05,5.982521056628670912e-04
5.755727446882252536e-05,0.000000000000000000e+00,5.971503522454401323e-04
1.151145489376450507e-04,3.502443819297476222e-07,5.629959963052027800e-04
1.151145489376450507e-04,3.502443819297476222e-07,5.629959963052027800e-04
5.755727446882252536e-05,0.000000000000000000e+00,5.629959963052027800e-04
1.151145489376450507e-04,1.539116439488859517e-04,5.629959963052027800e-04
1.151145489376450507e-04,3.502443819297476222e-07,5.629959963052027800e-04
5.755727446882252536e-05,0.000000000000000000e+00,5.618942428877757127e-04
5.755727446882252536e-05,0.000000000000000000e+00,5.310451471998194539e-04
1.151145489376450507e-04,1.539116439488859517e-04,6.379152286902394550e-04
1.151145489376450507e-04,0.000000000000000000e+00,6.379152286902394550e-04
1.151145489376450507e-04,0.000000000000000000e+00,6.379152286902394550e-04
5.180154027047262615e-04,2.137559336213028585e-03,6.390169821076665223e-04
1.151145489376450507e-04,1.335983724886666081e-06,6.379152286902394550e-04
1.151145489376450507e-04,1.335983724886666081e-06,6.379152286902394550e-04
5.755727446882252536e-05,0.000000000000000000e+00,5.971503522454401323e-04
1.151145489376450507e-04,1.020041627785089739e-06,6.379152286902394550e-04
1.151145489376450507e-04,1.539116439488859517e-04,6.379152286902394550e-04
1.151145489376450507e-04,1.020041627785089739e-06,6.379152286902394550e-04
4.029008537670811024e-04,6.916173805803947292e-04,5.982521056628670912e-04
1.151145489376450507e-04,1.539116439488859517e-04,5.982521056628670912e-04
5.755727446882252536e-05,0.000000000000000000e+00,5.982521056628670912e-04
1.151145489376450507e-04,0.000000000000000000e+00,5.982521056628670912e-04
1.151145489376450507e-04,7.645239081000426435e-05,5.982521056628670912e-04
1.151145489376450507e-04,7.645239081000426435e-05,5.982521056628670912e-04
1.151145489376450507e-04,7.645239081000426435e-05,5.982521056628670912e-04
5.755727446882252536e-05,0.000000000000000000e+00,5.971503522454401323e-04
1.151145489376450507e-04,3.502443819297476222e-07,5.629959963052027800e-04
1.151145489376450507e-04,3.502443819297476222e-07,5.629959963052027800e-04
5.755727446882252536e-05,0.000000000000000000e+00,5.629959963052027800e-04
1.151145489376450507e-04,1.539116439488859517e-04,5.629959963052027800e-04
1.151145489376450507e-04,3.502443819297476222e-07,5.629959963052027800e-04
5.755727446882252536e-05,0.000000000000000000e+00,5.618942428877757127e-04
5.755727446882252536e-05,0.000000000000000000e+00,5.310451471998194539e-04
1.151145489376450507e-04,1.539116439488859517e-04,6.379152286902394550e-04
1.151145489376450507e-04,0.000000000000000000e+00,6.379152286902394550e-04
1.151145489376450507e-04,0.000000000000000000e+00,6.379152286902394550e-04
5.180154027047262615e-04,2.137559336213028585e-03,6.390169821076665223e-04
1.151145489376450507e-04,1.335983724886666081e-06,6.379152286902394550e-04
1.151145489376450507e-04,1.335983724886666081e-06,6.379152286902394550e-04
5.755727446882252536e-05,0.000000000000000000e+00,5.971503522454401323e-04
1.151145489376450507e-04,1.020041627785089739e-06,6.379152286902394550e-04
1.151145489376450507e-04,1.539116439488859517e-04,6.379152286902394550e-04
1.151145489376450507e-04,1.020041627785089739e-06,6.379152286902394550e-04
4.029008537670811024e-04,6.916173805803947292e-04,5.982521056628670912e-04
1.151145489376450507e-04,1.539116439488859517e-04,5.982521056628670912e-04
5.755727446882252536e-05,0.000000000000000000e+00,5.982521056628670912e-04
1.151145489376450507e-04,0.000000000000000000e+00,5.982521056628670912e-04
1.151145489376450507e-04,7.645239081000426435e-05,5.982521056628670912e-04
1.151145489376450507e-04,7.645239081000426435e-05,5.982521056628670912e-04
1.151145489376450507e-04,7.645239081000426435e-05,5.982521056628670912e-04
5.755727446882252536e-05,0.000000000000000000e+00,5.971503522454401323e-04
1.151145489376450507e-04,3.502443819297476222e-07,5.629959963052027800e-04
1.151145489376450507e-04,3.502443819297476222e-07,5.629959963052027800e-04
5.755727446882252536e-05,0.000000000000000000e+00,5.629959963052027800e-04
1.151145489376450507e-04,1.539116439488859517e-04,5.629959963052027800e-04
1.151145489376450507e-04,3.502443819297476222e-07,5.629959963052027800e-04
5.755727446882252536e-05,0.000000000000000000e+00,5.618942428877757127e-04
5.755727446882252536e-05,0.000000000000000000e+00,5.310451471998194539e-04
1.151145489376450507e-04,1.539116439488859517e-04,6.379152286902394550e-04
1.151145489376450507e-04,0.000000000000000000e+00,6.379152286902394550e-04
1.151145489376450507e-04,0.000000000000000000e+00,6.379152286902394550e-04
5.180154027047262615e-04,2.137559336213028585e-03,6.390169821076665223e-04
1.151145489376450507e-04,1.335983724886666081e-06,6.379152286902394550e-04
1.151145489376450507e-04,1.335983724886666081e-06,6.379152286902394550e-04
5.755727446882252536e-05,0.000000000000000000e+00,5.971503522454401323e-04
1.151145489376450507e-04,1.020041627785089739e-06,6.379152286902394550e-04
1.151145489376450507e-04,1.539116439488859517e-04,6.379152286902394550e-04
1.151145489376450507e-04,1.020041627785089739e-06,6.379152286902394550e-04
4.029008537670811024e-04,6.916173805803947292e-04,5.982521056628670912e-04
1.151145489376450507e-04,1.539116439488859517e-04,5.982521056628670912e-04
5.755727446882252536e-05,0.000000000000000000e+00,5.982521056628670912e-04
1.151145489376450507e-04,0.000000000000000000e+00,5.982521056628670912e-04
1.151145489376450507e-04,7.645239081000426435e-05,5.982521056628670912e-04
1.151145489376450507e-04,7.645239081000426435e-05,5.982521056628670912e-04
1.151145489376450507e-04,7.645239081000426435e-05,5.982521056628670912e-04
5.755727446882252536e-05,0.000000000000000000e+00,5.971503522454401323e-04
1.151145489376450507e-04,3.502443819297476222e-07,5.629959963052027800e-04
1.151145489376450507e-04,3.502443819297476222e-07,5.629959963052027800e-04
5.755727446882252536e-05,0.000000000000000000e+00,5.629959963052027800e-04
1.151145489376450507e-04,1.539116439488859517e-04,5.629959963052027800e-04
1.151145489376450507e-04,3.502443819297476222e-07,5.629959963052027800e-04
5.755727446882252536e-05,0.000000000000000000e+00,5.618942428877757127e-04
5.755727446882252536e-05,0.000000000000000000e+00,5.310451471998194539e-04
5.755727446882252536e-05,0.000000000000000000e+00,8.230098028179774414e-04
4.029008537670811024e-04,6.916173805803947292e-04,8.252133096528314676e-04
1.151145489376450507e-04,1.539116439488859517e-04,8.252133096528314676e-04
5.755727446882252536e-05,0.000000000000000000e+00,8.252133096528314676e-04
1.151145489376450507e-04,0.000000000000000000e+00,8.252133096528314676e-04
1.151145489376450507e-04,7.645239081000426435e-05,8.252133096528314676e-04
1.151145489376450507e-04,7.645239081000426435e-05,8.252133096528314676e-04
1.151145489376450507e-04,7.645239081000426435e-05,8.252133096528314676e-04
5.755727446882252536e-05,0.000000000000000000e+00,8.230098028179774414e-04
7.482445005800163629e-04,0.000000000000000000e+00,8.406378574968095428e-04
7.482445005800163629e-04,0.000000000000000000e+00,8.406378574968095428e-04
7.482445005800163629e-04,0.000000000000000000e+00,8.406378574968095428e-04
7.482445005800163629e-04,0.000000000000000000e+00,8.406378574968095428e-04
7.482445005800163629e-04,0.000000000000000000e+00,8.406378574968095428e-04
7.482445005800163629e-04,0.000000000000000000e+00,8.406378574968095428e-04
7.482445005800163629e-04,0.000000000000000000e+00,8.406378574968095428e-04
7.482445005800163629e-04,0.000000000000000000e+00,8.406378574968095428e-04
7.482445005800163629e-04,0.000000000000000000e+00,8.406378574968095428e-04
1.151145489376450507e-04,3.502443819297476222e-07,7.591081046072106807e-04
1.151145489376450507e-04,3.502443819297476222e-07,7.591081046072106807e-04
5.755727446882252536e-05,0.000000000000000000e+00,7.591081046072106807e-04
1.151145489376450507e-04,1.539116439488859517e-04,7.591081046072106807e-04
1.151145489376450507e-04,3.502443819297476222e-07,7.591081046072106807e-04
5.755727446882252536e-05,0.000000000000000000e+00,7.580063511897838302e-04
5.755727446882252536e-05,0.000000000000000000e+00,7.018169269010062156e-04
5.755727446882252536e-05,0.000000000000000000e+00,8.230098028179774414e-04
4.029008537670811024e-04,6.916173805803947292e-04,8.252133096528314676e-04
1.151145489376450507e-04,1.539116439488859517e-04,8.252133096528314676e-04
5.755727446882252536e-05,0.000000000000000000e+00,8.252133096528314676e-04
1.151145489376450507e-04,0.000000000000000000e+00,8.252133096528314676e-04
1.151145489376450507e-04,7.645239081000426435e-05,8.252133096528314676e-04
1.151145489376450507e-04,7.645239081000426435e-05,8.252133096528314676e-04
1.151145489376450507e-04,7.645239081000426435e-05,8.252133096528314676e-04
5.755727446882252536e-05,0.000000000000000000e+00,8.230098028179774414e-04
1.151145489376450507e-04,3.502443819297476222e-07,7.591081046072106807e-04
1.151145489376450507e-04,3.502443819297476222e-07,7.591081046072106807e-04
5.755727446882252536e-05,0.000000000000000000e+00,7.591081046072106807e-04
1.151145489376450507e-04,1.539116439488859517e-04,7.591081046072106807e-04
1.151145489376450507e-04,3.502443819297476222e-07,7.591081046072106807e-04
5.755727446882252536e-05,0.000000000000000000e+00,7.580063511897838302e-04
5.755727446882252536e-05,0.000000000000000000e+00,7.018169269010062156e-04
5.180154027047262615e-04,3.088213219017646709e-03,7.304625157541084482e-04
1.151145489376450507e-04,1.539116439488859517e-04,6.786801051350389944e-04
1.151145489376450507e-04,0.000000000000000000e+00,7.293607623366813808e-04
1.151145489376450507e-04,0.000000000000000000e+00,6.786801051350389944e-04
5.180154027047262615e-04,2.137559336213028585e-03,6.797818585524659533e-04
5.755727446882252536e-05,0.000000000000000000e+00,6.775783517176119271e-04
1.151145489376450507e-04,1.399172144306981519e-06,6.786801051350389944e-04
1.151145489376450507e-04,1.399172144306981519e-06,6.786801051350389944e-04
5.755727446882252536e-05,0.000000000000000000e+00,6.324064616031044436e-04
1.151145489376450507e-04,5.038464026234740304e-05,7.282590089192544219e-04
1.151145489376450507e-04,1.539116439488859517e-04,7.282590089192544219e-04
5.755727446882252536e-05,0.000000000000000000e+00,7.282590089192544219e-04
1.151145489376450507e-04,5.038464026234740304e-05,7.282590089192544219e-04
4.029008537670811024e-04,6.916173805803947292e-04,6.335082150205315109e-04
1.151145489376450507e-04,1.539116439488859517e-04,6.335082150205315109e-04
5.755727446882252536e-05,0.000000000000000000e+00,6.335082150205315109e-04
1.151145489376450507e-04,0.000000000000000000e+00,6.335082150205315109e-04
1.151145489376450507e-04,7.645239081000426435e-05,6.335082150205315109e-04
1.151145489376450507e-04,7.645239081000426435e-05,6.335082150205315109e-04
1.151145489376450507e-04,7.645239081000426435e-05,6.335082150205315109e-04
5.755727446882252536e-05,0.000000000000000000e+00,6.764765983001849682e-04
1.151145489376450507e-04,3.502443819297476222e-07,5.938450919931591472e-04
1.151145489376450507e-04,3.502443819297476222e-07,5.938450919931591472e-04
5.755727446882252536e-05,0.000000000000000000e+00,5.938450919931591472e-04
1.151145489376450507e-04,1.539116439488859517e-04,5.938450919931591472e-04
1.151145489376450507e-04,3.502443819297476222e-07,5.938450919931591472e-04
5.755727446882252536e-05,0.000000000000000000e+00,5.938450919931591472e-04
5.755727446882252536e-05,0.000000000000000000e+00,5.585889826354947275e-04
5.180154027047262615e-04,3.088213219017646709e-03,7.304625157541084482e-04
1.151145489376450507e-04,1.539116439488859517e-04,6.786801051350389944e-04
1.151145489376450507e-04,0.000000000000000000e+00,7.293607623366813808e-04
1.151145489376450507e-04,0.000000000000000000e+00,6.786801051350389944e-04
5.180154027047262615e-04,2.137559336213028585e-03,6.797818585524659533e-04
5.755727446882252536e-05,0.000000000000000000e+00,6.775783517176119271e-04
1.151145489376450507e-04,1.399172144306981519e-06,6.786801051350389944e-04
1.151145489376450507e-04,1.399172144306981519e-06,6.786801051350389944e-04
5.755727446882252536e-05,0.000000000000000000e+00,6.324064616031044436e-04
1.151145489376450507e-04,5.038464026234740304e-05,7.282590089192544219e-04
1.151145489376450507e-04,1.539116439488859517e-04,7.282590089192544219e-04
5.755727446882252536e-05,0.000000000000000000e+00,7.282590089192544219e-04
1.151145489376450507e-04,5.038464026234740304e-05,7.282590089192544219e-04
4.029008537670811024e-04,6.916173805803947292e-04,6.335082150205315109e-04
1.151145489376450507e-04,1.539116439488859517e-04,6.335082150205315109e-04
5.755727446882252536e-05,0.000000000000000000e+00,6.335082150205315109e-04
1.151145489376450507e-04,0.000000000000000000e+00,6.335082150205315109e-04
1.151145489376450507e-04,7.645239081000426435e-05,6.335082150205315109e-04
1.151145489376450507e-04,7.645239081000426435e-05,6.335082150205315109e-04
1.151145489376450507e-04,7.645239081000426435e-05,6.335082150205315109e-04
5.755727446882252536e-05,0.000000000000000000e+00,6.764765983001849682e-04
1.151145489376450507e-04,3.502443819297476222e-07,5.938450919931591472e-04
1.151145489376450507e-04,3.502443819297476222e-07,5.938450919931591472e-04
5.755727446882252536e-05,0.000000000000000000e+00,5.938450919931591472e-04
1.151145489376450507e-04,1.539116439488859517e-04,5.938450919931591472e-04
1.151145489376450507e-04,3.502443819297476222e-07,5.938450919931591472e-04
5.755727446882252536e-05,0.000000000000000000e+00,5.938450919931591472e-04
5.755727446882252536e-05,0.000000000000000000e+00,5.585889826354947275e-04
5.755727446882252536e-05,0.000000000000000000e+00,8.307220767399664790e-04
4.029008537670811024e-04,6.916173805803947292e-04,8.329255835748205052e-04
1.151145489376450507e-04,1.539116439488859517e-04,8.329255835748205052e-04
5.755727446882252536e-05,0.000000000000000000e+00,8.318238301573935463e-04
1.151145489376450507e-04,0.000000000000000000e+00,8.329255835748205052e-04
1.151145489376450507e-04,7.645239081000426435e-05,8.329255835748205052e-04
1.151145489376450507e-04,7.645239081000426435e-05,8.329255835748205052e-04
1.151145489376450507e-04,7.645239081000426435e-05,8.329255835748205052e-04
5.755727446882252536e-05,0.000000000000000000e+00,8.340273369922474641e-04
1.151145489376450507e-04,3.502443819297476222e-07,7.657186251117727594e-04
1.151145489376450507e-04,3.502443819297476222e-07,7.657186251117727594e-04
5.755727446882252536e-05,0.000000000000000000e+00,7.657186251117727594e-04
1.151145489376450507e-04,1.539116439488859517e-04,7.657186251117727594e-04
1.151145489376450507e-04,3.502443819297476222e-07,7.657186251117727594e-04
5.755727446882252536e-05,0.000000000000000000e+00,7.646168716943459089e-04
5.755727446882252536e-05,0.000000000000000000e+00,7.073256939881412270e-04
5.755727446882252536e-05,0.000000000000000000e+00,8.230098028179774414e-04
4.029008537670811024e-04,6.916173805803947292e-04,8.252133096528314676e-04
1.151145489376450507e-04,1.539116439488859517e-04,8.252133096528314676e-04
5.755727446882252536e-05,0.000000000000000000e+00,8.252133096528314676e-04
1.151145489376450507e-04,0.000000000000000000e+00,8.252133096528314676e-04
1.151145489376450507e-04,7.645239081000426435e-05,8.252133096528314676e-04
1.151145489376450507e-04,7.645239081000426435e-05,8.252133096528314676e-04
1.151145489376450507e-04,7.645239081000426435e-05,8.252133096528314676e-04
5.755727446882252536e-05,0.000000000000000000e+00,8.230098028179774414e-04
1.151145489376450507e-04,3.502443819297476222e-07,7.591081046072106807e-04
1.151145489376450507e-04,3.502443819297476222e-07,7.591081046072106807e-04
5.755727446882252536e-05,0.000000000000000000e+00,7.591081046072106807e-04
1.151145489376450507e-04,1.539116439488859517e-04,7.591081046072106807e-04
1.151145489376450507e-04,3.502443819297476222e-07,7.591081046072106807e-04
5.755727446882252536e-05,0.000000000000000000e+00,7.580063511897838302e-04
5.755727446882252536e-05,0.000000000000000000e+00,7.018169269010062156e-04
5.755727446882252536e-05,0.000000000000000000e+00,8.230098028179774414e-04
4.029008537670811024e-04,6.916173805803947292e-04,8.252133096528314676e-04
1.151145489376450507e-04,1.539116439488859517e-04,8.252133096528314676e-04
5.755727446882252536e-05,0.000000000000000000e+00,8.252133096528314676e-04
1.151145489376450507e-04,0.000000000000000000e+00,8.252133096528314676e-04
1.151145489376450507e-04,7.645239081000426435e-05,8.252133096528314676e-04
1.151145489376450507e-04,7.645239081000426435e-05,8.252133096528314676e-04
1.151145489376450507e-04,7.645239081000426435e-05,8.252133096528314676e-04
5.755727446882252536e-05,0.000000000000000000e+00,8.230098028179774414e-04
1.151145489376450507e-04,3.502443819297476222e-07,7.591081046072106807e-04
1.151145489376450507e-04,3.502443819297476222e-07,7.591081046072106807e-04
5.755727446882252536e-05,0.000000000000000000e+00,7.591081046072106807e-04
1.151145489376450507e-04,1.539116439488859517e-04,7.591081046072106807e-04
1.151145489376450507e-04,3.502443819297476222e-07,7.591081046072106807e-04
5.755727446882252536e-05,0.000000000000000000e+00,7.580063511897838302e-04
5.755727446882252536e-05,0.000000000000000000e+00,7.018169269010062156e-04
5.755727446882252536e-05,0.000000000000000000e+00,8.219080494005503740e-04
1.151145489376450507e-04,3.502443819297476222e-07,8.219080494005503740e-04
1.151145489376450507e-04,3.502443819297476222e-07,8.219080494005503740e-04
5.755727446882252536e-05,0.000000000000000000e+00,8.219080494005503740e-04
1.151145489376450507e-04,1.539116439488859517e-04,8.219080494005503740e-04
1.151145489376450507e-04,3.502443819297476222e-07,8.219080494005503740e-04
5.755727446882252536e-05,0.000000000000000000e+00,8.208062959831233067e-04
5.755727446882252536e-05,0.000000000000000000e+00,7.558028443549296956e-04
6.331299516423713122e-04,0.000000000000000000e+00,1.038953472633671578e-03
6.331299516423713122e-04,0.000000000000000000e+00,1.038953472633671578e-03
6.331299516423713122e-04,0.000000000000000000e+00,1.038953472633671578e-03
6.331299516423713122e-04,0.000000000000000000e+00,1.038953472633671578e-03
7.482445005800163629e-04,1.067135324894856333e-03,1.041156979468525713e-03
7.482445005800163629e-04,1.067135324894856333e-03,1.041156979468525713e-03
6.331299516423713122e-04,0.000000000000000000e+00,1.038953472633671578e-03
6.331299516423713122e-04,0.000000000000000000e+00,1.038953472633671578e-03
1.036030872924128881e-03,0.000000000000000000e+00,1.181630540190469533e-03
1.036030872924128881e-03,0.000000000000000000e+00,1.181630540190469533e-03
1.036030872924128881e-03,0.000000000000000000e+00,1.181630540190469533e-03
1.036030872924128881e-03,0.000000000000000000e+00,1.181630540190469533e-03
1.036030872924128881e-03,0.000000000000000000e+00,1.181630540190469533e-03
1.036030872924128881e-03,0.000000000000000000e+00,1.181630540190469533e-03
1.036030872924128881e-03,0.000000000000000000e+00,1.181630540190469533e-03
1.036030872924128881e-03,0.000000000000000000e+00,1.181630540190469533e-03
1.036030872924128881e-03,0.000000000000000000e+00,1.181630540190469533e-03
1.036030872924128881e-03,0.000000000000000000e+00,1.181630540190469533e-03
1.036030872924128881e-03,0.000000000000000000e+00,1.181630540190469533e-03
1.036030872924128881e-03,0.000000000000000000e+00,1.181630540190469533e-03
1.036030872924128881e-03,0.000000000000000000e+00,1.181630540190469533e-03
1.036030872924128881e-03,0.000000000000000000e+00,1.181630540190469533e-03
1.036030872924128881e-03,0.000000000000000000e+00,1.181630540190469533e-03
5.755727446882252536e-05,0.000000000000000000e+00,9.684412539183428472e-04
2.302290978752901014e-04,7.734649791788468032e-04,9.464061855698026934e-04
2.302290978752901014e-04,1.140496628495989368e-03,9.530167060743647721e-04
5.755727446882252536e-05,0.000000000000000000e+00,9.684412539183428472e-04
5.755727446882252536e-05,0.000000000000000000e+00,9.684412539183428472e-04
5.755727446882252536e-05,0.000000000000000000e+00,9.684412539183428472e-04
5.755727446882252536e-05,0.000000000000000000e+00,9.684412539183428472e-04
5.755727446882252536e-05,0.000000000000000000e+00,9.684412539183428472e-04
1.151145489376450507e-04,4.331864039525594001e-04,9.772552812577590606e-04
1.151145489376450507e-04,8.852331970645240140e-04,9.970868427714451882e-04
1.726718234064675761e-04,6.382998949652387080e-03,8.791992271067550560e-04
1.151145489376450507e-04,6.356274490888611309e-03,8.780974736893279887e-04
1.151145489376450507e-04,6.356274490888611309e-03,8.780974736893279887e-04
1.726718234064675761e-04,6.382998949652387080e-03,8.791992271067550560e-04
2.302290978752901014e-04,6.213918474275801490e-04,8.604694190104957788e-04
5.755726771735486785e-04,1.238370705912016046e-03,9.045395557075763034e-04
5.755727446882252536e-05,0.000000000000000000e+00,1.064293801234492826e-03
5.755727446882252536e-05,0.000000000000000000e+00,1.064293801234492826e-03
1.726718234064675761e-04,1.308902973706531158e-07,1.064293801234492826e-03
4.834810582778356104e-03,3.988823299894270202e-02,1.210981251230725322e-03
2.877863723441126268e-04,0.000000000000000000e+00,1.157667403361432173e-03
2.877863723441126268e-04,0.000000000000000000e+00,1.157667403361432173e-03
5.755727446882252536e-05,0.000000000000000000e+00,1.064293801234492826e-03
4.029008537670811024e-04,6.145959329189251696e-04,1.066497308069346743e-03
4.029008537670811024e-04,6.145959329189251696e-04,1.066497308069346743e-03
3.453436468129351521e-04,3.075606046113246186e-04,1.066497308069346743e-03
1.151145489376450507e-04,6.562568702652744167e-08,1.064293801234492826e-03
1.726718234064675761e-04,2.410186855032025983e-07,1.064293801234492826e-03
2.302290978752901014e-04,3.075606046113246186e-04,1.064293801234492826e-03
2.302290978752901014e-04,7.901151276960997677e-04,8.858097476113171347e-04
1.726718234064675761e-04,4.203546413517053669e-05,8.395361040793825839e-04
1.151145489376450507e-04,4.518855904271062984e-03,8.505536382536527150e-04
1.151145489376450507e-04,4.518855904271062984e-03,8.505536382536527150e-04
5.180154229591291473e-03,6.096772560820772936e-04,1.120692558672581676e-03
5.180154229591291473e-03,6.096772560820772936e-04,1.120692558672581676e-03
5.180154229591291473e-03,6.096772560820772936e-04,1.120692558672581676e-03
5.640612357827195535e-03,9.537337224748322281e-03,1.147542289455277765e-03
5.640612357827195535e-03,9.537337224748322281e-03,1.147542289455277765e-03
5.640612357827195535e-03,9.537337224748322281e-03,1.147542289455277765e-03
4.719696033840711270e-03,4.844720208066699237e-04,1.118874665533827004e-03
4.547024277948920161e-03,0.000000000000000000e+00,1.118301753756765051e-03
4.547024277948920161e-03,0.000000000000000000e+00,1.118301753756765051e-03
4.719696033840711270e-03,3.310200274744814694e-04,1.118753472657910098e-03
4.547024277948920161e-03,0.000000000000000000e+00,1.118301753756765051e-03
4.547024277948920161e-03,0.000000000000000000e+00,1.118301753756765051e-03
4.547024277948920161e-03,0.000000000000000000e+00,1.118301753756765051e-03
4.547024277948920161e-03,0.000000000000000000e+00,1.118301753756765051e-03
4.547024277948920161e-03,0.000000000000000000e+00,1.118301753756765051e-03
4.547024277948920161e-03,0.000000000000000000e+00,1.118301753756765051e-03
4.719696033840711270e-03,8.360080642985394297e-04,1.118984840875569863e-03
4.547024277948920161e-03,0.000000000000000000e+00,1.118301753756765051e-03
4.547024277948920161e-03,0.000000000000000000e+00,1.118301753756765051e-03
4.719696033840711270e-03,4.584299067034635559e-04,1.118643297316167457e-03
4.547024277948920161e-03,0.000000000000000000e+00,1.118301753756765051e-03
4.547024277948920161e-03,0.000000000000000000e+00,1.118301753756765051e-03
4.719696033840711270e-03,6.872946608078508990e-04,1.118874665533827004e-03
4.547024277948920161e-03,0.000000000000000000e+00,1.118301753756765051e-03
4.547024277948920161e-03,0.000000000000000000e+00,1.118301753756765051e-03
4.834810582778356104e-03,1.663775546282134261e-03,1.119557752652631816e-03
4.547024277948920161e-03,0.000000000000000000e+00,1.118301753756765051e-03
4.547024277948920161e-03,0.000000000000000000e+00,1.118301753756765051e-03
4.547024277948920161e-03,0.000000000000000000e+00,1.118301753756765051e-03
4.604581552417743445e-03,3.549016392485366145e-04,1.118984840875569863e-03
4.547024277948920161e-03,0.000000000000000000e+00,1.118301753756765051e-03
4.604581552417743445e-03,3.549016392485366145e-04,1.118984840875569863e-03
4.547024277948920161e-03,0.000000000000000000e+00,1.118301753756765051e-03
4.949925131716000938e-03,1.375209651356068107e-03,1.119899296212034222e-03
4.547024277948920161e-03,0.000000000000000000e+00,1.118301753756765051e-03
4.604581552417743445e-03,1.513507978481217907e-04,1.118422946632681957e-03
4.547024277948920161e-03,0.000000000000000000e+00,1.118301753756765051e-03
4.604581552417743445e-03,3.211162356912236789e-04,1.120009471553776864e-03
4.547024277948920161e-03,0.000000000000000000e+00,1.118301753756765051e-03
4.604581552417743445e-03,3.211162356912236789e-04,1.120009471553776864e-03
4.547024277948920161e-03,0.000000000000000000e+00,1.118301753756765051e-03
4.604581552417743445e-03,3.211162356912236789e-04,1.120009471553776864e-03
4.547024277948920161e-03,0.000000000000000000e+00,1.118301753756765051e-03
4.604581552417743445e-03,3.211162356912236789e-04,1.120009471553776864e-03
4.547024277948920161e-03,0.000000000000000000e+00,1.118301753756765051e-03
4.604581552417743445e-03,3.211162356912236789e-04,1.120009471553776864e-03
4.547024277948920161e-03,0.000000000000000000e+00,1.118301753756765051e-03
4.547024277948920161e-03,0.000000000000000000e+00,1.118301753756765051e-03
4.547024277948920161e-03,0.000000000000000000e+00,1.118301753756765051e-03
4.604581552417743445e-03,3.211162356912236789e-04,1.120009471553776864e-03
4.547024277948920161e-03,0.000000000000000000e+00,1.118301753756765051e-03
4.547024277948920161e-03,0.000000000000000000e+00,1.118301753756765051e-03
4.547024277948920161e-03,0.000000000000000000e+00,1.118301753756765051e-03
4.777253308309533687e-03,1.063668988743799110e-03,1.119216209093229410e-03
4.547024277948920161e-03,0.000000000000000000e+00,1.118301753756765051e-03
4.547024277948920161e-03,0.000000000000000000e+00,1.118301753756765051e-03
4.604581552417743445e-03,3.211162356912236789e-04,1.120009471553776864e-03
4.547024277948920161e-03,0.000000000000000000e+00,1.118301753756765051e-03
4.604581552417743445e-03,9.187424672289701744e-05,1.118643297316167457e-03
4.547024277948920161e-03,0.000000000000000000e+00,1.118301753756765051e-03
4.604581552417743445e-03,1.256726490407764584e-04,1.118533121974424598e-03
4.547024277948920161e-03,0.000000000000000000e+00,1.118301753756765051e-03
4.604581552417743445e-03,9.187424672289701744e-05,1.118643297316167457e-03
4.547024277948920161e-03,0.000000000000000000e+00,1.118301753756765051e-03
4.604581552417743445e-03,1.256726490407764584e-04,1.118533121974424598e-03
4.547024277948920161e-03,0.000000000000000000e+00,1.118301753756765051e-03
4.604581552417743445e-03,9.187424672289701744e-05,1.118643297316167457e-03
4.547024277948920161e-03,0.000000000000000000e+00,1.118301753756765051e-03
4.547024277948920161e-03,0.000000000000000000e+00,1.118301753756765051e-03
4.604581552417743445e-03,9.187424672289701744e-05,1.118643297316167457e-03
4.547024277948920161e-03,0.000000000000000000e+00,1.118301753756765051e-03
4.547024277948920161e-03,0.000000000000000000e+00,1.118301753756765051e-03
4.604581552417743445e-03,9.187424672289701744e-05,1.118643297316167457e-03
4.547024277948920161e-03,0.000000000000000000e+00,1.118301753756765051e-03
4.547024277948920161e-03,0.000000000000000000e+00,1.118301753756765051e-03
4.547024277948920161e-03,0.000000000000000000e+00,1.118301753756765051e-03
4.547024277948920161e-03,0.000000000000000000e+00,1.118301753756765051e-03
4.547024277948920161e-03,0.000000000000000000e+00,1.118301753756765051e-03
4.604581552417743445e-03,3.509959630441669785e-04,1.118643297316167457e-03
1.151145489376450507e-04,1.539116439488859517e-04,9.585254731614997834e-04
1.151145489376450507e-04,1.539116439488859517e-04,9.585254731614997834e-04
1.151145489376450507e-04,1.539116439488859517e-04,9.585254731614997834e-04
1.151145489376450507e-04,1.539116439488859517e-04,9.585254731614997834e-04
1.151145489376450507e-04,1.539116439488859517e-04,9.585254731614997834e-04
5.755727446882252536e-05,0.000000000000000000e+00,8.692834463499117753e-04
5.755727446882252536e-05,0.000000000000000000e+00,8.692834463499117753e-04
5.755727446882252536e-05,0.000000000000000000e+00,8.692834463499117753e-04
5.755727446882252536e-05,0.000000000000000000e+00,8.692834463499117753e-04
5.755727446882252536e-05,0.000000000000000000e+00,8.692834463499117753e-04
1.151145489376450507e-04,1.539116439488859517e-04,9.563219663266457572e-04
5.755727446882252536e-05,0.000000000000000000e+00,8.681816929324849249e-04
1.726718234064675761e-04,0.000000000000000000e+00,7.888554468777400890e-04
2.302290978752901014e-04,1.973520574552819096e-04,7.932624605474481415e-04
1.726718234064675761e-04,0.000000000000000000e+00,7.888554468777400890e-04
1.726718234064675761e-04,0.000000000000000000e+00,8.252133096528314676e-04
5.755726771735486785e-04,6.286280046812534310e-04,8.560624053407878348e-04
1.726718234064675761e-04,0.000000000000000000e+00,8.252133096528314676e-04
2.302290978752901014e-04,7.681906418098328958e-06,8.549606519233607675e-04
2.877863723441126268e-04,0.000000000000000000e+00,8.252133096528314676e-04
2.877863723441126268e-04,0.000000000000000000e+00,8.252133096528314676e-04
2.877863723441126268e-04,0.000000000000000000e+00,8.252133096528314676e-04
2.877863723441126268e-04,0.000000000000000000e+00,8.252133096528314676e-04
2.302290978752901014e-04,1.161528623092529690e-04,7.602098580246377480e-04
1.726718234064675761e-04,0.000000000000000000e+00,7.249537486669734368e-04
2.302290978752901014e-04,2.974816003679313066e-04,7.855501866254589955e-04
1.726718234064675761e-04,0.000000000000000000e+00,7.249537486669734368e-04
1.726718234064675761e-04,4.206639035301825238e-04,9.893745688494561506e-04
1.726718234064675761e-04,8.727107869113176399e-04,1.009206130363142278e-03
2.302290978752901014e-04,6.583661899746952491e-03,9.353886513955325622e-04
1.151145489376450507e-04,0.000000000000000000e+00,8.648764326802038313e-04
1.726718234064675761e-04,6.456605965935894448e-03,9.353886513955325622e-04
1.726718234064675761e-04,6.456605965935894448e-03,9.353886513955325622e-04
2.302290978752901014e-04,6.583661899746952491e-03,9.353886513955325622e-04
1.151145489376450507e-04,0.000000000000000000e+00,8.648764326802038313e-04
5.180154027047262615e-04,6.785112719162517993e-03,1.001493856441153241e-03
1.841832580458291303e-03,2.757730202839067321e-02,1.074209581991335998e-03
5.180154027047262615e-04,6.658582151924354736e-03,1.001493856441153241e-03
4.604581282359036820e-04,2.020776485362155042e-04,9.849675551797480982e-04
5.180154027047262615e-04,6.658582151924354736e-03,1.001493856441153241e-03
4.604581282359036820e-04,1.446753024130478774e-05,9.827640483448939635e-04
5.180154027047262615e-04,6.785112719162517993e-03,1.001493856441153241e-03
4.604581282359036820e-04,1.446753024130478774e-05,9.827640483448939635e-04
1.151145489376450507e-04,0.000000000000000000e+00,9.199641035515543786e-04
3.453436468129351521e-04,1.942066282057092305e-04,1.005900870110861293e-03
3.453436468129351521e-04,9.440766002271572211e-04,1.046665746555660833e-03
1.381374452222387675e-03,1.425532547505724864e-04,1.051072760225368668e-03
3.453436468129351521e-04,1.733168075528647774e-06,1.003697363276007375e-03
1.381374452222387675e-03,1.425532547505724864e-04,1.051072760225368668e-03
3.453436468129351521e-04,1.733168075528647774e-06,1.003697363276007375e-03
1.208702628815919991e-03,0.000000000000000000e+00,1.048869253390514750e-03
1.208702628815919991e-03,0.000000000000000000e+00,1.048869253390514750e-03
1.208702628815919991e-03,0.000000000000000000e+00,1.048869253390514750e-03
1.208702628815919991e-03,0.000000000000000000e+00,1.048869253390514750e-03
1.208702628815919991e-03,0.000000000000000000e+00,1.048869253390514750e-03
1.208702628815919991e-03,0.000000000000000000e+00,1.048869253390514750e-03
1.208702628815919991e-03,0.000000000000000000e+00,1.048869253390514750e-03
1.208702628815919991e-03,0.000000000000000000e+00,1.048869253390514750e-03
1.208702628815919991e-03,0.000000000000000000e+00,1.048869253390514750e-03
1.208702628815919991e-03,0.000000000000000000e+00,1.048869253390514750e-03
1.208702628815919991e-03,0.000000000000000000e+00,1.048869253390514750e-03
1.208702628815919991e-03,0.000000000000000000e+00,1.048869253390514750e-03
1.208702628815919991e-03,0.000000000000000000e+00,1.048869253390514750e-03
1.208702628815919991e-03,0.000000000000000000e+00,1.048869253390514750e-03
1.208702628815919991e-03,0.000000000000000000e+00,1.048869253390514750e-03
1.208702628815919991e-03,0.000000000000000000e+00,1.048869253390514750e-03
1.151145489376450507e-04,0.000000000000000000e+00,9.199641035515543786e-04
3.453436468129351521e-04,1.750254224139901108e-04,1.003697363276007375e-03
1.151145489376450507e-04,0.000000000000000000e+00,9.199641035515543786e-04
1.151145489376450507e-04,0.000000000000000000e+00,9.199641035515543786e-04
3.453436468129351521e-04,4.920297168460220508e-04,1.025732431624547421e-03
9.209163239864839390e-04,1.608595717408320457e-04,1.027935938459401555e-03
9.209163239864839390e-04,1.608595717408320457e-04,1.027935938459401555e-03
9.209163239864839390e-04,1.608595717408320457e-04,1.027935938459401555e-03
1.726718234064675761e-04,9.149742709714250247e-04,1.024630678207120353e-03
1.726718234064675761e-04,4.629274778594604650e-04,1.003697363276007375e-03
7.482445005800163629e-04,0.000000000000000000e+00,1.003697363276007375e-03
7.482445005800163629e-04,0.000000000000000000e+00,1.003697363276007375e-03
7.482445005800163629e-04,0.000000000000000000e+00,1.003697363276007375e-03
7.482445005800163629e-04,0.000000000000000000e+00,1.003697363276007375e-03
7.482445005800163629e-04,0.000000000000000000e+00,1.003697363276007375e-03
7.482445005800163629e-04,0.000000000000000000e+00,1.003697363276007375e-03
7.482445005800163629e-04,0.000000000000000000e+00,1.003697363276007375e-03
7.482445005800163629e-04,0.000000000000000000e+00,1.003697363276007375e-03
1.151145489376450507e-04,0.000000000000000000e+00,9.464061855698026934e-04
1.151145489376450507e-04,0.000000000000000000e+00,9.640342402486347948e-04
2.302290978752901014e-04,1.539116439488859517e-04,1.001493856441153241e-03
5.755727446882252536e-05,0.000000000000000000e+00,1.000392103023726173e-03
1.151145489376450507e-04,7.628602472858764792e-05,1.000392103023726173e-03
1.151145489376450507e-04,0.000000000000000000e+00,1.000392103023726173e-03
5.755727446882252536e-05,0.000000000000000000e+00,9.992903496062991060e-04
2.877863723441126268e-04,2.298606035944515181e-04,1.001493856441153241e-03
3.453436468129351521e-04,1.564834126192927771e-04,1.001493856441153241e-03
1.726718234064675761e-04,0.000000000000000000e+00,1.000392103023726173e-03
1.726718234064675761e-04,0.000000000000000000e+00,1.000392103023726173e-03
2.302290978752901014e-04,1.272795305466350855e-06,1.000392103023726173e-03
1.726718234064675761e-04,0.000000000000000000e+00,1.000392103023726173e-03
2.877863723441126268e-04,2.293462498603701693e-04,1.000392103023726173e-03
1.726718234064675761e-04,0.000000000000000000e+00,1.000392103023726173e-03
1.726718234064675761e-04,0.000000000000000000e+00,1.000392103023726173e-03
2.877863723441126268e-04,0.000000000000000000e+00,1.001493856441153241e-03
2.877863723441126268e-04,0.000000000000000000e+00,1.001493856441153241e-03
2.877863723441126268e-04,0.000000000000000000e+00,1.001493856441153241e-03
2.877863723441126268e-04,0.000000000000000000e+00,1.001493856441153241e-03
3.453436468129351521e-04,9.060693978300317364e-04,1.002595609858580308e-03
1.726718234064675761e-04,5.582992035972719107e-04,1.001493856441153241e-03
2.302290978752901014e-04,3.604429025550158483e-04,1.001493856441153241e-03
1.726718234064675761e-04,0.000000000000000000e+00,1.001493856441153241e-03
1.726718234064675761e-04,0.000000000000000000e+00,1.001493856441153241e-03
5.755727446882252536e-05,0.000000000000000000e+00,1.000392103023726173e-03
1.151145489376450507e-04,7.749427757707467491e-05,1.001493856441153241e-03
1.151145489376450507e-04,2.464348357392296146e-07,1.002595609858580308e-03
5.180154027047262615e-04,2.112607854229016802e-03,1.003697363276007375e-03
3.453436468129351521e-04,2.316444126746870183e-04,1.001493856441153241e-03
3.453436468129351521e-04,2.309002336322568802e-04,1.001493856441153241e-03
2.877863723441126268e-04,2.509482942692521459e-06,1.001493856441153241e-03
2.302290978752901014e-04,0.000000000000000000e+00,1.001493856441153241e-03
3.453436468129351521e-04,3.075606046113246186e-04,1.000392103023726173e-03
1.726718234064675761e-04,1.007911256639801078e-04,1.002595609858580308e-03
1.726718234064675761e-04,2.153056025268348754e-04,1.003697363276007375e-03
2.302290978752901014e-04,4.381228457621815474e-03,7.866519400428860628e-04
2.877863723441126268e-04,4.242550458365120479e-03,7.315642691715355155e-04
2.302290978752901014e-04,4.381228457621815474e-03,7.866519400428860628e-04
2.877863723441126268e-04,4.242550458365120479e-03,7.315642691715355155e-04
2.302290978752901014e-04,4.103872368839254874e-03,6.830871188047470469e-04
2.302290978752901014e-04,4.103872368839254874e-03,6.830871188047470469e-04
1.151145489376450507e-04,3.964143726705940916e-03,6.412204889425205485e-04
1.151145489376450507e-04,3.964143726705940916e-03,6.412204889425205485e-04
2.302290978752901014e-04,3.824415084572626959e-03,6.037608727500021026e-04
2.877863723441126268e-04,3.683635799562694907e-03,5.707082702271918176e-04
2.302290978752901014e-04,3.824415084572626959e-03,6.037608727500021026e-04
2.877863723441126268e-04,3.683635799562694907e-03,5.707082702271918176e-04
2.877863723441126268e-04,3.542593921535485205e-03,5.398591745392354504e-04
2.877863723441126268e-04,3.542593921535485205e-03,5.398591745392354504e-04
2.877863723441126268e-04,3.401026767204552194e-03,5.134170925209872441e-04
2.877863723441126268e-04,3.401026767204552194e-03,5.134170925209872441e-04
2.877863723441126268e-04,3.258934336569895441e-03,4.880767639201659966e-04
2.877863723441126268e-04,3.258934336569895441e-03,4.880767639201659966e-04
2.302290978752901014e-04,3.116579132379619817e-03,4.660416955716257343e-04
2.302290978752901014e-04,3.116579132379619817e-03,4.660416955716257343e-04
1.151145489376450507e-04,2.973173465851067319e-03,4.451083806405125394e-04
1.151145489376450507e-04,2.973173465851067319e-03,4.451083806405125394e-04
2.302290978752901014e-04,2.829767709053344210e-03,4.263785725442533706e-04
2.877863723441126268e-04,2.685311399648173183e-03,4.098522712828482281e-04
2.302290978752901014e-04,2.829767709053344210e-03,4.263785725442533706e-04
2.877863723441126268e-04,2.685311399648173183e-03,4.098522712828482281e-04
2.302290978752901014e-04,2.540855090243001723e-03,3.933259700214430314e-04
2.302290978752901014e-04,2.540855090243001723e-03,3.933259700214430314e-04
1.151145489376450507e-04,2.395348228230382778e-03,3.779014221774648478e-04
1.151145489376450507e-04,2.395348228230382778e-03,3.779014221774648478e-04
2.302290978752901014e-04,2.249841366217763400e-03,3.646803811683406904e-04
2.877863723441126268e-04,2.103283861328525493e-03,3.514593401592166415e-04
2.302290978752901014e-04,2.249841366217763400e-03,3.646803811683406904e-04
2.877863723441126268e-04,2.103283861328525493e-03,3.514593401592166415e-04
2.302290978752901014e-04,1.956726356439288019e-03,3.393400525675194972e-04
2.302290978752901014e-04,1.956726356439288019e-03,3.393400525675194972e-04
1.151145489376450507e-04,1.809118298942601977e-03,3.283225183932493661e-04
1.151145489376450507e-04,1.809118298942601977e-03,3.283225183932493661e-04
2.302290978752901014e-04,1.661510151176745324e-03,3.173049842189792349e-04
2.877863723441126268e-04,1.512851541072611364e-03,3.073892034621361711e-04
2.302290978752901014e-04,1.661510151176745324e-03,3.173049842189792349e-04
2.877863723441126268e-04,1.512851541072611364e-03,3.073892034621361711e-04
2.877863723441126268e-04,1.363930157412859617e-03,2.974734227052930531e-04
2.877863723441126268e-04,1.363930157412859617e-03,2.974734227052930531e-04
2.302290978752901014e-04,1.214746180735831087e-03,2.886593953658769481e-04
2.302290978752901014e-04,1.214746180735831087e-03,2.886593953658769481e-04
1.151145489376450507e-04,1.064511651451354205e-03,2.809471214438878563e-04
1.151145489376450507e-04,1.064511651451354205e-03,2.809471214438878563e-04
2.302290978752901014e-04,9.142771221668776491e-04,2.721330941044718056e-04
2.877863723441126268e-04,7.629919500057823472e-04,2.655225735999097269e-04
2.302290978752901014e-04,9.142771221668776491e-04,2.721330941044718056e-04
2.877863723441126268e-04,7.629919500057823472e-04,2.655225735999097269e-04
2.877863723441126268e-04,6.114441848274104795e-04,2.578102996779206351e-04
2.877863723441126268e-04,6.114441848274104795e-04,2.578102996779206351e-04
2.877863723441126268e-04,4.593710530761438795e-04,2.511997791733585565e-04
2.877863723441126268e-04,4.593710530761438795e-04,2.511997791733585565e-04
2.877863723441126268e-04,3.067726450211532663e-04,2.445892586687965320e-04
2.877863723441126268e-04,3.067726450211532663e-04,2.445892586687965320e-04
2.302290978752901014e-04,1.537146766186357934e-04,2.379787381642344262e-04
2.302290978752901014e-04,1.537146766186357934e-04,2.379787381642344262e-04
1.151145489376450507e-04,6.562568702652744167e-08,2.324699710770993877e-04
1.151145489376450507e-04,6.562568702652744167e-08,2.324699710770993877e-04
5.755727446882252536e-05,0.000000000000000000e+00,9.045395557075763034e-04
1.151145489376450507e-04,1.308902973706531158e-07,9.045395557075763034e-04
2.302290978752901014e-04,1.823437246129098188e-06,9.056413091250033708e-04
1.151145489376450507e-04,0.000000000000000000e+00,9.056413091250033708e-04
5.755727446882252536e-05,0.000000000000000000e+00,9.056413091250033708e-04
2.302290978752901014e-04,2.211594679711035030e-06,9.056413091250033708e-04
1.151145489376450507e-04,0.000000000000000000e+00,9.045395557075763034e-04
1.726718234064675761e-04,7.677524752557384272e-04,9.078448159598572886e-04
2.302290978752901014e-04,4.063599410260057792e-04,9.056413091250033708e-04
2.302290978752901014e-04,2.081508680650432047e-04,9.067430625424302212e-04
1.726718234064675761e-04,0.000000000000000000e+00,8.274168164876853854e-04
2.302290978752901014e-04,3.075606046113246186e-04,8.274168164876853854e-04
1.726718234064675761e-04,1.980898725211846772e-03,9.100483227947113148e-04
1.151145489376450507e-04,0.000000000000000000e+00,9.056413091250033708e-04
1.151145489376450507e-04,0.000000000000000000e+00,9.056413091250033708e-04
1.151145489376450507e-04,1.539116439488859517e-04,9.045395557075763034e-04
1.726718234064675761e-04,1.780315663333263215e-05,9.100483227947113148e-04
5.755727446882252536e-05,0.000000000000000000e+00,8.252133096528314676e-04
1.151145489376450507e-04,1.539116439488859517e-04,7.602098580246377480e-04
5.755727446882252536e-05,0.000000000000000000e+00,7.040204337358601334e-04
1.151145489376450507e-04,1.829604796941203650e-03,8.318238301573935463e-04
1.151145489376450507e-04,1.678582308066555416e-03,7.646168716943459089e-04
5.180154027047262615e-04,1.532418737837817988e-03,7.084274474055682943e-04
1.151145489376450507e-04,1.336218424730227204e-05,9.078448159598572886e-04
5.755727446882252536e-05,0.000000000000000000e+00,6.588485436213526499e-04
1.151145489376450507e-04,0.000000000000000000e+00,6.588485436213526499e-04
1.151145489376450507e-04,0.000000000000000000e+00,6.588485436213526499e-04
1.151145489376450507e-04,7.689019628741645994e-05,6.588485436213526499e-04
1.151145489376450507e-04,7.689019628741645994e-05,6.588485436213526499e-04
5.755727446882252536e-05,0.000000000000000000e+00,6.588485436213526499e-04
1.151145489376450507e-04,7.689019628741645994e-05,6.588485436213526499e-04
1.151145489376450507e-04,7.689019628741645994e-05,6.588485436213526499e-04
1.151145489376450507e-04,6.562568702652744167e-08,6.158801603416993011e-04
1.151145489376450507e-04,6.562568702652744167e-08,6.158801603416993011e-04
1.151145489376450507e-04,6.140706566152012106e-04,8.285185699051124527e-04
1.726718234064675761e-04,4.612095652737632583e-04,7.613116114420648154e-04
5.755727446882252536e-05,0.000000000000000000e+00,7.040204337358601334e-04
1.151145489376450507e-04,1.539116439488859517e-04,7.051221871532872007e-04
5.755727446882252536e-05,0.000000000000000000e+00,6.555432833690717732e-04
