1.0,1.0,1.0,0.9999999999999998,1.0,1.0,1.0,0.5072886297376096,1.0,0.9999999999999998,1.0,1.0,0.9999999999999996,0.0,1.0,1.0,1.0,1.0,1.0,1.0000000000000004,1.0,1.0,1.0,1.0,1.0
0.0,1.0,0.9713797987230071,0.9683913930360106,0.9665749383659681,0.06264150943396228,0.0,0.9358600583090375,0.9382448336380782,0.9414149323346772,0.9254787282584731,0.9284974680419871,0.9262591931632147,0.07142857142866887,0.9285714285714284,0.9285715400727494,0.9285717007478631,0.9286310699950282,0.9167112933826584,0.940897146787564,0.9381199811053378,0.9410331201159625,0.9408578213119623,0.9408962334375466,0.9409737827715356
0.0,1.0,0.9911881820062494,0.9903753266326782,0.9897088232628044,0.39811320754716994,0.0,0.7317784256559765,0.9795285608216031,0.981586056667582,0.9735807081854256,0.9761425952297045,0.9750378276211342,0.023809523809518396,0.9761904774841268,0.9761904092896834,0.9761906514302265,0.9762291033468786,0.9706853270163012,0.9819762705306032,0.9809478822232718,0.9820249659833045,0.9819679430097952,0.9819860056572876,0.9820224719101125
1.0,1.0,1.0,0.9999999999999998,1.0,1.0,1.0,0.5072886297376096,1.0,0.9999999999999998,1.0,1.0,0.9999999999999996,0.0,1.0,1.0,1.0,1.0,1.0,1.0000000000000004,1.0,1.0,1.0,1.0,1.0
1.0,1.0,1.0,0.9999999999999998,1.0,1.0,1.0,0.5072886297376096,1.0,0.9999999999999998,1.0,1.0,0.9999999999999996,0.0,1.0,1.0,1.0,1.0,1.0,1.0000000000000004,1.0,1.0,1.0,1.0,1.0
1.0,1.0,1.0,0.9999999999999998,1.0,1.0,1.0,0.5072886297376096,1.0,0.9999999999999998,1.0,1.0,0.9999999999999996,0.0,1.0,1.0,1.0,1.0,1.0,1.0000000000000004,1.0,1.0,1.0,1.0,1.0
1.0,1.0,1.0,0.9999999999999998,1.0,1.0,1.0,0.5072886297376096,1.0,0.9999999999999998,1.0,1.0,0.9999999999999996,0.0,1.0,1.0,1.0,1.0,1.0,1.0000000000000004,1.0,1.0,1.0,1.0,1.0
1.0,1.0,1.0,0.9999999999999998,1.0,1.0,1.0,0.5072886297376096,1.0,0.9999999999999998,1.0,1.0,0.9999999999999996,0.0,1.0,1.0,1.0,1.0,1.0,1.0000000000000004,1.0,1.0,1.0,1.0,1.0
1.0,1.0,1.0,0.9999999999999998,1.0,1.0,1.0,0.5072886297376096,1.0,0.9999999999999998,1.0,1.0,0.9999999999999996,0.0,1.0,1.0,1.0,1.0,1.0,1.0000000000000004,1.0,1.0,1.0,1.0,1.0
0.0,1.0,0.9810655157503523,0.9791420727582836,0.9778867276721415,0.15786163522012583,0.0,0.8513119533527691,0.9589545334093694,0.9611421943048952,0.950083105906741,0.9523417697392067,0.9507469986890356,0.04761904761915048,0.9523809510873016,0.9523811307830659,0.9523810962157295,0.952412610491292,0.9441884753945793,0.9610024635184948,0.9590615651078571,0.9610856904747327,0.9609676461858117,0.9609944915885071,0.9610486891385768
1.0,1.0,1.0,0.9999999999999998,1.0,1.0,1.0,0.5072886297376096,1.0,0.9999999999999998,1.0,1.0,0.9999999999999996,0.0,1.0,1.0,1.0,1.0,1.0,1.0000000000000004,1.0,1.0,1.0,1.0,1.0
1.0,1.0,1.0,0.9999999999999998,1.0,1.0,1.0,0.5072886297376096,1.0,0.9999999999999998,1.0,1.0,0.9999999999999996,0.0,1.0,1.0,1.0,1.0,1.0,1.0000000000000004,1.0,1.0,1.0,1.0,1.0
0.0,1.0,0.9612571324671104,0.9571581391616155,0.9547528427753051,0.024779874213836484,0.0,0.9766763848396494,0.9174113943143936,0.9211309289682712,0.9016403624525969,0.9046955864686481,0.9019676264910648,0.09523809523818727,0.9047619060555552,0.904761949362433,0.9047621484644965,0.9048153747182925,0.8900445236254768,0.9199233894091439,0.9162336639899227,0.9200938446073907,0.9198575244879788,0.9199047193687662,0.9199999999999999
0.0,1.0,0.9780068682680327,0.9750401924652465,0.9743145836807185,0.15786163522012583,0.9877300613496933,0.8513119533527691,0.9590071342220958,0.9558591983887885,0.9575138038005166,0.9523374892586434,0.9522438732533085,0.04761904761915048,0.9523809510873016,0.9523811307830659,0.9523811123369494,0.9524159434506041,0.9517580631531284,0.9533611586408832,0.952448433317588,0.9533808349247286,0.9533986346096763,0.953401816287033,0.9534082397003747
0.0,1.0,0.9895132087144027,0.9881233139227759,0.987752649172263,0.39811320754716994,0.9938650306748467,0.7317784256559765,0.979559998207395,0.9787008524803065,0.9778190628003813,0.9762193607445266,0.9759275421231117,0.023809523809518396,0.9761904774841268,0.9761904092896834,0.976190370041667,0.9761672664450676,0.9747896624295058,0.9778477899557894,0.9773264052905053,0.9778679184547237,0.9778124072425052,0.9778174780407922,0.9778277153558053
1.0,1.0,1.0,0.9999999999999998,1.0,1.0,1.0,0.5072886297376096,1.0,0.9999999999999998,1.0,1.0,0.9999999999999996,0.0,1.0,1.0,1.0,1.0,1.0,1.0000000000000004,1.0,1.0,1.0,1.0,1.0
1.0,1.0,1.0,0.9999999999999998,1.0,1.0,1.0,0.5072886297376096,1.0,0.9999999999999998,1.0,1.0,0.9999999999999996,0.0,1.0,1.0,1.0,1.0,1.0,1.0000000000000004,1.0,1.0,1.0,1.0,1.0
0.0,1.0,0.9808470408478307,0.978820356656869,0.9776315745298971,0.15786163522012583,0.0,0.8513119533527691,0.9589585231199682,0.9607375302134884,0.950659764710898,0.9523451219659615,0.9508591351768474,0.04761904761915048,0.9523809510873016,0.9523811307830659,0.9523810844912064,0.9524099117605465,0.9447821511176877,0.9604087453367911,0.9585891985514094,0.9604912623008119,0.9603739982190564,0.9603989876432935,0.960449438202247
1.0,1.0,1.0,0.9999999999999998,1.0,1.0,1.0,0.5072886297376096,1.0,0.9999999999999998,1.0,1.0,0.9999999999999996,0.0,1.0,1.0,1.0,1.0,1.0,1.0000000000000004,1.0,1.0,1.0,1.0,1.0
1.0,1.0,1.0,0.9999999999999998,1.0,1.0,1.0,0.5072886297376096,1.0,0.9999999999999998,1.0,1.0,0.9999999999999996,0.0,1.0,1.0,1.0,1.0,1.0,1.0000000000000004,1.0,1.0,1.0,1.0,1.0
0.0,1.0,0.9911881820062494,0.9903753266326782,0.9897088232628044,0.39811320754716994,0.0,0.7317784256559765,0.9795285608216031,0.981586056667582,0.9735807081854256,0.9761425952297045,0.9750378276211342,0.023809523809518396,0.9761904774841268,0.9761904092896834,0.9761906514302265,0.9762291033468786,0.9706853270163012,0.9819762705306032,0.9809478822232718,0.9820249659833045,0.9819679430097952,0.9819860056572876,0.9820224719101125
1.0,1.0,1.0,0.9999999999999998,1.0,1.0,1.0,0.5072886297376096,1.0,0.9999999999999998,1.0,1.0,0.9999999999999996,0.0,1.0,1.0,1.0,1.0,1.0,1.0000000000000004,1.0,1.0,1.0,1.0,1.0
1.0,1.0,1.0,0.9999999999999998,1.0,1.0,1.0,0.5072886297376096,1.0,0.9999999999999998,1.0,1.0,0.9999999999999996,0.0,1.0,1.0,1.0,1.0,1.0,1.0000000000000004,1.0,1.0,1.0,1.0,1.0
0.0,1.0,0.9707243745919336,0.9675871027824738,0.9658094789392342,0.06264150943396228,0.0,0.9358600583090375,0.9382560903936281,0.9403764448994945,0.9269997208931154,0.9285438568391688,0.9265675685046966,0.07142857142866887,0.9285714285714284,0.9285715400727494,0.9285715292767089,0.9285937548083605,0.9182140075726828,0.9394349383246827,0.9367028814359943,0.9395519867922402,0.9393737013950729,0.9394074735745126,0.9394756554307118
0.0,1.0,0.98907625890936,0.9877211687960072,0.9872423428877739,0.39811320754716994,0.9938650306748467,0.7317784256559765,0.9795644076751024,0.9781115036276853,0.9784968728704778,0.9761612666309705,0.9760647617726712,0.023809523809518396,0.9761904774841268,0.9761904092896834,0.9761905840142173,0.9762139884607568,0.9755225804167931,0.9770472481941535,0.97638167217761,0.9770611945044028,0.977070347284061,0.9770730981092752,0.9770786516853933
1.0,1.0,1.0,0.9999999999999998,1.0,1.0,1.0,0.5072886297376096,1.0,0.9999999999999998,1.0,1.0,0.9999999999999996,0.0,1.0,1.0,1.0,1.0,1.0,1.0000000000000004,1.0,1.0,1.0,1.0,1.0
0.0,1.0,0.9911881820062494,0.9903753266326782,0.9897088232628044,0.39811320754716994,0.0,0.7317784256559765,0.9795285608216031,0.981586056667582,0.9735807081854256,0.9761425952297045,0.9750378276211342,0.023809523809518396,0.9761904774841268,0.9761904092896834,0.9761906514302265,0.9762291033468786,0.9706853270163012,0.9819762705306032,0.9809478822232718,0.9820249659833045,0.9819679430097952,0.9819860056572876,0.9820224719101125
0.0,1.0,0.9377346775704751,0.9299463189169594,0.927281354460312,0.0038805031446540895,0.9631901840490797,0.9970845481049553,0.8754048675877915,0.8749475525465595,0.8622147830726672,0.8572616471771619,0.855059900803472,0.14285714285722406,0.8571428571428572,0.8571427679418,0.8571424195668977,0.8570472538420333,0.8456664853119271,0.869305415243876,0.8653755314123761,0.8694489591582419,0.8691006233303651,0.8691380080393034,0.8692134831460674
1.0,1.0,1.0,0.9999999999999998,1.0,1.0,1.0,0.5072886297376096,1.0,0.9999999999999998,1.0,1.0,0.9999999999999996,0.0,1.0,1.0,1.0,1.0,1.0,1.0000000000000004,1.0,1.0,1.0,1.0,1.0
1.0,1.0,1.0,0.9999999999999998,1.0,1.0,1.0,0.5072886297376096,1.0,0.9999999999999998,1.0,1.0,0.9999999999999996,0.0,1.0,1.0,1.0,1.0,1.0,1.0000000000000004,1.0,1.0,1.0,1.0,1.0
1.0,1.0,1.0,0.9999999999999998,1.0,1.0,1.0,0.5072886297376096,1.0,0.9999999999999998,1.0,1.0,0.9999999999999996,0.0,1.0,1.0,1.0,1.0,1.0,1.0000000000000004,1.0,1.0,1.0,1.0,1.0
1.0,1.0,1.0,0.9999999999999998,1.0,1.0,1.0,0.5072886297376096,1.0,0.9999999999999998,1.0,1.0,0.9999999999999996,0.0,1.0,1.0,1.0,1.0,1.0,1.0000000000000004,1.0,1.0,1.0,1.0,1.0
1.0,1.0,1.0,0.9999999999999998,1.0,1.0,1.0,0.5072886297376096,1.0,0.9999999999999998,1.0,1.0,0.9999999999999996,0.0,1.0,1.0,1.0,1.0,1.0,1.0000000000000004,1.0,1.0,1.0,1.0,1.0
1.0,1.0,1.0,0.9999999999999998,1.0,1.0,1.0,0.5072886297376096,1.0,0.9999999999999998,1.0,1.0,0.9999999999999996,0.0,1.0,1.0,1.0,1.0,1.0,1.0000000000000004,1.0,1.0,1.0,1.0,1.0
1.0,1.0,1.0,0.9999999999999998,1.0,1.0,1.0,0.5072886297376096,1.0,0.9999999999999998,1.0,1.0,0.9999999999999996,0.0,1.0,1.0,1.0,1.0,1.0,1.0000000000000004,1.0,1.0,1.0,1.0,1.0
1.0,1.0,1.0,0.9999999999999998,1.0,1.0,1.0,0.5072886297376096,1.0,0.9999999999999998,1.0,1.0,0.9999999999999996,0.0,1.0,1.0,1.0,1.0,1.0,1.0000000000000004,1.0,1.0,1.0,1.0,1.0
1.0,1.0,1.0,0.9999999999999998,1.0,1.0,1.0,0.5072886297376096,1.0,0.9999999999999998,1.0,1.0,0.9999999999999996,0.0,1.0,1.0,1.0,1.0,1.0,1.0000000000000004,1.0,1.0,1.0,1.0,1.0
1.0,1.0,1.0,0.9999999999999998,1.0,1.0,1.0,0.5072886297376096,1.0,0.9999999999999998,1.0,1.0,0.9999999999999996,0.0,1.0,1.0,1.0,1.0,1.0,1.0000000000000004,1.0,1.0,1.0,1.0,1.0
1.0,1.0,1.0,0.9999999999999998,1.0,1.0,1.0,0.5072886297376096,1.0,0.9999999999999998,1.0,1.0,0.9999999999999996,0.0,1.0,1.0,1.0,1.0,1.0,1.0000000000000004,1.0,1.0,1.0,1.0,1.0
1.0,1.0,1.0,0.9999999999999998,1.0,1.0,1.0,0.5072886297376096,1.0,0.9999999999999998,1.0,1.0,0.9999999999999996,0.0,1.0,1.0,1.0,1.0,1.0,1.0000000000000004,1.0,1.0,1.0,1.0,1.0
1.0,1.0,1.0,0.9999999999999998,1.0,1.0,1.0,0.5072886297376096,1.0,0.9999999999999998,1.0,1.0,0.9999999999999996,0.0,1.0,1.0,1.0,1.0,1.0,1.0000000000000004,1.0,1.0,1.0,1.0,1.0
0.0,1.0,0.98907625890936,0.9875603107453002,0.9872423428877739,0.39811320754716994,0.9938650306748467,0.7317784256559765,0.979566096793854,0.9779816581906713,0.9787620310721236,0.9762583808551,0.976098697815035,0.023809523809518396,0.9761904774841268,0.9761904092896834,0.9761902264162563,0.9761357605466623,0.975815748094945,0.9768376947613535,0.97638167217761,0.9768311251281179,0.9767735233006825,0.9767753461366682,0.9767790262172285
1.0,1.0,1.0,0.9999999999999998,1.0,1.0,1.0,0.5072886297376096,1.0,0.9999999999999998,1.0,1.0,0.9999999999999996,0.0,1.0,1.0,1.0,1.0,1.0,1.0000000000000004,1.0,1.0,1.0,1.0,1.0
0.0,1.0,0.9788079425262848,0.9758444827187833,0.9752501452022817,0.15723270440251577,0.9877300613496933,0.8513119533527691,0.9589973445983655,0.9570131097663725,0.9560798938461262,0.9524640447786199,0.9519428753123402,0.04761904761915048,0.9523809510873016,0.9523811307830659,0.9523806462871471,0.9523140657897837,0.9502737989436563,0.9549789687171768,0.9541804440245629,0.9549952702475859,0.9548827545265657,0.954890576150067,0.9549063670411986
0.0,1.0,0.9509159913086918,0.9456031691858062,0.9426755940423979,0.009811320754716983,0.0,1.0,0.8964487343791401,0.9005250995076677,0.8782203239105341,0.8808863863845828,0.8777881963067249,0.11904761904770567,0.88095237965873,0.8809523586521164,0.8809526240268739,0.8810055631193849,0.8639124360443664,0.8983477242904199,0.8938749803180603,0.8985581660804667,0.8982635796972391,0.8983177013547716,0.8984269662921349
0.0,1.0,0.969850475558339,0.9664610964275224,0.9647888663702564,0.06264150943396228,0.9815950920245399,0.9358600583090375,0.9382730945926703,0.9389222634839853,0.9292094414065389,0.9285483045726712,0.9270426730977923,0.07142857142866887,0.9285714285714284,0.9285715400727494,0.9285715131554899,0.928590187943712,0.9203178634941853,0.9373452111382368,0.9348134152102032,0.937472475605734,0.9372959335114275,0.9373232097662649,0.9373782771535581
1.0,1.0,1.0,0.9999999999999998,1.0,1.0,1.0,0.5072886297376096,1.0,0.9999999999999998,1.0,1.0,0.9999999999999996,0.0,1.0,1.0,1.0,1.0,1.0,1.0000000000000004,1.0,1.0,1.0,1.0,1.0
0.0,1.0,0.9889306093586736,0.9873994526945926,0.9870722407929442,0.39811320754716994,0.9938650306748467,0.7317784256559765,0.9795677354610297,0.9777352899453524,0.9790238719652123,0.9761753636643666,0.976156241539043,0.023809523809518396,0.9761904774841268,0.9761904092896834,0.9761905312538626,0.9762026498037311,0.9761089133569127,0.9764624640763775,0.976066761139978,0.9764707160193455,0.9764766993173049,0.9764775941640615,0.9764794007490636
0.0,1.0,0.9602375833063368,0.9557104167052495,0.9535621281114972,0.024779874213836484,0.0,0.9766763848396494,0.9174308322974429,0.9193231941704172,0.9043251575221971,0.9047618652242204,0.9024943728877575,0.09523809523818727,0.9047619060555552,0.904761949362433,0.9047619051806381,0.9047620619404477,0.8927830917380946,0.9172827779141604,0.9140292867264996,0.9174199052469638,0.9171861086375777,0.9172249516153048,0.917303370786517
1.0,1.0,1.0,0.9999999999999998,1.0,1.0,1.0,0.5072886297376096,1.0,0.9999999999999998,1.0,1.0,0.9999999999999996,0.0,1.0,1.0,1.0,1.0,1.0,1.0000000000000004,1.0,1.0,1.0,1.0,1.0
0.0,1.0,0.9605288829842018,0.955871274755957,0.9539023323011566,0.024779874213836484,0.0,0.9766763848396494,0.9174259344584832,0.9195906523951172,0.9038315713184704,0.9047482114111123,0.9023586287183014,0.09523809523818727,0.9047619060555552,0.904761949362433,0.904761955009862,0.9047729811016736,0.8924787975329074,0.9175839055022221,0.9146591088017635,0.9177102073784136,0.9174829326209557,0.9175227035879114,0.9176029962546814
1.0,1.0,1.0,0.9999999999999998,1.0,1.0,1.0,0.5072886297376096,1.0,0.9999999999999998,1.0,1.0,0.9999999999999996,0.0,1.0,1.0,1.0,1.0,1.0,1.0000000000000004,1.0,1.0,1.0,1.0,1.0
0.0,1.0,0.9778612187173463,0.9747184763638319,0.9741444815858888,0.15786163522012583,0.9877300613496933,0.8513119533527691,0.9590104680622118,0.9555043543319719,0.9580424948558404,0.9524051896641934,0.9523272378791146,0.04761904761915048,0.9523809510873016,0.9523811307830659,0.9523808631908284,0.9523614665143985,0.9523517727028117,0.9528279439254472,0.9521335222799561,0.9528397275504621,0.9528049866429202,0.9528063123418193,0.952808988764045
1.0,1.0,1.0,0.9999999999999998,1.0,1.0,1.0,0.5072886297376096,1.0,0.9999999999999998,1.0,1.0,0.9999999999999996,0.0,1.0,1.0,1.0,1.0,1.0,1.0000000000000004,1.0,1.0,1.0,1.0,1.0
0.0,1.0,0.9802644414921011,0.9779356373779786,0.9769511661505783,0.15786163522012583,0.0,0.8513119533527691,0.9589686315976564,0.9596460175687784,0.9521705323081208,0.9524004528220393,0.9511372631762209,0.04761904761915048,0.9523809510873016,0.9523811307830659,0.9523808807776137,0.9523652772541187,0.9464147811018901,0.9588139652919563,0.9573295544008817,0.9588560911114223,0.9587414663104776,0.9587613517939557,0.958801498127341
1.0,1.0,1.0,0.9999999999999998,1.0,1.0,1.0,0.5072886297376096,1.0,0.9999999999999998,1.0,1.0,0.9999999999999996,0.0,1.0,1.0,1.0,1.0,1.0,1.0000000000000004,1.0,1.0,1.0,1.0,1.0
1.0,1.0,1.0,0.9999999999999998,1.0,1.0,1.0,0.5072886297376096,1.0,0.9999999999999998,1.0,1.0,0.9999999999999996,0.0,1.0,1.0,1.0,1.0,1.0,1.0000000000000004,1.0,1.0,1.0,1.0,1.0
1.0,1.0,1.0,0.9999999999999998,1.0,1.0,1.0,0.5072886297376096,1.0,0.9999999999999998,1.0,1.0,0.9999999999999996,0.0,1.0,1.0,1.0,1.0,1.0,1.0000000000000004,1.0,1.0,1.0,1.0,1.0
0.0,0.29032258064516103,0.24198666349173337,0.24537396410149204,0.24345078957587507,3.018866547169812e-21,0.803680981595092,0.2827988338192413,0.2701517583192423,0.22578196670862094,0.26136872284286694,0.2378509797988353,0.23770205777832532,0.761904761904816,0.23809524068253962,0.23809528269576652,0.23809613690557097,0.23829160401681637,0.23533341375198846,0.2411017964119413,0.2379152889308771,0.24123020959023922,0.2413178984861979,0.24132797379782644,0.24134831460674144
1.0,1.0,1.0,0.9999999999999998,1.0,1.0,1.0,0.5072886297376096,1.0,0.9999999999999998,1.0,1.0,0.9999999999999996,0.0,1.0,1.0,1.0,1.0,1.0,1.0000000000000004,1.0,1.0,1.0,1.0,1.0
1.0,1.0,1.0,0.9999999999999998,1.0,1.0,1.0,0.5072886297376096,1.0,0.9999999999999998,1.0,1.0,0.9999999999999996,0.0,1.0,1.0,1.0,1.0,1.0,1.0000000000000004,1.0,1.0,1.0,1.0,1.0
1.0,1.0,1.0,0.9999999999999998,1.0,1.0,1.0,0.5072886297376096,1.0,0.9999999999999998,1.0,1.0,0.9999999999999996,0.0,1.0,1.0,1.0,1.0,1.0,1.0000000000000004,1.0,1.0,1.0,1.0,1.0
0.0,1.0,0.9780068682680327,0.9752010505159541,0.9743145836807185,0.15786163522012583,0.9877300613496933,0.8513119533527691,0.9590054895007314,0.9560158235284775,0.9572519562461657,0.9523179576994072,0.9522003465902755,0.04761904761915048,0.9523809510873016,0.9523811307830659,0.9523811841496546,0.9524316312130736,0.9514612107944709,0.9536419860503527,0.952448433317588,0.9536721244783939,0.9536954585930544,0.9536995682596401,0.9537078651685391
1.0,1.0,1.0,0.9999999999999998,1.0,1.0,1.0,0.5072886297376096,1.0,0.9999999999999998,1.0,1.0,0.9999999999999996,0.0,1.0,1.0,1.0,1.0,1.0,1.0000000000000004,1.0,1.0,1.0,1.0,1.0
1.0,1.0,1.0,0.9999999999999998,1.0,1.0,1.0,0.5072886297376096,1.0,0.9999999999999998,1.0,1.0,0.9999999999999996,0.0,1.0,1.0,1.0,1.0,1.0,1.0000000000000004,1.0,1.0,1.0,1.0,1.0
0.0,1.0,0.9895132087144027,0.9881233139227759,0.987752649172263,0.39811320754716994,0.9938650306748467,0.7317784256559765,0.979559998207395,0.9787008524803065,0.9778190628003813,0.9762193607445266,0.9759275421231117,0.023809523809518396,0.9761904774841268,0.9761904092896834,0.976190370041667,0.9761672664450676,0.9747896624295058,0.9778477899557894,0.9773264052905053,0.9778679184547237,0.9778124072425052,0.9778174780407922,0.9778277153558053
1.0,1.0,1.0,0.9999999999999998,1.0,1.0,1.0,0.5072886297376096,1.0,0.9999999999999998,1.0,1.0,0.9999999999999996,0.0,1.0,1.0,1.0,1.0,1.0,1.0000000000000004,1.0,1.0,1.0,1.0,1.0
1.0,1.0,1.0,0.9999999999999998,1.0,1.0,1.0,0.5072886297376096,1.0,0.9999999999999998,1.0,1.0,0.9999999999999996,0.0,1.0,1.0,1.0,1.0,1.0,1.0000000000000004,1.0,1.0,1.0,1.0,1.0
1.0,1.0,1.0,0.9999999999999998,1.0,1.0,1.0,0.5072886297376096,1.0,0.9999999999999998,1.0,1.0,0.9999999999999996,0.0,1.0,1.0,1.0,1.0,1.0,1.0000000000000004,1.0,1.0,1.0,1.0,1.0
0.0,1.0,0.9707243745919336,0.9675871027824738,0.9658094789392342,0.06264150943396228,0.0,0.9358600583090375,0.9382560903936281,0.9403764448994945,0.9269997208931154,0.9285438568391688,0.9265675685046966,0.07142857142866887,0.9285714285714284,0.9285715400727494,0.9285715292767089,0.9285937548083605,0.9182140075726828,0.9394349383246827,0.9367028814359943,0.9395519867922402,0.9393737013950729,0.9394074735745126,0.9394756554307118
1.0,1.0,1.0,0.9999999999999998,1.0,1.0,1.0,0.5072886297376096,1.0,0.9999999999999998,1.0,1.0,0.9999999999999996,0.0,1.0,1.0,1.0,1.0,1.0,1.0000000000000004,1.0,1.0,1.0,1.0,1.0
0.0,1.0,0.9595821591752638,0.9549061264517131,0.9527966686847638,0.024779874213836484,0.9754601226993865,0.9766763848396494,0.9174438710026429,0.9182762779138958,0.9059658596991642,0.9047630336054628,0.9028573409930414,0.09523809523818727,0.9047619060555552,0.904761949362433,0.9047619007839418,0.904761140890256,0.8943045869258714,0.9157867689094181,0.9126121870571562,0.9159348222343784,0.9157019887206883,0.9157361917522704,0.9158052434456927
1.0,1.0,1.0,0.9999999999999998,1.0,1.0,1.0,0.5072886297376096,1.0,0.9999999999999998,1.0,1.0,0.9999999999999996,0.0,1.0,1.0,1.0,1.0,1.0,1.0000000000000004,1.0,1.0,1.0,1.0,1.0
0.0,1.0,0.9817209404579175,0.9799463630118199,0.9786521870988754,0.15786163522012583,0.0,0.8513119533527691,0.9589433916834129,0.9621848549208682,0.9485723383095183,0.9522954968244184,0.9504386233475546,0.04761904761915048,0.9523809510873016,0.9523811307830659,0.9523812662213178,0.9524498405517554,0.9427042909191776,0.9624646719813761,0.9604786647772006,0.962566823798455,0.9624517661027006,0.9624832514515411,0.9625468164794007
1.0,1.0,1.0,0.9999999999999998,1.0,1.0,1.0,0.5072886297376096,1.0,0.9999999999999998,1.0,1.0,0.9999999999999996,0.0,1.0,1.0,1.0,1.0,1.0,1.0000000000000004,1.0,1.0,1.0,1.0,1.0
0.0,1.0,0.9898773331676112,0.9887667461256051,0.9881779044093371,0.39811320754716994,0.9938650306748467,0.7317784256559765,0.9795522912247052,0.9794831983962571,0.9766880337752638,0.9761998698038616,0.9757084333278487,0.023809523809518396,0.9761904774841268,0.9761904092896834,0.9761904418543725,0.9761829864174527,0.9736169941330823,0.9790261929878921,0.9781136828845853,0.9790607244914282,0.9789997031760165,0.9790084859312196,0.9790262172284643
0.0,1.0,0.9905327578751764,0.9895710363791419,0.988943363836071,0.39811320754716994,0.9938650306748467,0.7317784256559765,0.9795413311244205,0.9805295983829903,0.9751873979577903,0.9761537127714655,0.9754000579863678,0.023809523809518396,0.9761904774841268,0.9761904092896834,0.9761906118599608,0.9762201443890586,0.9721511605746915,0.9804884014507729,0.9795307825539283,0.9805418578151506,0.9804838230929058,0.9804972457942536,0.9805243445692882
1.0,1.0,1.0,0.9999999999999998,1.0,1.0,1.0,0.5072886297376096,1.0,0.9999999999999998,1.0,1.0,0.9999999999999996,0.0,1.0,1.0,1.0,1.0,1.0,1.0000000000000004,1.0,1.0,1.0,1.0,1.0
1.0,1.0,1.0,0.9999999999999998,1.0,1.0,1.0,0.5072886297376096,1.0,0.9999999999999998,1.0,1.0,0.9999999999999996,0.0,1.0,1.0,1.0,1.0,1.0,1.0000000000000004,1.0,1.0,1.0,1.0,1.0
0.0,1.0,0.9889306093586736,0.9875603107453002,0.9870722407929442,0.39811320754716994,0.9938650306748467,0.7317784256559765,0.9795660927577283,0.9778953730170616,0.9787620310721236,0.976163519766986,0.9761105016558571,0.023809523809518396,0.9761904774841268,0.9761904092896834,0.9761905752208251,0.976212170134358,0.975815748094945,0.9767504883706781,0.976066761139978,0.976770892372953,0.9767735233006825,0.9767753461366682,0.9767790262172285
1.0,1.0,1.0,0.9999999999999998,1.0,1.0,1.0,0.5072886297376096,1.0,0.9999999999999998,1.0,1.0,0.9999999999999996,0.0,1.0,1.0,1.0,1.0,1.0,1.0000000000000004,1.0,1.0,1.0,1.0,1.0
0.0,0.935483870967742,0.8801774609557103,0.8743677458442798,0.8741005758478151,0.00022515723270440254,0.9570552147239264,0.9591836734693873,0.8542649813577494,0.8337586274220803,0.8529734542041558,0.833666109138155,0.833478791080132,0.16666666666674246,0.833333334626984,0.8333334894351827,0.8333321081206462,0.8330652672094563,0.8356085856921682,0.8326798727352522,0.8327822390174777,0.8326200853527763,0.8323686553873557,0.8323656394223615,0.8323595505617978
0.0,1.0,0.9905327578751764,0.9895710363791419,0.988943363836071,0.39811320754716994,0.9938650306748467,0.7317784256559765,0.9795413311244205,0.9805295983829903,0.9751873979577903,0.9761537127714655,0.9754000579863678,0.023809523809518396,0.9761904774841268,0.9761904092896834,0.9761906118599608,0.9762201443890586,0.9721511605746915,0.9804884014507729,0.9795307825539283,0.9805418578151506,0.9804838230929058,0.9804972457942536,0.9805243445692882
0.0,1.0,0.9911881820062494,0.9903753266326782,0.9897088232628044,0.39811320754716994,0.0,0.7317784256559765,0.9795285608216031,0.981586056667582,0.9735807081854256,0.9761425952297045,0.9750378276211342,0.023809523809518396,0.9761904774841268,0.9761904092896834,0.9761906514302265,0.9762291033468786,0.9706853270163012,0.9819762705306032,0.9809478822232718,0.9820249659833045,0.9819679430097952,0.9819860056572876,0.9820224719101125
0.0,1.0,0.9911881820062494,0.9903753266326782,0.9897088232628044,0.39811320754716994,0.0,0.7317784256559765,0.9795285608216031,0.981586056667582,0.9735807081854256,0.9761425952297045,0.9750378276211342,0.023809523809518396,0.9761904774841268,0.9761904092896834,0.9761906514302265,0.9762291033468786,0.9706853270163012,0.9819762705306032,0.9809478822232718,0.9820249659833045,0.9819679430097952,0.9819860056572876,0.9820224719101125
0.0,1.0,0.9715982736255286,0.9687131091374253,0.9668300915082124,0.06264150943396228,0.0,0.9358600583090375,0.9382407732952736,0.9418180727131669,0.9248982592123591,0.9284940692233419,0.9261470566754038,0.07142857142866887,0.9285714285714284,0.9285715400727494,0.9285717124723862,0.9286337994018838,0.9161102168881468,0.941490914602956,0.9385923476617855,0.9416275482898833,0.9414514692787179,0.9414917373827603,0.9415730337078649
1.0,1.0,1.0,0.9999999999999998,1.0,1.0,1.0,0.5072886297376096,1.0,0.9999999999999998,1.0,1.0,0.9999999999999996,0.0,1.0,1.0,1.0,1.0,1.0,1.0000000000000004,1.0,1.0,1.0,1.0,1.0
0.0,1.0,0.9817209404579175,0.9799463630118199,0.9786521870988754,0.15786163522012583,0.0,0.8513119533527691,0.9589433916834129,0.9621848549208682,0.9485723383095183,0.9522954968244184,0.9504386233475546,0.04761904761915048,0.9523809510873016,0.9523811307830659,0.9523812662213178,0.9524498405517554,0.9427042909191776,0.9624646719813761,0.9604786647772006,0.962566823798455,0.9624517661027006,0.9624832514515411,0.9625468164794007
1.0,1.0,1.0,0.9999999999999998,1.0,1.0,1.0,0.5072886297376096,1.0,0.9999999999999998,1.0,1.0,0.9999999999999996,0.0,1.0,1.0,1.0,1.0,1.0,1.0000000000000004,1.0,1.0,1.0,1.0,1.0
0.0,1.0,0.9889306093586736,0.9876407397706537,0.9870722407929442,0.39811320754716994,0.9938650306748467,0.7317784256559765,0.9795652532435102,0.9779645477909102,0.9786298716308169,0.9761263633320145,0.9760920581545718,0.023809523809518396,0.9761904774841268,0.9761904092896834,0.9761907115184085,0.9762419597044283,0.975669163047777,0.9768662837659225,0.976066761139978,0.9768923453054983,0.9769219352923715,0.9769242221229719,0.9769288389513107
1.0,1.0,1.0,0.9999999999999998,1.0,1.0,1.0,0.5072886297376096,1.0,0.9999999999999998,1.0,1.0,0.9999999999999996,0.0,1.0,1.0,1.0,1.0,1.0,1.0000000000000004,1.0,1.0,1.0,1.0,1.0
0.0,0.6774193548387091,0.6013055116757071,0.6020519984231678,0.5995707160291008,8.238993710691824e-12,0.8895705521472392,0.6734693877551017,0.610905772413592,0.5608215344067864,0.6027913952479889,0.57116762527111,0.5710801473414429,0.4285714285714448,0.5714285714285716,0.5714286160290998,0.571429531792651,0.5716384706271853,0.5700403242977923,0.5742613787464381,0.5707762557077625,0.5744002891172246,0.5745028198278423,0.5745124311448566,0.5745318352059927
1.0,1.0,1.0,0.9999999999999998,1.0,1.0,1.0,0.5072886297376096,1.0,0.9999999999999998,1.0,1.0,0.9999999999999996,0.0,1.0,1.0,1.0,1.0,1.0,1.0000000000000004,1.0,1.0,1.0,1.0,1.0
1.0,1.0,1.0,0.9999999999999998,1.0,1.0,1.0,0.5072886297376096,1.0,0.9999999999999998,1.0,1.0,0.9999999999999996,0.0,1.0,1.0,1.0,1.0,1.0,1.0000000000000004,1.0,1.0,1.0,1.0,1.0
1.0,1.0,1.0,0.9999999999999998,1.0,1.0,1.0,0.5072886297376096,1.0,0.9999999999999998,1.0,1.0,0.9999999999999996,0.0,1.0,1.0,1.0,1.0,1.0,1.0000000000000004,1.0,1.0,1.0,1.0,1.0
0.0,1.0,0.9804100916192797,0.9783377825047468,0.977121268245408,0.15786163522012583,0.9877300613496933,0.8513119533527691,0.9589674106695272,0.9600898787268355,0.9517010132445877,0.9523530007740337,0.9511092290542682,0.04761904761915048,0.9523809510873016,0.9523811307830659,0.9523810551798979,0.9524035702417812,0.9456726743670849,0.9595146440723532,0.9576444654385137,0.9596025823065788,0.9594835262689223,0.9595057317254727,0.9595505617977529
1.0,1.0,1.0,0.9999999999999998,1.0,1.0,1.0,0.5072886297376096,1.0,0.9999999999999998,1.0,1.0,0.9999999999999996,0.0,1.0,1.0,1.0,1.0,1.0,1.0000000000000004,1.0,1.0,1.0,1.0,1.0
0.0,1.0,0.9889306093586736,0.9876407397706537,0.9870722407929442,0.39811320754716994,0.9938650306748467,0.7317784256559765,0.9795652532435102,0.9779645477909102,0.9786298716308169,0.9761263633320145,0.9760920581545718,0.023809523809518396,0.9761904774841268,0.9761904092896834,0.9761907115184085,0.9762419597044283,0.975669163047777,0.9768662837659225,0.976066761139978,0.9768923453054983,0.9769219352923715,0.9769242221229719,0.9769288389513107
0.0,1.0,0.9817209404579175,0.9799463630118199,0.9786521870988754,0.15786163522012583,0.0,0.8513119533527691,0.9589433916834129,0.9621848549208682,0.9485723383095183,0.9522954968244184,0.9504386233475546,0.04761904761915048,0.9523809510873016,0.9523811307830659,0.9523812662213178,0.9524498405517554,0.9427042909191776,0.9624646719813761,0.9604786647772006,0.962566823798455,0.9624517661027006,0.9624832514515411,0.9625468164794007
1.0,1.0,1.0,0.9999999999999998,1.0,1.0,1.0,0.5072886297376096,1.0,0.9999999999999998,1.0,1.0,0.9999999999999996,0.0,1.0,1.0,1.0,1.0,1.0,1.0000000000000004,1.0,1.0,1.0,1.0,1.0
0.0,1.0,0.9505518668554833,0.9449597369829765,0.9422503388053238,0.009811320754716983,0.0,1.0,0.896456881299569,0.8997547371456613,0.8793814152117916,0.8809062548390232,0.8780073051019879,0.11904761904770567,0.88095237965873,0.8809523586521164,0.8809525507486025,0.8809895839338742,0.865144665691052,0.8971692716246289,0.8930877027239803,0.8973653600437625,0.8970762837637283,0.8971266934643443,0.8972284644194755
0.0,1.0,0.98907625890936,0.9877211687960072,0.9872423428877739,0.39811320754716994,0.9938650306748467,0.7317784256559765,0.9795644076751024,0.9781115036276853,0.9784968728704778,0.9761612666309705,0.9760647617726712,0.023809523809518396,0.9761904774841268,0.9761904092896834,0.9761905840142173,0.9762139884607568,0.9755225804167931,0.9770472481941535,0.97638167217761,0.9770611945044028,0.977070347284061,0.9770730981092752,0.9770786516853933
0.0,1.0,0.9889306093586736,0.987158165618532,0.9870722407929442,0.3974842767295599,0.9938650306748467,0.7317784256559765,0.9795701248476503,0.9775154468530205,0.9794105582337531,0.9762459647137369,0.9762145230031032,0.023809523809518396,0.9761904774841268,0.9761904092896834,0.9761902718487843,0.9761457885669036,0.9765486636660481,0.9760830145278803,0.976066761139978,0.9760717974441562,0.9760314633422378,0.9760309662051512,0.9760299625468165
1.0,1.0,1.0,0.9999999999999998,1.0,1.0,1.0,0.5072886297376096,1.0,0.9999999999999998,1.0,1.0,0.9999999999999996,0.0,1.0,1.0,1.0,1.0,1.0,1.0000000000000004,1.0,1.0,1.0,1.0,1.0
0.0,1.0,0.9895132087144027,0.9881233139227759,0.987752649172263,0.39811320754716994,0.9938650306748467,0.7317784256559765,0.979559998207395,0.9787008524803065,0.9778190628003813,0.9762193607445266,0.9759275421231117,0.023809523809518396,0.9761904774841268,0.9761904092896834,0.976190370041667,0.9761672664450676,0.9747896624295058,0.9778477899557894,0.9773264052905053,0.9778679184547237,0.9778124072425052,0.9778174780407922,0.9778277153558053
0.0,1.0,0.98907625890936,0.9875603107453002,0.9872423428877739,0.39811320754716994,0.9938650306748467,0.7317784256559765,0.979566096793854,0.9779816581906713,0.9787620310721236,0.9762583808551,0.976098697815035,0.023809523809518396,0.9761904774841268,0.9761904092896834,0.9761902264162563,0.9761357605466623,0.975815748094945,0.9768376947613535,0.97638167217761,0.9768311251281179,0.9767735233006825,0.9767753461366682,0.9767790262172285
1.0,1.0,1.0,0.9999999999999998,1.0,1.0,1.0,0.5072886297376096,1.0,0.9999999999999998,1.0,1.0,0.9999999999999996,0.0,1.0,1.0,1.0,1.0,1.0,1.0000000000000004,1.0,1.0,1.0,1.0,1.0
0.0,1.0,0.9911881820062494,0.9903753266326782,0.9897088232628044,0.39811320754716994,0.0,0.7317784256559765,0.9795285608216031,0.981586056667582,0.9735807081854256,0.9761425952297045,0.9750378276211342,0.023809523809518396,0.9761904774841268,0.9761904092896834,0.9761906514302265,0.9762291033468786,0.9706853270163012,0.9819762705306032,0.9809478822232718,0.9820249659833045,0.9819679430097952,0.9819860056572876,0.9820224719101125
0.0,1.0,0.9712341491723202,0.968069676934596,0.9664048362711384,0.06264150943396228,0.0,0.9358600583090375,0.9382487607887238,0.9410414559577853,0.9260441694971481,0.928513745336903,0.9263654277306155,0.07142857142866887,0.9285714285714284,0.9285715400727494,0.9285716406596811,0.9286179597926716,0.9173123747095371,0.9403125115708542,0.9378050700677059,0.9404347422531787,0.9402641733452062,0.9403007294923329,0.9403745318352059
1.0,1.0,1.0,0.9999999999999998,1.0,1.0,1.0,0.5072886297376096,1.0,0.9999999999999998,1.0,1.0,0.9999999999999996,0.0,1.0,1.0,1.0,1.0,1.0,1.0000000000000004,1.0,1.0,1.0,1.0,1.0
1.0,1.0,1.0,0.9999999999999998,1.0,1.0,1.0,0.5072886297376096,1.0,0.9999999999999998,1.0,1.0,0.9999999999999996,0.0,1.0,1.0,1.0,1.0,1.0,1.0000000000000004,1.0,1.0,1.0,1.0,1.0
0.0,1.0,0.98907625890936,0.9875603107453002,0.9872423428877739,0.39811320754716994,0.9938650306748467,0.7317784256559765,0.979566096793854,0.9779816581906713,0.9787620310721236,0.9762583808551,0.976098697815035,0.023809523809518396,0.9761904774841268,0.9761904092896834,0.9761902264162563,0.9761357605466623,0.975815748094945,0.9768376947613535,0.97638167217761,0.9768311251281179,0.9767735233006825,0.9767753461366682,0.9767790262172285
1.0,1.0,1.0,0.9999999999999998,1.0,1.0,1.0,0.5072886297376096,1.0,0.9999999999999998,1.0,1.0,0.9999999999999996,0.0,1.0,1.0,1.0,1.0,1.0,1.0000000000000004,1.0,1.0,1.0,1.0,1.0
0.0,1.0,0.98907625890936,0.9877211687960072,0.9872423428877739,0.39811320754716994,0.9938650306748467,0.7317784256559765,0.9795644076751024,0.9781115036276853,0.9784968728704778,0.9761612666309705,0.9760647617726712,0.023809523809518396,0.9761904774841268,0.9761904092896834,0.9761905840142173,0.9762139884607568,0.9755225804167931,0.9770472481941535,0.97638167217761,0.9770611945044028,0.977070347284061,0.9770730981092752,0.9770786516853933
1.0,1.0,1.0,0.9999999999999998,1.0,1.0,1.0,0.5072886297376096,1.0,0.9999999999999998,1.0,1.0,0.9999999999999996,0.0,1.0,1.0,1.0,1.0,1.0,1.0000000000000004,1.0,1.0,1.0,1.0,1.0
1.0,1.0,1.0,0.9999999999999998,1.0,1.0,1.0,0.5072886297376096,1.0,0.9999999999999998,1.0,1.0,0.9999999999999996,0.0,1.0,1.0,1.0,1.0,1.0,1.0000000000000004,1.0,1.0,1.0,1.0,1.0
1.0,1.0,1.0,0.9999999999999998,1.0,1.0,1.0,0.5072886297376096,1.0,0.9999999999999998,1.0,1.0,0.9999999999999996,0.0,1.0,1.0,1.0,1.0,1.0,1.0000000000000004,1.0,1.0,1.0,1.0,1.0
1.0,1.0,1.0,0.9999999999999998,1.0,1.0,1.0,0.5072886297376096,1.0,0.9999999999999998,1.0,1.0,0.9999999999999996,0.0,1.0,1.0,1.0,1.0,1.0,1.0000000000000004,1.0,1.0,1.0,1.0,1.0
1.0,1.0,1.0,0.9999999999999998,1.0,1.0,1.0,0.5072886297376096,1.0,0.9999999999999998,1.0,1.0,0.9999999999999996,0.0,1.0,1.0,1.0,1.0,1.0,1.0000000000000004,1.0,1.0,1.0,1.0,1.0
0.0,1.0,0.9810655157503523,0.9791420727582836,0.9778867276721415,0.15786163522012583,0.0,0.8513119533527691,0.9589545334093694,0.9611421943048952,0.950083105906741,0.9523417697392067,0.9507469986890356,0.04761904761915048,0.9523809510873016,0.9523811307830659,0.9523810962157295,0.952412610491292,0.9441884753945793,0.9610024635184948,0.9590615651078571,0.9610856904747327,0.9609676461858117,0.9609944915885071,0.9610486891385768
1.0,1.0,1.0,0.9999999999999998,1.0,1.0,1.0,0.5072886297376096,1.0,0.9999999999999998,1.0,1.0,0.9999999999999996,0.0,1.0,1.0,1.0,1.0,1.0,1.0000000000000004,1.0,1.0,1.0,1.0,1.0
1.0,1.0,1.0,0.9999999999999998,1.0,1.0,1.0,0.5072886297376096,1.0,0.9999999999999998,1.0,1.0,0.9999999999999996,0.0,1.0,1.0,1.0,1.0,1.0,1.0000000000000004,1.0,1.0,1.0,1.0,1.0
1.0,1.0,1.0,0.9999999999999998,1.0,1.0,1.0,0.5072886297376096,1.0,0.9999999999999998,1.0,1.0,0.9999999999999996,0.0,1.0,1.0,1.0,1.0,1.0,1.0000000000000004,1.0,1.0,1.0,1.0,1.0
1.0,1.0,1.0,0.9999999999999998,1.0,1.0,1.0,0.5072886297376096,1.0,0.9999999999999998,1.0,1.0,0.9999999999999996,0.0,1.0,1.0,1.0,1.0,1.0,1.0000000000000004,1.0,1.0,1.0,1.0,1.0
1.0,1.0,1.0,0.9999999999999998,1.0,1.0,1.0,0.5072886297376096,1.0,0.9999999999999998,1.0,1.0,0.9999999999999996,0.0,1.0,1.0,1.0,1.0,1.0,1.0000000000000004,1.0,1.0,1.0,1.0,1.0
1.0,1.0,1.0,0.9999999999999998,1.0,1.0,1.0,0.5072886297376096,1.0,0.9999999999999998,1.0,1.0,0.9999999999999996,0.0,1.0,1.0,1.0,1.0,1.0,1.0000000000000004,1.0,1.0,1.0,1.0,1.0
0.0,1.0,0.9713797987230071,0.9683913930360106,0.9665749383659681,0.06264150943396228,0.0,0.9358600583090375,0.9382448235477634,0.9414118203751187,0.9254787282584731,0.9284871700396247,0.9262599309032669,0.07142857142866887,0.9285714285714284,0.9285715400727494,0.9285717388525634,0.9286393632812695,0.9167112933826584,0.9408890068626516,0.9381199811053378,0.941031145271531,0.9408578213119623,0.9408962334375466,0.9409737827715356
0.0,1.0,0.9807013912971443,0.9784986405554543,0.9774614724350674,0.15786163522012583,0.0,0.8513119533527691,0.9589623836745336,0.9603626430576948,0.9512215355941214,0.952361351474325,0.9509653697442473,0.04761904761915048,0.9523809510873016,0.9523811307830659,0.9523810244030244,0.9523968330012016,0.9453758340893472,0.9598240604863921,0.9582742875137775,0.9598928844380281,0.9597803502523004,0.9598034836980798,0.9598501872659178
0.0,0.935483870967742,0.8911126788490766,0.8882311699512926,0.8868582329600412,0.0005710691823899372,0.9631901840490797,0.9708454810495626,0.8754730962805777,0.8566921775359504,0.8723658804823021,0.8571001298197003,0.8569713852766268,0.14285714285722406,0.8571428571428572,0.8571427679418,0.8571430145864563,0.8571772791341563,0.856742811294041,0.8585251270051639,0.8567154778774997,0.858569541184393,0.8585633719204506,0.8585678130117613,0.8585767790262171
0.0,0.6774193548387091,0.6014425461299533,0.6027282372021283,0.599729627196639,8.238993710691824e-12,0.8895705521472392,0.6734693877551017,0.6108971916096131,0.5615363637070636,0.6014800458561288,0.5711361148174796,0.5708735801270532,0.4285714285714448,0.5714285714285716,0.5714286160290998,0.5714296475723191,0.571663658013907,0.568408779180178,0.5755812377907334,0.5710911667453944,0.5757451581751645,0.5758385277530422,0.5758523150215873,0.5758801498127339
0.0,1.0,0.9612571324671104,0.9571581391616155,0.9547528427753051,0.024779874213836484,0.0,0.9766763848396494,0.9174113822060153,0.921127829556937,0.9016403624525969,0.9046852884662866,0.901968364231116,0.09523809523818727,0.9047619060555552,0.904761949362433,0.9047621865691973,0.9048236680045334,0.8900445236254768,0.919915249484232,0.9162336639899227,0.9200918697629592,0.9198575244879788,0.9199047193687662,0.9199999999999999
1.0,1.0,1.0,0.9999999999999998,1.0,1.0,1.0,0.5072886297376096,1.0,0.9999999999999998,1.0,1.0,0.9999999999999996,0.0,1.0,1.0,1.0,1.0,1.0,1.0000000000000004,1.0,1.0,1.0,1.0,1.0
1.0,1.0,1.0,0.9999999999999998,1.0,1.0,1.0,0.5072886297376096,1.0,0.9999999999999998,1.0,1.0,0.9999999999999996,0.0,1.0,1.0,1.0,1.0,1.0,1.0000000000000004,1.0,1.0,1.0,1.0,1.0
0.0,0.7419354838709671,0.6825427165438707,0.6840324573448366,0.6822791293309356,1.6037735849056608e-09,0.9141104294478528,0.7725947521865884,0.7016021904847145,0.6538460830796862,0.6951482830263713,0.6666122409675639,0.6663799317000261,0.33333333333337123,0.6666666653730156,0.6666666666666665,0.6666668674491287,0.6667101648788667,0.6659983469677586,0.6690004757885384,0.6665092111478508,0.6690664317918356,0.6690412585336896,0.6690486824475212,0.669063670411985
1.0,1.0,1.0,0.9999999999999998,1.0,1.0,1.0,0.5072886297376096,1.0,0.9999999999999998,1.0,1.0,0.9999999999999996,0.0,1.0,1.0,1.0,1.0,1.0,1.0000000000000004,1.0,1.0,1.0,1.0,1.0
0.0,0.0,0.0,0.0,0.0,0.0,0.0,0.0,0.0,0.0,0.0,0.0,0.0,1.0,0.0,0.0,0.0,0.0,0.0,0.0,0.0,0.0,0.0,0.0,0.0
1.0,1.0,1.0,0.9999999999999998,1.0,1.0,1.0,0.5072886297376096,1.0,0.9999999999999998,1.0,1.0,0.9999999999999996,0.0,1.0,1.0,1.0,1.0,1.0,1.0000000000000004,1.0,1.0,1.0,1.0,1.0
1.0,1.0,1.0,0.9999999999999998,1.0,1.0,1.0,0.5072886297376096,1.0,0.9999999999999998,1.0,1.0,0.9999999999999996,0.0,1.0,1.0,1.0,1.0,1.0,1.0000000000000004,1.0,1.0,1.0,1.0,1.0
1.0,1.0,1.0,0.9999999999999998,1.0,1.0,1.0,0.5072886297376096,1.0,0.9999999999999998,1.0,1.0,0.9999999999999996,0.0,1.0,1.0,1.0,1.0,1.0,1.0000000000000004,1.0,1.0,1.0,1.0,1.0
0.0,1.0,0.9390455264091129,0.931474470398679,0.9288122733137789,0.0038805031446540895,0.0,0.9970845481049553,0.8753807537527147,0.8769218363367035,0.8591340492413823,0.857183923541935,0.8544129027784026,0.14285714285722406,0.8571428571428572,0.8571427679418,0.8571427053521536,0.8571098185345454,0.8427030961162196,0.8720909571092474,0.868209730751063,0.8722611376288829,0.8719204511724543,0.8719666517790681,0.872059925093633
0.0,1.0,0.9896588582650896,0.9884450300241905,0.9879227512670927,0.39811320754716994,0.9938650306748467,0.7317784256559765,0.9795562506643587,0.9790739488252707,0.9772609156437745,0.9761928774363646,0.9758220452957631,0.023809523809518396,0.9761904774841268,0.9761904092896834,0.9761904667689847,0.9761886108821543,0.9742033294893861,0.9784242852475877,0.9776413163281372,0.9784643214730759,0.9784060552092604,0.9784129819860059,0.978426966292135
0.0,1.0,0.9715982736255286,0.9687131091374253,0.9668300915082124,0.06264150943396228,0.0,0.9358600583090375,0.9382407732952736,0.9418180727131669,0.9248982592123591,0.9284940692233419,0.9261470566754038,0.07142857142866887,0.9285714285714284,0.9285715400727494,0.9285717124723862,0.9286337994018838,0.9161102168881468,0.941490914602956,0.9385923476617855,0.9416275482898833,0.9414514692787179,0.9414917373827603,0.9415730337078649
0.0,1.0,0.9493866675675315,0.9429490113491352,0.9408895220466862,0.009748427672955978,0.0,1.0,0.8964796632130496,0.8973500134193577,0.882819372549072,0.8809911751292656,0.8786144651642833,0.11904761904770567,0.88095237965873,0.8809523586521164,0.880952238583169,0.8809211677734483,0.8689956642183274,0.8935176715288162,0.8905684144229253,0.8936467279790032,0.8933659839715049,0.8934047938067593,0.8934831460674157
0.0,1.0,0.9911881820062494,0.9903753266326782,0.9897088232628044,0.39811320754716994,0.0,0.7317784256559765,0.9795285608216031,0.981586056667582,0.9735807081854256,0.9761425952297045,0.9750378276211342,0.023809523809518396,0.9761904774841268,0.9761904092896834,0.9761906514302265,0.9762291033468786,0.9706853270163012,0.9819762705306032,0.9809478822232718,0.9820249659833045,0.9819679430097952,0.9819860056572876,0.9820224719101125
0.0,0.5806451612903221,0.5028855355822537,0.5038536262290341,0.5019343517823232,1.9371069182388564e-14,0.8650306748466258,0.5655976676384835,0.5174504462555887,0.46392942052489317,0.5096701143139201,0.47604506944388003,0.4759957830778654,0.5238095238095184,0.4761904774841268,0.4761905653915328,0.4761910119593189,0.47630734928318663,0.4761094485416546,0.4780449349664675,0.4755156668241223,0.47814735894179927,0.47818343722172774,0.4781896680065505,0.47820224719101123
0.0,1.0,0.9905327578751764,0.9895710363791419,0.988943363836071,0.39811320754716994,0.9938650306748467,0.7317784256559765,0.9795413311244205,0.9805295983829903,0.9751873979577903,0.9761537127714655,0.9754000579863678,0.023809523809518396,0.9761904774841268,0.9761904092896834,0.9761906118599608,0.9762201443890586,0.9721511605746915,0.9804884014507729,0.9795307825539283,0.9805418578151506,0.9804838230929058,0.9804972457942536,0.9805243445692882
0.0,1.0,0.98907625890936,0.9875603107453002,0.9872423428877739,0.39811320754716994,0.9938650306748467,0.7317784256559765,0.979566096793854,0.9779816581906713,0.9787620310721236,0.9762583808551,0.976098697815035,0.023809523809518396,0.9761904774841268,0.9761904092896834,0.9761902264162563,0.9761357605466623,0.975815748094945,0.9768376947613535,0.97638167217761,0.9768311251281179,0.9767735233006825,0.9767753461366682,0.9767790262172285
1.0,1.0,1.0,0.9999999999999998,1.0,1.0,1.0,0.5072886297376096,1.0,0.9999999999999998,1.0,1.0,0.9999999999999996,0.0,1.0,1.0,1.0,1.0,1.0,1.0000000000000004,1.0,1.0,1.0,1.0,1.0
0.0,1.0,0.9611114829164236,0.9568364230602009,0.9545827406804754,0.024779874213836484,0.0,0.9766763848396494,0.9174153719166145,0.9207589314892111,0.9022095073530343,0.9047119115501188,0.9020738610584647,0.09523809523818727,0.9047619060555552,0.904761949362433,0.904762088376315,0.9048022307722143,0.8906530806254604,0.9193387045587453,0.9159187529522912,0.9194954667446069,0.9192638765212227,0.9193092154235525,0.9194007490636702
0.0,0.935483870967742,0.863414922996955,0.8564828704695839,0.8545444304060479,3.628930817610064e-05,0.0,0.944606413994169,0.8113020138414382,0.7995461437871334,0.795794072409252,0.7859814636650393,0.7833073034051865,0.21428571428577925,0.7857142857142856,0.7857143080145497,0.7857133025292589,0.7854990718248978,0.7734235471984316,0.7987615501315641,0.7960951031333647,0.798860119794063,0.7983823092905906,0.7984219145451839,0.7985018726591759
0.0,1.0,0.9610386575645884,0.9568364230602009,0.9544976896330608,0.024779874213836484,0.0,0.9766763848396494,0.9174154586933243,0.9207263114845536,0.902224688369503,0.9046887338768212,0.902080500718927,0.09523809523818727,0.9047619060555552,0.904761949362433,0.9047621733791091,0.904820904087055,0.8906530806254604,0.9193214816688395,0.915761297433475,0.9194974415890385,0.9192638765212227,0.9193092154235525,0.9194007490636702
0.0,1.0,0.949095367889667,0.9428685823237817,0.9405493178570268,0.009811320754716983,0.0,1.0,0.8964837518087365,0.8971619352598463,0.8831863881104465,0.8809983932882295,0.878728814872249,0.11904761904770567,0.88095237965873,0.8809523586521164,0.8809522107374264,0.8809154443782923,0.8691497128576806,0.8933590918940943,0.8899385923476619,0.8935045391799261,0.8932175719798163,0.8932559178204555,0.8933333333333335
0.0,1.0,0.9810655157503523,0.9791420727582836,0.9778867276721415,0.15786163522012583,0.0,0.8513119533527691,0.9589545334093694,0.9611421943048952,0.950083105906741,0.9523417697392067,0.9507469986890356,0.04761904761915048,0.9523809510873016,0.9523811307830659,0.9523810962157295,0.952412610491292,0.9441884753945793,0.9610024635184948,0.9590615651078571,0.9610856904747327,0.9609676461858117,0.9609944915885071,0.9610486891385768
0.0,1.0,0.9911881820062494,0.9903753266326782,0.9897088232628044,0.39811320754716994,0.0,0.7317784256559765,0.9795285608216031,0.981586056667582,0.9735807081854256,0.9761425952297045,0.9750378276211342,0.023809523809518396,0.9761904774841268,0.9761904092896834,0.9761906514302265,0.9762291033468786,0.9706853270163012,0.9819762705306032,0.9809478822232718,0.9820249659833045,0.9819679430097952,0.9819860056572876,0.9820224719101125
0.0,1.0,0.9713797987230071,0.9683913930360106,0.9665749383659681,0.06264150943396228,0.0,0.9358600583090375,0.9382448336380782,0.9414149323346772,0.9254787282584731,0.9284974680419871,0.9262591931632147,0.07142857142866887,0.9285714285714284,0.9285715400727494,0.9285717007478631,0.9286310699950282,0.9167112933826584,0.940897146787564,0.9381199811053378,0.9410331201159625,0.9408578213119623,0.9408962334375466,0.9409737827715356
0.0,1.0,0.9700689498843689,0.966782812528937,0.9650440195125007,0.06264150943396228,0.9815950920245399,0.9358600583090375,0.9382690503943696,0.9393252335651494,0.9286289656991629,0.9285449057540269,0.9269305366099805,0.07142857142866887,0.9285714285714284,0.9285715400727494,0.9285715263455785,0.9285929227188863,0.9197167531730988,0.9379389789536292,0.9352857817666509,0.9380669037796547,0.9378895814781836,0.9379187137114786,0.9379775280898874
0.0,1.0,0.9272478862848779,0.917908774789028,0.915034003632575,0.001534591194968554,0.9570552147239264,0.9854227405247808,0.8541744106892213,0.8540036954419372,0.8393653282636688,0.8334662466551941,0.8310309695896172,0.16666666666674246,0.833333334626984,0.8333334894351827,0.8333328438344845,0.8332263911746285,0.8204440837350293,0.8468461215689849,0.8427019367028814,0.8470167012593581,0.8466162065894927,0.8466577341074886,0.8467415730337078
0.0,1.0,0.9507703411815132,0.9452814530843912,0.9425054919475682,0.009811320754716983,0.0,1.0,0.8964527644509994,0.9001546078154903,0.8787932057790447,0.8809027604472703,0.8778951686141769,0.11904761904770567,0.88095237965873,0.8809523586521164,0.8809525639386915,0.8809923846626844,0.8645285460353413,0.8977630394400209,0.8935600692804284,0.8979597882176829,0.8976699317304839,0.8977221974095579,0.8978277153558052
0.0,1.0,0.9801916167167577,0.9780160664033322,0.9768661151031637,0.15786163522012583,0.9877300613496933,0.8513119533527691,0.9589713721272437,0.9596821636243871,0.9522776720487446,0.9523460538037627,0.9512221032821313,0.04761904761915048,0.9523809510873016,0.9523811307830659,0.9523810800945101,0.9524091632634715,0.946266359754929,0.9589127363320489,0.957172098882066,0.9590061792882265,0.9588898783021671,0.958910227780259,0.9589513108614232
0.0,1.0,0.9685396261432087,0.9642895127429736,0.9632579475167891,0.06251572327044026,0.9815950920245399,0.9358600583090375,0.9382975131552631,0.9362942441111397,0.9329071746456375,0.9286702068769639,0.9277110655843521,0.07142857142866887,0.9285714285714284,0.9285715400727494,0.9285710646924725,0.9284918733130265,0.924375479574759,0.9334224125685204,0.9319792158715163,0.9334576168762303,0.933288809735827,0.9333035581360729,0.9333333333333331
0.0,1.0,0.9699233003336825,0.9663002383768153,0.964873917417671,0.06264150943396228,0.0,0.9358600583090375,0.9382711148728435,0.9388009239502579,0.9292337083845974,0.9285889828766649,0.9269807029334758,0.07142857142866887,0.9285714285714284,0.9285715400727494,0.9285713636678179,0.928557389047286,0.9206184198628198,0.9370869670570294,0.934970870729019,0.9371722992521261,0.9369991095280499,0.9370254577936579,0.9370786516853933
0.0,1.0,0.9808470408478307,0.978820356656869,0.9776315745298971,0.15786163522012583,0.0,0.8513119533527691,0.9589585231199682,0.9607375302134884,0.950659764710898,0.9523451219659615,0.9508591351768474,0.04761904761915048,0.9523809510873016,0.9523811307830659,0.9523810844912064,0.9524099117605465,0.9447821511176877,0.9604087453367911,0.9585891985514094,0.9604912623008119,0.9603739982190564,0.9603989876432935,0.960449438202247
0.0,1.0,0.9182904187404404,0.9078819562949383,0.9045727248005497,0.0006037735849056605,0.0,0.9737609329446064,0.8327722327717924,0.8356708046737096,0.8123174664289041,0.8096179153568168,0.8061794582184612,0.19047619047626085,0.8095238082301588,0.8095238987248663,0.8095234630222721,0.8094479620027855,0.791179718117109,0.8280913871355242,0.8233349078885217,0.8282951760475066,0.8278420896408427,0.8278993598332591,0.8280149812734083
0.0,1.0,0.9802644414921011,0.9778552083526246,0.9769511661505783,0.15786163522012583,0.0,0.8513119533527691,0.9589694085519209,0.9595603293321122,0.9523026917494274,0.9523867094091432,0.9511601331178148,0.04761904761915048,0.9523809510873016,0.9523811307830659,0.9523809306068376,0.9523763820058084,0.9465632024488504,0.9586544922508415,0.9573295544008817,0.9587060029346186,0.9585930543187886,0.9586124758076524,0.9586516853932583
