7.690887916736380281e-02,1.128659511455057662e-01,3.259161554908585057e-02
9.229064516634431781e-03,5.064385275126749315e-04,2.737411304621809038e-02
2.461084144282855296e-02,2.325093126140435895e-02,3.182989274693626136e-02
2.768719628170669689e-02,2.882224422309005978e-03,2.704555200361781486e-02
1.230542208731597725e-02,5.881189009901272718e-03,2.664565631754389763e-02
3.691626353014453715e-02,2.532564845385898433e-02,3.075190797864737688e-02
6.152709677756287854e-03,0.000000000000000000e+00,2.619281603565703012e-02
3.076354838878143927e-03,0.000000000000000000e+00,2.614010570796714700e-02
9.229064516634431781e-03,2.433380027174193955e-04,2.616353252027376133e-02
6.152709677756287854e-03,0.000000000000000000e+00,2.615181911412045590e-02
3.383990595946298474e-02,2.035718801261978197e-02,2.814368383049039440e-02
1.538177692619412118e-02,1.338399016733804459e-01,3.934638547551368853e-02
1.538177692619412118e-02,5.652928031188957439e-03,2.667599403948096512e-02
1.230542208731597725e-02,1.160497061157534683e-02,2.619281603565703012e-02
3.076354838878143927e-03,0.000000000000000000e+00,2.614010570796714700e-02
3.076354838878143927e-03,0.000000000000000000e+00,2.614010570796714700e-02
1.230542208731597725e-02,1.437477039358806300e-03,2.723413784268606530e-02
1.538177692619412118e-02,1.236622623962750980e-02,3.255530399001059505e-02
9.229064516634431781e-03,2.455727394770692044e-04,2.714581876029012811e-02
9.229064516634431781e-03,2.545280745852390291e-03,3.115262360315202220e-02
6.152709677756287854e-03,2.497509523053610160e-03,2.629273139014474264e-02
6.152709677756287854e-03,6.515653123333438670e-03,3.256432331274864561e-02
6.152709677756287854e-03,2.497509523053610160e-03,2.629273139014474264e-02
3.076354838878143927e-03,0.000000000000000000e+00,2.614010570796714700e-02
1.538177692619412118e-02,7.847230953734131778e-03,2.632822301078926661e-02
3.076354838878143927e-03,0.000000000000000000e+00,2.614010570796714700e-02
6.152709677756287854e-03,3.278897646269372888e-03,3.216196781138253025e-02
4.614532804677896199e-02,1.249984338522373006e-01,4.196854857699310049e-02
6.152709677756287854e-03,0.000000000000000000e+00,2.571549473490974957e-02
1.845813176507226858e-02,6.221648672193071800e-03,2.934957899397340128e-02
1.230542208731597725e-02,2.311711025815484392e-04,2.338476117852462260e-02
1.538177692619412118e-02,3.075876777736879196e-03,2.758694563602369018e-02
6.152709677756287854e-03,2.193751687477793304e-03,2.582888050647376421e-02
6.152709677756287854e-03,1.798868735965990966e-03,2.806953796953995731e-02
3.076354838878143927e-03,0.000000000000000000e+00,2.217183797134962900e-02
3.076355112058484081e-02,2.936126024647674193e-02,2.419122919217984655e-02
1.230542208731597725e-02,1.790925488305857840e-03,2.566477568626592681e-02
4.922168288565710592e-02,5.518617620589078010e-02,3.534520306760537828e-02
2.461084144282855296e-02,2.390489469458489599e-02,3.189923611136384618e-02
3.076354838878143927e-03,0.000000000000000000e+00,2.319945509317929838e-02
3.691626353014453715e-02,2.587820946504998734e-02,3.036138301749610052e-02
6.152709677756287854e-03,2.673738380878747101e-04,2.584598207945759327e-02
3.076354838878143927e-03,0.000000000000000000e+00,2.319945509317929838e-02
2.830246779584300598e-01,6.301353165918865962e-01,5.271559872265273172e-02
3.076354838878143927e-03,0.000000000000000000e+00,2.219292210242558572e-02
2.461084144282855296e-02,3.895035428447904402e-02,2.888631378061009072e-02
9.229064516634431781e-03,1.081811234938013068e-03,2.399303836006588461e-02
1.230542208731597725e-02,2.713393536374647877e-02,3.252824602179645724e-02
4.922168288565710592e-02,6.047341439677149377e-02,3.551668733368979619e-02
2.461084144282855296e-02,1.227841350017749508e-02,3.785843149185903062e-02
2.461084144282855296e-02,1.062998475983028233e-02,3.147919336670623736e-02
3.383990595946298474e-02,7.630039371104613971e-03,3.128580503111513117e-02
3.076354838878143927e-03,0.000000000000000000e+00,2.798906686926673493e-02
2.153448660395040903e-02,1.938822601796239345e-02,3.521764407459585661e-02
1.230542208731597725e-02,2.107540509372193057e-03,3.385373506210472699e-02
3.076354838878143927e-03,0.000000000000000000e+00,2.798906686926673493e-02
9.229064516634431781e-03,7.679722535353316303e-04,2.827276556629984214e-02
1.230542208731597725e-02,8.916798314270107202e-04,3.025151126777807925e-02
3.076354838878143927e-03,0.000000000000000000e+00,2.798906686926673493e-02
3.999261836902267414e-02,4.913581514024317060e-02,4.062923771742392443e-02
3.999261836902267414e-02,2.919540801633891541e-02,3.146232606184547198e-02
2.768719628170669689e-02,5.106336250187063289e-03,3.832919328516046220e-02
2.768719628170669689e-02,1.590300009275624760e-02,3.949221738212236460e-02
1.538177692619412118e-02,1.471303504777371571e-03,3.814201305483060772e-02
9.844336577131421184e-02,3.387927224819587552e-02,4.408504393483423517e-02
1.538177692619412118e-02,2.273894313760522166e-03,3.588671383407277676e-02
1.845813176507226858e-02,6.779294951032698718e-03,3.606346913292619166e-02
1.230542208731597725e-02,5.535447919734167929e-03,3.234856237140472379e-02
5.229803772453524291e-02,3.593368809870950420e-02,3.882467036544536704e-02
2.768719628170669689e-02,3.543470614285153079e-03,3.281065624415269860e-02
6.152710497297308317e-02,4.012024146119654716e-02,3.540927539926396611e-02
2.030394412203846977e-01,2.801777176575528938e-01,4.538324073880530690e-02
1.845813176507226858e-02,9.895570803302358026e-03,3.430997223177605776e-02
5.845074740229154464e-02,3.228570629529806807e-02,3.913601270100028340e-02
1.230542208731597725e-02,4.395789282252198817e-03,3.460386159216254087e-02
5.845074740229154464e-02,1.890053693186317940e-02,4.251685311902942549e-02
5.537439256341339378e-02,3.808384007200653343e-02,4.224088527005750299e-02
9.229064516634431781e-03,3.451426773236867309e-05,3.402088536791243040e-02
1.015197206101923488e-01,1.336143422431064764e-01,4.257869990351888928e-02
6.152709677756287854e-03,5.065403321872812887e-05,3.567891800891311027e-02
1.076724302879486506e-01,8.997956007649884902e-02,4.413494304504732291e-02
3.383990595946298474e-02,6.022024603535245171e-03,4.097033210460823693e-02
1.722758900997998777e-01,9.654703177920688495e-02,4.584498320936868793e-02
5.537439256341339378e-02,4.655627091378365667e-03,4.060100840859445087e-02
4.306897320790081807e-02,4.598837464233977365e-03,3.965269104642267506e-02
2.768719628170669689e-02,1.847944051816068425e-02,3.599693698597540570e-02
9.229064516634431781e-03,4.386440633474331173e-04,3.072766122791002752e-02
1.691995352609217129e-01,1.877488985076821160e-01,4.862352028299475604e-02
9.229064516634431781e-03,9.797855696966248883e-04,3.611899067809287017e-02
4.922168288565710592e-02,3.569935360209263581e-02,4.029376576519319575e-02
3.076354838878143927e-03,0.000000000000000000e+00,3.040074006217121858e-02
5.537439256341339378e-02,1.515806549217205840e-02,4.240908978241899469e-02
1.107487878586301960e-01,4.120670591467631705e-02,4.475891619083401801e-02
6.460345981185122710e-02,2.111026202109077959e-02,4.287481481107450337e-02
1.538177583347276056e-01,1.395820279808104025e-01,4.644494387254109735e-02
3.076355112058484081e-02,1.296827673788137876e-03,3.942580236923311221e-02
4.922168288565710592e-02,1.055689148650382561e-02,4.300073392722255500e-02
3.999261836902267414e-02,8.070188157203544294e-03,3.765157273919161884e-02
2.153448660395040903e-02,4.304264396740320638e-03,3.718537917428998280e-02
6.767981465072936409e-02,1.649193516927181455e-02,4.097033210460823693e-02
4.306897320790081807e-02,2.964919614579424132e-03,4.181861697823077012e-02
4.306897320790081807e-02,3.478144292718902356e-03,4.089876319301152807e-02
3.137882290790148798e-01,4.678519461609725316e-01,4.997185046530198266e-02
7.383252432848565194e-02,2.977622603233526927e-02,4.053084510573613797e-02
5.229803772453524291e-02,2.501882157979991913e-03,4.029376576519319575e-02
7.998523400624193980e-02,1.382969078446020031e-02,4.022465666888868502e-02
6.152709677756287854e-03,1.770408121811429088e-05,3.388313571154953630e-02
4.306897320790081807e-02,1.746235719194550763e-03,4.085600926055195370e-02
6.460345981185122710e-02,3.843886276884871285e-03,4.117191982450665866e-02
3.076355112058484081e-02,1.412440538528196479e-03,4.172924368928102729e-02
3.076355112058484081e-02,8.889832490703666358e-04,3.931991317760720472e-02
1.045960754490704858e-01,4.135105997718632048e-02,4.089876319301152807e-02
1.538177692619412118e-02,9.344303456391108483e-04,3.984151115361399265e-02
2.153448660395040903e-02,6.033193321251806036e-04,3.497587937159159222e-02
3.383990595946298474e-02,9.878527210948761725e-03,3.735147527354388403e-02
9.536701093243607485e-02,1.469453639348550396e-02,4.211941724824770639e-02
5.537439256341339378e-02,3.656953029981012578e-03,3.879901800596962519e-02
3.691626353014453715e-02,9.993171689759638640e-04,3.697418646134584957e-02
1.230542208731597725e-02,6.083450067935484886e-05,3.561390860476225384e-02
6.152709677756287854e-03,0.000000000000000000e+00,3.825411035171775997e-02
7.383252432848565194e-02,1.148386029440655147e-02,4.254777651127416432e-02
1.845813176507226858e-02,3.522762053645731983e-03,3.617486362544414941e-02
4.922168288565710592e-02,2.500674406913443518e-02,3.860715241317844854e-02
1.230542208731597725e-02,7.306024888322993011e-04,3.376600165001646114e-02
6.152709677756287854e-03,2.855496970663595085e-05,3.245609143989208051e-02
1.230542208731597725e-02,1.168779740501050017e-03,3.127748851274628206e-02
4.306897320790081807e-02,1.663381364006029026e-02,3.801820235179014656e-02
6.152709677756287854e-03,8.467169278228573782e-05,3.100421474718961790e-02
1.845813176507226858e-02,1.727908394724578548e-03,3.087349313451870358e-02
4.922168288565710592e-02,3.501213480288766638e-02,3.589760730179535758e-02
6.152709677756287854e-03,1.827518061224700854e-04,2.578905492555252227e-02
6.152709677756287854e-03,4.055749253863046022e-04,2.196404214618995557e-02
3.076354838878143927e-03,0.000000000000000000e+00,2.185745015019486051e-02
6.152709677756287854e-03,6.083450067935484886e-05,2.217183797134962900e-02
1.845813176507226858e-02,5.685249773856025125e-03,3.403084176314274262e-02
1.230542208731597725e-02,1.522950754333721917e-03,2.992693278326992445e-02
3.691626353014453715e-02,2.035958663007514033e-02,3.548447546676820191e-02
1.538177692619412118e-02,1.731623023827285257e-03,2.923232779837879255e-02
9.229064516634431781e-03,1.159580074173825076e-04,2.572673960481692418e-02
9.229064516634431781e-03,2.458210435614747026e-04,3.064730726169833872e-02
9.229064516634431781e-03,2.744197147869660396e-03,3.348605124295241098e-02
1.230542208731597725e-02,1.755554571482290192e-03,2.827955934186876172e-02
3.383990595946298474e-02,2.077853521344752777e-02,3.669611019926632967e-02
1.845813176507226858e-02,7.039520114530538764e-04,3.001900015563492216e-02
3.076355112058484081e-02,7.764101229316002634e-03,3.101241413149693343e-02
6.767981465072936409e-02,4.196446542122004436e-02,3.565724820752948915e-02
2.153448660395040903e-02,6.803824911531121400e-03,3.051951400056575336e-02
2.461084144282855296e-02,5.494341178560833462e-03,2.946765012799873809e-02
1.230542208731597725e-02,5.592433707105238030e-03,2.982022365321329582e-02
1.230542208731597725e-02,6.824141151717180850e-04,3.302337169989676136e-02
2.768719628170669689e-02,6.415651136379955585e-03,2.998058018345207271e-02
6.152709677756287854e-03,1.045360195347281374e-05,3.044021424090786326e-02
3.076354838878143927e-03,0.000000000000000000e+00,2.822509200325588191e-02
3.076355112058484081e-02,9.928806305000037469e-03,3.464474137963758499e-02
6.152709677756287854e-03,1.891106254200113036e-03,2.348315379021240559e-02
6.152709677756287854e-03,1.117225853280436228e-02,2.046004079610527424e-02
6.152709677756287854e-03,0.000000000000000000e+00,2.385622577619524870e-02
3.076354838878143927e-03,0.000000000000000000e+00,2.044586757465977067e-02
6.152709677756287854e-03,2.028644369593180137e-04,2.047444828567384148e-02
3.076354838878143927e-03,0.000000000000000000e+00,2.788247487327163640e-02
6.152709677756287854e-03,6.565611905115831953e-03,2.804259713538734961e-02
3.076354838878143927e-03,0.000000000000000000e+00,2.788247487327163640e-02
1.845813176507226858e-02,5.441189206252985099e-03,3.393221488333189595e-02
3.076354838878143927e-03,0.000000000000000000e+00,2.788247487327163640e-02
3.999261836902267414e-02,2.502370323809932975e-02,3.684615893209020054e-02
1.845813176507226858e-02,8.235518948764121785e-03,3.452221915127399315e-02
2.153448660395040903e-02,1.119260953556224132e-02,3.614136328384568581e-02
9.229064516634431781e-03,5.499538183047441133e-04,2.926887362557711175e-02
9.229064516634431781e-03,5.961334119224845048e-04,2.671242273261774727e-02
3.076355112058484081e-02,8.560573825659402100e-03,3.214439770215257036e-02
3.383990595946298474e-02,1.897652046473211757e-02,4.015566470664570092e-02
3.076355112058484081e-02,9.474454525273111674e-03,3.054340934911850200e-02
5.845074740229154464e-02,2.861468683893548040e-02,3.713829128155368697e-02
1.230542208731597725e-02,2.039328894345149995e-03,3.463455071628420562e-02
1.230542208731597725e-02,5.750213571459042959e-03,3.015030743861350435e-02
3.076354838878143927e-03,0.000000000000000000e+00,2.880818536156752943e-02
1.538177692619412118e-02,5.964318734319400996e-03,3.379516803133819636e-02
5.229803772453524291e-02,2.870948685532066780e-02,4.120085193770532672e-02
1.230542208731597725e-02,1.158894754900865933e-03,3.289358715971811564e-02
1.538177692619412118e-02,3.453115241010824669e-04,2.885785020365755002e-02
6.152709677756287854e-03,1.380570709294746924e-04,2.863213286708331598e-02
6.152710497297308317e-02,3.562193487161583599e-02,4.180374095241606164e-02
6.767981465072936409e-02,3.555852545758119571e-02,3.901864437134414110e-02
1.230542208731597725e-02,1.140475557919663546e-03,3.389297497271831494e-02
3.999261836902267414e-02,1.923456303532803183e-02,3.848029622453812831e-02
2.768719628170669689e-02,3.484252573195278316e-03,3.381472941961422007e-02
9.229064516634431781e-03,2.901110430968891363e-04,2.939373853517137161e-02
3.691626353014453715e-02,2.236243965442111584e-02,3.621960883694978067e-02
1.230542208731597725e-02,2.454252468509323000e-03,3.435014921488190737e-02
3.999261836902267414e-02,1.231356590940678626e-02,3.555979266833397129e-02
1.845813176507226858e-02,1.566490875534231730e-03,3.517535867838241653e-02
2.768719628170669689e-02,8.607108494117842595e-03,3.572249187980341273e-02
1.538177692619412118e-02,3.653223502633241057e-04,3.485089732793580225e-02
1.845813176507226858e-02,6.267376352377193247e-03,3.510156421961657669e-02
6.767981465072936409e-02,1.020699626900461662e-02,4.058695232121048435e-02
1.230542208731597725e-02,8.491627230542517658e-04,3.363024327269963087e-02
4.306897320790081807e-02,2.940207647187132595e-02,4.274971563335717983e-02
6.460345981185122710e-02,1.311565266109859275e-02,4.115739520087655784e-02
2.461084144282855296e-02,6.702387726969774064e-03,4.222565784205820072e-02
2.153448660395040903e-02,2.327771333994834140e-03,3.773649493380310666e-02
2.461084144282855296e-02,1.504252463561647768e-02,3.882467036544536704e-02
3.999261836902267414e-02,4.653507816017964788e-02,4.099902994968384479e-02
1.538177692619412118e-02,7.899362396255072208e-03,2.821829822768696233e-02
9.229064516634431781e-03,2.031156213711026587e-02,3.228612991660759213e-02
3.076354838878143927e-03,0.000000000000000000e+00,2.370172594903312280e-02
6.152709677756287854e-03,2.391168332825253841e-04,2.521720643714804935e-02
3.076354838878143927e-03,0.000000000000000000e+00,2.325005700776158757e-02
9.229064516634431781e-03,2.257084127246267744e-04,2.596053919163694018e-02
9.229064516634431781e-03,2.747479727865501532e-03,3.314483972170656489e-02
2.461084144282855296e-02,1.486323667147146539e-02,3.995021156271669205e-02
9.229064516634431781e-03,1.125622007590524817e-02,3.951892394815190862e-02
3.076354838878143927e-03,0.000000000000000000e+00,3.000365559357408979e-02
3.691626353014453715e-02,9.942619461215516929e-03,3.399136758440609446e-02
1.845813176507226858e-02,7.077341792667188845e-03,3.448157363192201619e-02
1.845813176507226858e-02,6.890222317700024808e-03,3.477850847790835837e-02
3.691626353014453715e-02,1.624785970342371155e-02,3.520710200905788345e-02
3.999261836902267414e-02,2.473420302305007895e-02,3.809234821274058019e-02
6.152709677756287854e-03,0.000000000000000000e+00,2.473789385735470497e-02
1.538177692619412118e-02,6.254124363392470423e-03,2.847903864865958604e-02
6.152709677756287854e-03,0.000000000000000000e+00,2.487974320587126031e-02
3.076354838878143927e-03,0.000000000000000000e+00,2.468576919997248625e-02
1.538177692619412118e-02,7.828737265527607389e-03,3.844246192266294326e-02
2.461084144282855296e-02,2.690520260727379334e-02,4.199853489674556378e-02
1.230542208731597725e-02,6.591390835158813556e-03,3.929355801376226837e-02
2.461084144282855296e-02,1.079352031286060810e-02,4.099902994968384479e-02
2.153448660395040903e-02,8.396402614172997908e-03,3.899264060968379852e-02
7.998523400624193980e-02,4.251095291450648905e-02,4.239374522035815884e-02
1.230542208731597725e-02,3.566292242682865109e-03,4.025230030741048376e-02
2.768719628170669689e-02,6.702176668498029295e-03,3.996379911385452427e-02
5.537439256341339378e-02,3.256447977390099918e-02,4.268728317856005511e-02
4.922168288565710592e-02,1.624141124635169672e-02,4.107083312940361386e-02
3.383990595946298474e-02,2.283337814698633422e-02,3.926720284991732507e-02
9.229064516634431781e-03,1.385189165264689732e-03,3.993662401157884595e-02
2.461084144282855296e-02,5.223314787391353242e-03,4.054490119312011143e-02
6.767981465072936409e-02,2.434679899056057389e-02,4.213452754218546814e-02
3.383990595946298474e-02,6.124199251227277138e-03,3.959904364624052681e-02
6.152709677756287854e-03,2.326609270879816181e-04,3.791969260604082653e-02
1.845813176507226858e-02,4.130600520107092707e-03,4.016948652590660723e-02
6.152709677756287854e-03,5.172124417350308992e-04,3.779740464580030185e-02
5.537439256341339378e-02,1.756182035903583114e-02,4.122990118496552836e-02
5.845074740229154464e-02,2.412693813902369588e-02,4.251685311902942549e-02
1.845813176507226858e-02,1.592833455848814304e-03,3.951892394815190862e-02
1.538177692619412118e-02,4.513919950408130260e-04,4.022465666888868502e-02
3.383990595946298474e-02,1.713721540862068668e-02,4.372309968469702962e-02
4.306897320790081807e-02,1.532297416678914809e-02,4.186347932379793496e-02
2.768719628170669689e-02,9.130642757841837473e-03,3.877324851243234977e-02
1.845813176507226858e-02,4.519648325635365269e-03,4.102772779475944570e-02
1.845813176507226858e-02,1.703980819934924201e-02,3.913601270100028340e-02
3.999261836902267414e-02,7.785505041391759667e-03,3.950557066513713661e-02
4.922168288565710592e-02,4.464118345111165592e-02,4.053084510573613797e-02
1.507414034958494686e-01,5.341052141877585674e-02,4.508618875875742421e-02
3.383990595946298474e-02,6.106279145455729973e-03,3.918837162650556927e-02
3.076355112058484081e-02,6.400442511210116883e-03,3.996379911385452427e-02
6.152709677756287854e-03,1.661154324672995655e-04,3.789521158718042043e-02
3.076355112058484081e-02,4.153851714570827060e-03,4.134633244212940900e-02
1.538177692619412118e-02,1.748924852428662604e-03,3.805521671523459659e-02
3.076355112058484081e-02,1.863705898485962719e-03,3.973339641481896112e-02
7.998523400624193980e-02,1.511526780018392080e-02,4.072809886535783824e-02
2.768719628170669689e-02,1.165093169759881184e-02,4.192345196330286849e-02
9.229064516634431781e-03,1.405401117735299995e-04,3.810476442326309054e-02
3.691626353014453715e-02,3.414801920787051501e-03,4.171436766346632574e-02
2.461084144282855296e-02,4.477945654659456522e-03,4.099902994968384479e-02
1.230542208731597725e-02,2.817407124115786730e-04,3.879901800596962519e-02
3.691626353014453715e-02,1.277448284912539346e-02,4.105642563983505355e-02
1.230542208731597725e-02,7.607992451450246163e-03,4.030770471851562869e-02
1.230542208731597725e-02,7.722257025011982994e-05,3.861992002588555267e-02
2.153448660395040903e-02,4.408589357803304430e-03,4.082754568359941993e-02
1.845813121871158480e-01,1.171565910971347491e-01,4.711752765386401087e-02
8.306158884512009066e-02,2.545519862685672804e-02,4.339910687049654964e-02
5.537439256341339378e-02,2.211339562384405724e-02,4.301654702552952514e-02
5.229803772453524291e-02,3.396790190808358229e-02,4.245524060266302885e-02
4.306897320790081807e-02,9.907417391169345139e-03,3.993662401157884595e-02
8.306158884512009066e-02,1.734810999966967734e-02,4.196854857699310049e-02
3.076355112058484081e-02,5.398751555187235839e-03,4.025230030741048376e-02
2.461084144282855296e-02,2.195926831257185869e-03,4.068569633508286459e-02
9.844336577131421184e-02,1.168495581306856351e-01,4.494785343208686224e-02
4.306897320790081807e-02,2.739071158351192789e-02,4.260974042982515475e-02
1.538177692619412118e-02,1.265004029114387418e-02,3.821662745202717565e-02
1.322832717307771966e-01,1.433880578169868247e-01,4.515576639130807618e-02
7.075616948960751496e-02,7.098548451299926954e-02,4.406852803215807052e-02
2.461084144282855296e-02,2.514357700092778938e-02,4.025230030741048376e-02
1.538177692619412118e-02,4.503069061919608607e-04,3.888909409928856253e-02
1.230542208731597725e-02,4.473965340186436199e-03,4.029376576519319575e-02
2.153448660395040903e-02,9.663749144019666976e-03,4.084171890504492003e-02
3.076354838878143927e-03,0.000000000000000000e+00,2.594332048459158102e-02
3.076354838878143927e-03,0.000000000000000000e+00,2.752861287338021629e-02
4.306897320790081807e-02,1.389135958686315599e-02,3.534520306760537828e-02
3.383990595946298474e-02,3.014654922685852060e-03,3.512264835069253688e-02
1.845813176507226858e-02,4.020574497266158655e-03,2.966923784789715982e-02
6.152709677756287854e-03,2.182592901924608936e-05,2.913780061072160019e-02
1.845813176507226858e-02,1.785306366875760741e-04,2.982783736721294349e-02
1.230542208731597725e-02,3.004479421306912972e-05,3.038492696386425190e-02
6.152709677756287854e-03,0.000000000000000000e+00,2.800242015228150347e-02
6.152709677756287854e-03,9.013438263920740270e-05,2.827955934186876172e-02
9.229064516634431781e-03,5.639030451584779724e-03,2.907993638432426406e-02
2.461084144282855296e-02,2.941410183867908517e-03,3.601907532360515418e-02
9.229064516634431781e-03,4.065482773971743069e-04,3.689266115451882849e-02
2.768719628170669689e-02,7.554242066298982004e-03,3.626447118251695245e-02
1.538177692619412118e-02,1.708500947487442186e-03,3.692756710485568805e-02
1.230542208731597725e-02,1.768565705505139923e-03,3.751885984747464764e-02
2.153448660395040903e-02,6.559898428133660239e-03,3.735147527354388403e-02
9.229064516634431781e-03,1.764689678747569709e-03,3.759113156344055795e-02
1.230542208731597725e-02,7.424292123725347221e-05,3.545214646578507406e-02
2.768719628170669689e-02,1.608799905084258575e-02,3.973339641481896112e-02
4.306897320790081807e-02,5.048905998504909197e-03,3.777304076100142238e-02
1.230542208731597725e-02,2.212389392053272107e-05,3.647894364918401189e-02
2.153448660395040903e-02,5.492213212557478259e-04,3.748289969058399979e-02
9.229064516634431781e-03,3.724561266082950553e-05,3.498630430306803180e-02
3.076355112058484081e-02,1.054688979798397170e-03,3.846764574589255775e-02
2.153448660395040903e-02,1.836245949791555322e-03,3.860715241317844854e-02
3.383990595946298474e-02,9.789659179140021428e-03,3.882467036544536704e-02
3.691626353014453715e-02,1.430398883128742270e-02,3.913601270100028340e-02
3.999261836902267414e-02,2.453815453320769627e-03,3.751885984747464764e-02
2.461084144282855296e-02,5.426040174063403911e-04,3.663871450911512784e-02
3.691626353014453715e-02,3.123449357268134711e-03,4.125895043222573000e-02
2.768719628170669689e-02,5.822581796859035205e-04,3.837944379755815066e-02
3.383990595946298474e-02,7.674528013907552966e-03,3.671918560938834675e-02
7.383252432848565194e-02,2.486328141828745078e-02,3.926720284991732507e-02
4.306897320790081807e-02,1.412931684007150655e-02,4.032152653777653500e-02
9.536701093243607485e-02,3.286200269391739009e-02,4.067152311363736450e-02
1.230542208731597725e-02,2.135415125887558181e-04,3.801820235179014656e-02
1.845813176507226858e-02,1.355740300854193920e-05,3.557056900199501159e-02
3.076355112058484081e-02,1.086017506127842864e-03,3.845499526724698719e-02
9.229064516634431781e-03,0.000000000000000000e+00,3.630933352808411729e-02
3.076354838878143927e-03,0.000000000000000000e+00,3.472696949083380752e-02
1.538177692619412118e-02,2.206648601621816457e-03,3.832919328516046220e-02
1.845813176507226858e-02,2.435485645809953078e-03,3.566814167525206303e-02
2.768719628170669689e-02,4.965145581712390732e-03,3.938597678831187027e-02
1.230542208731597725e-02,1.633840875388387602e-04,3.692756710485568805e-02
2.768719628170669689e-02,5.038154431650150068e-03,3.674214388544883025e-02
3.383990595946298474e-02,1.546216847042519889e-03,3.903164625217431238e-02
1.230542208731597725e-02,5.900052671193561481e-04,3.532388466840635788e-02
2.153448660395040903e-02,1.803730529938651038e-03,3.690425742661060382e-02
9.229064516634431781e-03,1.509688833185622516e-04,3.509113928814013711e-02
1.845813176507226858e-02,1.051483374068721719e-03,3.676521929557084734e-02
5.537439256341339378e-02,2.225306915436301228e-02,3.899264060968379852e-02
2.461084144282855296e-02,1.352365600043038338e-02,3.817926168639812490e-02
6.152709677756287854e-03,6.561261617557046823e-04,3.366889751300554401e-02
1.845813176507226858e-02,2.940707483309041095e-03,3.697418646134584957e-02
5.845074740229154464e-02,1.994668176811718527e-02,3.815442926535311113e-02
3.076354838878143927e-03,0.000000000000000000e+00,3.353395907411943488e-02
1.845813176507226858e-02,9.825914058504074244e-04,3.533454386800587155e-02
6.152709677756287854e-03,9.536143192002820724e-04,3.360131115950095587e-02
3.383990595946298474e-02,4.726048612756618937e-03,3.705606317035747138e-02
2.768719628170669689e-02,2.643301266212317192e-03,3.737525348803509562e-02
3.999261836902267414e-02,2.559640915965815181e-02,3.668463106123608791e-02
4.306897320790081807e-02,9.580669080418420178e-03,3.835425997432854311e-02
1.845813176507226858e-02,7.079151929442505271e-03,3.684615893209020054e-02
6.767981465072936409e-02,3.409488958293026284e-02,3.901864437134414110e-02
6.152709677756287854e-03,2.346473597632258747e-04,3.514373248176849013e-02
2.461084144282855296e-02,3.975497373783178599e-03,3.624198144270260324e-02
3.076355112058484081e-02,1.020625880587393286e-02,3.599693698597540570e-02
6.152709677756287854e-03,2.830666562223041878e-05,2.800909679378888947e-02
6.152709677756287854e-03,1.412850240267465754e-04,2.380773227472055692e-02
3.076354838878143927e-03,0.000000000000000000e+00,3.067143687837415103e-02
2.153448660395040903e-02,3.109648616256875404e-03,3.341916769381702429e-02
1.845813176507226858e-02,2.055518320648390754e-03,3.236636674875775083e-02
3.076354838878143927e-03,0.000000000000000000e+00,3.079231922987628670e-02
9.229064516634431781e-03,4.295660660215669570e-05,3.164927202405226625e-02
2.461084144282855296e-02,1.503789128140147098e-03,3.364957039285258744e-02
3.076354838878143927e-03,0.000000000000000000e+00,2.734225258148109336e-02
3.076355112058484081e-02,7.810737702449050204e-03,3.496533730605361212e-02
6.460345981185122710e-02,1.834233445187448408e-02,3.603020305945080215e-02
5.845074740229154464e-02,1.045785043635699164e-02,3.934638547551368853e-02
3.076354838878143927e-03,0.000000000000000000e+00,3.018919594704248116e-02
3.076354838878143927e-03,0.000000000000000000e+00,3.018919594704248116e-02
3.076354838878143927e-03,0.000000000000000000e+00,3.018919594704248116e-02
9.229064516634431781e-03,1.869729755573640967e-04,3.248314940810622525e-02
1.845813176507226858e-02,2.665914319179129004e-03,3.287507997799588716e-02
1.230542208731597725e-02,1.117225853280436228e-02,3.054340934911850200e-02
6.152709677756287854e-03,8.243695602263596952e-06,3.152159589698121100e-02
3.076354838878143927e-03,0.000000000000000000e+00,3.209157024040115019e-02
1.845813176507226858e-02,2.171456463739020702e-03,3.267337512403593186e-02
2.153448660395040903e-02,2.392121820509371041e-03,3.313546899678392055e-02
6.767981465072936409e-02,2.079674583499782625e-02,3.924084768607238177e-02
6.152709677756287854e-03,0.000000000000000000e+00,3.274646677843257719e-02
4.922168288565710592e-02,5.172859397440148638e-03,3.649030565315272007e-02
6.152709677756287854e-03,0.000000000000000000e+00,3.212671045886107690e-02
4.922168288565710592e-02,1.071523003504754393e-02,3.610786294224722914e-02
4.614532804677896199e-02,8.637970208768604857e-03,3.438036980275743781e-02
6.152709677756287854e-03,0.000000000000000000e+00,2.572111716986333688e-02
3.076354838878143927e-03,0.000000000000000000e+00,2.540872062775462528e-02
6.152709677756287854e-03,0.000000000000000000e+00,2.541973122953873274e-02
9.229064516634431781e-03,5.592433707105238030e-03,2.542523653043078993e-02
1.538177692619412118e-02,1.254355260150571841e-03,3.170069387706528352e-02
2.768719628170669689e-02,8.574821514022591684e-03,3.090605640362490206e-02
2.153448660395040903e-02,4.021411282030605376e-03,3.476820068049345236e-02
9.229064516634431781e-03,5.613132335581283092e-03,2.838240304789480320e-02
2.768719628170669689e-02,6.876518415281683907e-03,3.374644026174043743e-02
6.152709677756287854e-03,4.891590462788941794e-05,2.986590593721119569e-02
6.152709677756287854e-03,5.592433707105238030e-03,1.772074363309278019e-02
2.153448660395040903e-02,4.977843852588890138e-03,3.508059722260215701e-02
2.153448660395040903e-02,3.076492571866204680e-03,3.969298516359005130e-02
3.076354838878143927e-03,0.000000000000000000e+00,2.979749964527587600e-02
1.230542208731597725e-02,1.832047127724257662e-03,3.110307589512353171e-02
1.230542208731597725e-02,8.003560722235008402e-04,3.413989357443003581e-02
1.230542208731597725e-02,2.192525065300830083e-04,2.831376248783641983e-02
4.922168288565710592e-02,5.980344279926933480e-03,4.124442580859562918e-02
1.845813176507226858e-02,5.770897301690024184e-03,3.319181048038132714e-02
1.230542208731597725e-02,2.207423310365161872e-04,3.505963022558773734e-02
2.153448660395040903e-02,9.233013565760549938e-04,3.526004660487083026e-02
1.230542208731597725e-02,5.675588261931805746e-03,2.821150445211804275e-02
1.538177692619412118e-02,5.202844598672960903e-03,3.402088536791243040e-02
3.076354838878143927e-03,0.000000000000000000e+00,3.101241413149693343e-02
2.461084144282855296e-02,8.987617122183409052e-03,3.553824000101189068e-02
2.153448660395040903e-02,1.421991058526686502e-02,3.803050142825112334e-02
2.768719628170669689e-02,2.059957997677561506e-03,3.805521671523459659e-02
1.538177692619412118e-02,1.905753712139195317e-03,3.629808865817694269e-02
3.076354838878143927e-03,0.000000000000000000e+00,3.122747226847166074e-02
1.845813176507226858e-02,1.870540468409224999e-02,3.984151115361399265e-02
4.306897320790081807e-02,1.289343788684155180e-03,3.667315192320584616e-02
3.999261836902267414e-02,3.082831775141078347e-03,3.951892394815190862e-02
1.538177692619412118e-02,4.306784683197037488e-04,3.437029627346559896e-02
3.383990595946298474e-02,1.167232806055203522e-03,3.771224818306576076e-02
6.152709677756287854e-03,1.308562524817143233e-04,3.695075964903923871e-02
3.076355112058484081e-02,6.315644183344784265e-03,3.593063910714768688e-02
9.229064516634431781e-03,8.069882743179725181e-05,3.431992862700636998e-02
1.538177692619412118e-02,1.141078936844769007e-02,3.281065624415269860e-02
3.691626353014453715e-02,2.271532941917825572e-03,3.795658983542374992e-02
3.076355112058484081e-02,5.846543141004168897e-04,3.737525348803509562e-02
3.076354838878143927e-03,0.000000000000000000e+00,2.443346243143024177e-02
6.152709677756287854e-03,0.000000000000000000e+00,2.814368383049039440e-02
6.152709677756287854e-03,1.420299362799631784e-04,2.457706879086979379e-02
1.230542208731597725e-02,1.041518931161527833e-03,3.278312973969242650e-02
3.076354838878143927e-03,0.000000000000000000e+00,2.807621461104734331e-02
6.152709677756287854e-03,2.903891436714232835e-04,2.859019887305447663e-02
3.076354838878143927e-03,0.000000000000000000e+00,2.432687043543514671e-02
6.152709677756287854e-03,0.000000000000000000e+00,2.866012790778972238e-02
2.461084144282855296e-02,5.419276370804197024e-03,3.657007394905674447e-02
6.152709677756287854e-03,1.255673754838765180e-03,2.595479962262182277e-02
1.538177692619412118e-02,1.091065528163807181e-03,3.266423866723635466e-02
3.076354838878143927e-03,0.000000000000000000e+00,2.480606588116695752e-02
6.152709677756287854e-03,1.114885338980829845e-05,2.904385909337207569e-02
1.538177692619412118e-02,1.124261301207982481e-03,3.442078105398634763e-02
9.229064516634431781e-03,2.738471255683268637e-04,3.415980636489066025e-02
3.076354838878143927e-03,0.000000000000000000e+00,3.377572377712370622e-02
6.152709677756287854e-03,5.592433707105238030e-03,3.379516803133819636e-02
1.538177692619412118e-02,6.987100639271687230e-03,3.809234821274058019e-02
1.230542208731597725e-02,2.675253035793620938e-03,3.456298180468750370e-02
6.152709677756287854e-03,0.000000000000000000e+00,3.399136758440609446e-02
1.845813176507226858e-02,6.568780265232845861e-03,3.441070752469450184e-02
6.152709677756287854e-03,1.760115917512819657e-03,3.385373506210472699e-02
2.461084144282855296e-02,3.641180754539572904e-04,3.488205498830360130e-02
9.229064516634431781e-03,4.590894216573844456e-04,3.411014152280063966e-02
1.538177692619412118e-02,2.663376651436504417e-03,3.423969179485621128e-02
3.999261836902267414e-02,4.110396016759015718e-03,3.817926168639812490e-02
1.230542208731597725e-02,7.690474102208075431e-04,3.444104524663157280e-02
2.153448660395040903e-02,2.299494464862732526e-03,3.783395047299861758e-02
1.230542208731597725e-02,7.462431631090036838e-04,3.626447118251695245e-02
1.230542208731597725e-02,2.828973128367396391e-03,3.386357432327351258e-02
6.152709677756287854e-03,1.929322735830968393e-04,3.560301513703967302e-02
3.076354838878143927e-03,0.000000000000000000e+00,3.377572377712370622e-02
6.152709677756287854e-03,5.946982143146205789e-04,3.379516803133819636e-02
6.152709677756287854e-03,1.924356654142857616e-04,3.382445154672146514e-02
9.229064516634431781e-03,1.556782185833975206e-03,3.749484736486036890e-02
6.152709677756287854e-03,3.997695758929033119e-05,3.575517228297114131e-02
9.229064516634431781e-03,2.366337924384701041e-04,3.605234139708055063e-02
2.461084144282855296e-02,9.037615632619306477e-03,3.772431299140366345e-02
1.230542208731597725e-02,2.789934760217158746e-03,3.795658983542374992e-02
4.614532804677896199e-02,2.037950310068530752e-02,4.139014058114277861e-02
5.845074740229154464e-02,6.469100825285005463e-02,4.118632731407522590e-02
2.153448660395040903e-02,1.285324242165798367e-02,3.961251406331683239e-02
1.230542208731597725e-02,1.289885091588159095e-03,3.651314679515167000e-02
3.076354838878143927e-03,0.000000000000000000e+00,3.553824000101189068e-02
1.845813176507226858e-02,8.840856993095520117e-03,3.422973539962590600e-02
9.229064516634431781e-03,5.604762004895972628e-03,3.261879065136152889e-02
9.229064516634431781e-03,4.221169434894009949e-05,3.410018512757032050e-02
6.152709677756287854e-03,6.058619659494932526e-06,3.365917538589829894e-02
6.152709677756287854e-03,5.264046589397236680e-06,3.262792710816110608e-02
1.538177692619412118e-02,6.581553027334667051e-03,3.840462762078776515e-02
3.383990595946298474e-02,2.528376203786061524e-03,3.743499185941696894e-02
6.152709677756287854e-03,0.000000000000000000e+00,2.810315544519995101e-02
9.229064516634431781e-03,8.561028222133863210e-04,3.173501415709447521e-02
1.538177692619412118e-02,5.605968762746182422e-03,3.268251158083551600e-02
9.229064516634431781e-03,4.222068295679557923e-03,2.853444305976473444e-02
5.229803772453524291e-02,2.521781992216504120e-02,3.920149064139727413e-02
9.229064516634431781e-03,1.958014272784027246e-03,3.743499185941696894e-02
1.538177692619412118e-02,9.713700476679526172e-03,3.962586734633160440e-02
1.538177692619412118e-02,4.939240016586363049e-04,3.776085881860197918e-02
6.152709677756287854e-03,5.592433707105238030e-03,3.627559891836259348e-02
3.383990595946298474e-02,9.182712124341676704e-03,3.995021156271669205e-02
6.152709677756287854e-03,0.000000000000000000e+00,3.646769877927683728e-02
9.229064516634431781e-03,5.636502716005531227e-05,3.669611019926632967e-02
6.152709677756287854e-03,2.308694131189957359e-03,3.629808865817694269e-02
6.152709677756287854e-03,0.000000000000000000e+00,3.637703701565023900e-02
3.076354838878143927e-03,0.000000000000000000e+00,3.625322631260977785e-02
1.538177692619412118e-02,1.482375383901014191e-04,3.799348706480666638e-02
3.076354838878143927e-03,0.000000000000000000e+00,3.625322631260977785e-02
6.152709677756287854e-03,5.661333124446083756e-05,3.663871450911512784e-02
3.076355112058484081e-02,3.772647835068925534e-03,3.834172662974449919e-02
1.538177692619412118e-02,1.227106369927908995e-03,3.695075964903923871e-02
2.768719628170669689e-02,4.278254543898841328e-03,3.835425997432854311e-02
1.538177692619412118e-02,6.534370285215928414e-04,3.903164625217431238e-02
1.845813176507226858e-02,2.771483283704983917e-03,3.755505427248836958e-02
9.229064516634431781e-03,3.253429096331897385e-04,3.669611019926632967e-02
1.538177692619412118e-02,1.060953691847948618e-03,3.683456265999842522e-02
9.229064516634431781e-03,8.045052334739172652e-05,3.670758933729657142e-02
6.152709677756287854e-03,0.000000000000000000e+00,3.634318527186718162e-02
2.461084144282855296e-02,3.778048448904745404e-03,3.970645558066635689e-02
1.538177692619412118e-02,6.872386635317175897e-04,3.768788429826687436e-02
1.230542208731597725e-02,6.029558149456108913e-03,3.716183522792183835e-02
7.383252432848565194e-02,3.275058368516294699e-02,4.008690701252579092e-02
1.138251426975083330e-01,9.591173336405112160e-02,4.199853489674556378e-02
6.152710497297308317e-02,3.009687102869150477e-02,3.947898123316912616e-02
5.845074740229154464e-02,2.328301959823209089e-02,3.947898123316912616e-02
2.461084144282855296e-02,4.800579566731782294e-03,3.754298946415046689e-02
1.322832717307771966e-01,6.784069093663563921e-02,4.004579295692767965e-02
4.922168288565710592e-02,1.713712601915029846e-02,3.917525261161386441e-02
2.768719628170669689e-02,1.747220244889218649e-02,3.751885984747464764e-02
5.229803772453524291e-02,1.956421650386650293e-02,3.830412659599238129e-02
3.076355112058484081e-02,1.944218994462624389e-02,3.772431299140366345e-02
9.229064516634431781e-03,1.330629308798262625e-03,3.663871450911512784e-02
5.537439256341339378e-02,2.341291739694799715e-02,3.826664369630179696e-02
3.076354838878143927e-03,0.000000000000000000e+00,3.625322631260977785e-02
2.461084144282855296e-02,1.240818466381035483e-02,3.737525348803509562e-02
3.999261836902267414e-02,1.205403848038612453e-02,3.831665994057642521e-02
1.845813176507226858e-02,7.345033459983102550e-04,3.731574938477629638e-02
1.538177692619412118e-02,3.115324847626385792e-03,3.707948998266408919e-02
1.538177692619412118e-02,3.666259467064531203e-04,3.819179503098216882e-02
3.076355112058484081e-02,4.074781761932729993e-03,3.743499185941696894e-02
2.768719628170669689e-02,4.109246368848218020e-03,3.809234821274058019e-02
4.922168288565710592e-02,1.788796777390249185e-02,3.821662745202717565e-02
1.538177692619412118e-02,1.910511218396405281e-03,3.737525348803509562e-02
3.076354838878143927e-03,0.000000000000000000e+00,3.625322631260977785e-02
9.229064516634431781e-03,3.384853965166900128e-03,3.653587080308908636e-02
3.076354838878143927e-03,0.000000000000000000e+00,2.779638133804482672e-02
3.076354838878143927e-03,0.000000000000000000e+00,1.562416106571227342e-02
3.076354838878143927e-03,0.000000000000000000e+00,3.066335462812836560e-02
1.230542208731597725e-02,2.118555278556422550e-03,3.375616238884768250e-02
3.691626353014453715e-02,1.359675920592021310e-03,3.760319637177846064e-02
9.229064516634431781e-03,1.797721571096037277e-05,2.736134543351098625e-02
3.076354838878143927e-03,0.000000000000000000e+00,2.504466796450982927e-02
6.152709677756287854e-03,0.000000000000000000e+00,2.736134543351098625e-02
1.538177692619412118e-02,2.634126430293533098e-03,3.225942335057804811e-02
6.152709677756287854e-03,9.609368066494011816e-05,2.545288016895259561e-02
6.152709677756287854e-03,1.312582567943668729e-03,2.977477563733846311e-02
6.152709677756287854e-03,5.592433707105238030e-03,2.957927888863976298e-02
9.229064516634431781e-03,8.650020405984805471e-04,3.491332978273292698e-02
3.076354838878143927e-03,0.000000000000000000e+00,2.811662586227625313e-02
1.230542208731597725e-02,7.865702294573059111e-04,3.217087000005904029e-02
1.230542208731597725e-02,5.716791841698059054e-03,3.029063404433012668e-02
3.076355112058484081e-02,1.847712632409402676e-03,3.587570323228867625e-02
2.461084144282855296e-02,1.350397790174124625e-02,3.659291509105568746e-02
1.230542208731597725e-02,4.999697095057421131e-03,3.290284075057922641e-02
2.768719628170669689e-02,4.357262420515837197e-03,3.688094774836551959e-02
9.229064516634431781e-03,5.386683976685127705e-04,3.080040148012206866e-02
2.768719628170669689e-02,8.982914242824767068e-03,3.451214562198214736e-02
6.152710497297308317e-02,3.884992769754122555e-02,3.733952759926751491e-02
1.538177692619412118e-02,1.135641077396288114e-03,3.312609827186127620e-02
9.229064516634431781e-03,3.875579810218393009e-04,3.380489015844544143e-02
3.691626353014453715e-02,2.586866465604543974e-02,3.617486362544414941e-02
3.076354838878143927e-03,0.000000000000000000e+00,2.865309986409773566e-02
9.229064516634431781e-03,2.778423382864118906e-04,2.995750477333006256e-02
9.229064516634431781e-03,4.212602943982019584e-04,2.721516212471770599e-02
3.076354838878143927e-03,0.000000000000000000e+00,2.961676178833034731e-02
3.076354838878143927e-03,0.000000000000000000e+00,2.961676178833034731e-02
1.845813176507226858e-02,3.899830676925943734e-02,3.449176429527538862e-02
1.230542208731597725e-02,2.596044032868256770e-04,3.359158903239371774e-02
9.229064516634431781e-03,8.839625404836868499e-05,3.184722858804316103e-02
1.538177692619412118e-02,1.301113402284977203e-04,3.395189340566944630e-02
1.845813176507226858e-02,3.164446844644331486e-03,3.483028173310597636e-02
6.152709677756287854e-03,0.000000000000000000e+00,3.294910870488479415e-02
3.076354838878143927e-03,0.000000000000000000e+00,3.109475937675468607e-02
3.076354838878143927e-03,0.000000000000000000e+00,3.109475937675468607e-02
3.076354838878143927e-03,0.000000000000000000e+00,3.109475937675468607e-02
1.230542208731597725e-02,9.347283105403974461e-04,3.276473969203173853e-02
1.230542208731597725e-02,4.484197951504788034e-04,3.394205414450066766e-02
2.768719628170669689e-02,3.866340415237663492e-03,3.351474908802801189e-02
1.230542208731597725e-02,1.184470075594635553e-03,3.336200627178888267e-02
9.229064516634431781e-03,2.525053895136715703e-04,3.394205414450066766e-02
5.845074740229154464e-02,2.106503343211631185e-02,3.726819295579386626e-02
3.076354838878143927e-03,0.000000000000000000e+00,2.736134543351098625e-02
1.845813176507226858e-02,8.071874141936658323e-03,3.674214388544883025e-02
6.152709677756287854e-03,5.592433707105238030e-03,2.912339312115303294e-02
3.076354838878143927e-03,0.000000000000000000e+00,2.910886849752293212e-02
1.138251426975083330e-01,4.931116748465035754e-02,3.895375210125481824e-02
1.230542208731597725e-02,5.936349762251961690e-03,3.206521507655620690e-02
4.306897320790081807e-02,8.762817502407704850e-03,3.659291509105568746e-02
9.229064516634431781e-03,1.293664279752811445e-04,3.168359230408145794e-02
3.076354838878143927e-03,0.000000000000000000e+00,2.910886849752293212e-02
3.076354838878143927e-03,0.000000000000000000e+00,2.910886849752293212e-02
2.768719628170669689e-02,1.622454643293887513e-02,3.350514409498230040e-02
1.538177692619412118e-02,1.688467773957603980e-04,3.365917538589829894e-02
4.614532804677896199e-02,2.302179376927409454e-02,3.681148724987640813e-02
3.076354838878143927e-03,0.000000000000000000e+00,3.075190797864737688e-02
6.460345981185122710e-02,1.648770655071438856e-02,3.667315192320584616e-02
2.461084144282855296e-02,1.597230921183636146e-03,3.505963022558773734e-02
5.845074740229154464e-02,2.855371825405054673e-02,3.570070494435826497e-02
1.230542208731597725e-02,2.904363214474603200e-04,3.319181048038132714e-02
2.153448660395040903e-02,1.878892176288205016e-03,3.294910870488479415e-02
2.461084144282855296e-02,1.110125349682775792e-03,3.321066906428814941e-02
2.461084144282855296e-02,1.713484907069630012e-02,3.192535700708572233e-02
7.383252432848565194e-02,2.855020971733789395e-02,3.315432758069074282e-02
3.383990595946298474e-02,8.966990501891841658e-03,3.555979266833397129e-02
5.229803772453524291e-02,1.327235240268523353e-02,3.368822463315850058e-02
1.538177692619412118e-02,6.229380861381458856e-03,3.270078449443467039e-02
6.152709677756287854e-03,0.000000000000000000e+00,3.062329477908405997e-02
3.076354838878143927e-03,0.000000000000000000e+00,3.039289208004850029e-02
2.153448660395040903e-02,9.370852129095748675e-03,3.702092295189754467e-02
3.076354838878143927e-03,0.000000000000000000e+00,3.011938404636876898e-02
3.076354838878143927e-03,0.000000000000000000e+00,3.011938404636876898e-02
1.845813176507226858e-02,3.871904909769191636e-03,3.132762189108243694e-02
3.076354838878143927e-03,0.000000000000000000e+00,3.011938404636876898e-02
6.152709677756287854e-03,0.000000000000000000e+00,3.088977476907180456e-02
4.306897320790081807e-02,1.237617578428963812e-02,3.685775520418197587e-02
1.845813176507226858e-02,6.844303443370910447e-04,3.475789288307853941e-02
3.076354838878143927e-03,0.000000000000000000e+00,3.039289208004850029e-02
3.076354838878143927e-03,0.000000000000000000e+00,3.039289208004850029e-02
9.229064516634431781e-03,2.202457228677051163e-05,3.214439770215257036e-02
2.461084144282855296e-02,8.173028259841783006e-04,3.523884533973334343e-02
9.229064516634431781e-03,9.072410483967051917e-04,3.143690797049279728e-02
6.152709677756287854e-03,6.580058236746545638e-06,3.305136674060316776e-02
2.768719628170669689e-02,1.089128259697275287e-02,3.646769877927683728e-02
6.152709677756287854e-03,1.678535610581382900e-05,3.231283648263712921e-02
2.153448660395040903e-02,9.007660227876622752e-03,3.698578273343762490e-02
2.461084144282855296e-02,2.510279802114586799e-03,3.473727728824872046e-02
3.076354838878143927e-03,0.000000000000000000e+00,3.200383682831288434e-02
6.152709677756287854e-03,4.048697417865929006e-04,2.851359319681184487e-02
2.461084144282855296e-02,1.055104889139776327e-02,3.467554763782079025e-02
3.076354838878143927e-03,0.000000000000000000e+00,2.652489110010329901e-02
1.845813176507226858e-02,4.200287061395505030e-04,3.322003978921080070e-02
2.461084144282855296e-02,1.295308052791576021e-03,3.351474908802801189e-02
6.152709677756287854e-03,0.000000000000000000e+00,3.162361966457651746e-02
6.152709677756287854e-03,2.632023294698618255e-05,3.180400611933745236e-02
3.076354838878143927e-03,0.000000000000000000e+00,2.132039047806571011e-02
3.076354838878143927e-03,0.000000000000000000e+00,2.383197902545790281e-02
3.076354838878143927e-03,0.000000000000000000e+00,3.128580503111513117e-02
3.076354838878143927e-03,0.000000000000000000e+00,2.898634626915933682e-02
1.230542208731597725e-02,3.468485263835527094e-03,2.982022365321329582e-02
6.152709677756287854e-03,8.049809840996383428e-03,3.715000468770699588e-02
3.076354838878143927e-03,0.000000000000000000e+00,3.175223286413983437e-02
9.229064516634431781e-03,5.667610251699855412e-03,3.068748424480418485e-02
3.076354838878143927e-03,0.000000000000000000e+00,3.011938404636876898e-02
9.229064516634431781e-03,1.941737940051244929e-04,3.185589650859660393e-02
3.076354838878143927e-03,0.000000000000000000e+00,2.997284933539089494e-02
9.229064516634431781e-03,2.147100316099682330e-03,3.514373248176849013e-02
3.076354838878143927e-03,0.000000000000000000e+00,3.403084176314274262e-02
9.229064516634431781e-03,6.282887908530006673e-04,3.386357432327351258e-02
3.076354838878143927e-03,0.000000000000000000e+00,3.361091615254667431e-02
6.152709677756287854e-03,0.000000000000000000e+00,3.381472941961422007e-02
1.230542208731597725e-02,2.150313370951890106e-05,3.502812116303533757e-02
3.076354838878143927e-03,0.000000000000000000e+00,3.047195757158332671e-02
1.538177692619412118e-02,5.164724955635024360e-05,3.358198403934799930e-02
9.229064516634431781e-03,6.580058236746544960e-05,3.428982517319237311e-02
3.076354838878143927e-03,0.000000000000000000e+00,3.225942335057804811e-02
6.152709677756287854e-03,2.145347289263779464e-05,3.098781597857498682e-02
3.076354838878143927e-03,0.000000000000000000e+00,2.727853165200710278e-02
1.230542208731597725e-02,1.355740300854193852e-04,3.217965505467403065e-02
6.152709677756287854e-03,2.632048125107058615e-04,2.982783736721294349e-02
6.152709677756287854e-03,2.336541434256037464e-05,3.190790403191728908e-02
2.461084144282855296e-02,3.053683358672712803e-03,3.127748851274628206e-02
2.153448660395040903e-02,2.571285632612181366e-03,3.116094012152087478e-02
3.999261836902267414e-02,5.258472162702331788e-03,3.158953365267039293e-02
1.538177692619412118e-02,1.458083795323621189e-03,3.607459686877183963e-02
6.152709677756287854e-03,2.281914535686820747e-05,2.790894717117811327e-02
3.076354838878143927e-03,0.000000000000000000e+00,3.087349313451870358e-02
3.076354838878143927e-03,0.000000000000000000e+00,3.087349313451870358e-02
6.152709677756287854e-03,1.949187062583410417e-04,3.029848202645284150e-02
6.152709677756287854e-03,1.740611631682765375e-04,3.012711489442995022e-02
2.153448660395040903e-02,3.599833158404364044e-03,3.568981147663568415e-02
2.461084144282855296e-02,3.470682754982516282e-03,3.571159841208083885e-02
3.076354838878143927e-03,0.000000000000000000e+00,2.987351965121084682e-02
2.153448660395040903e-02,1.972631934232980770e-03,3.184722858804316103e-02
2.153448660395040903e-02,6.139134741904269006e-03,3.451214562198214736e-02
3.076354838878143927e-03,0.000000000000000000e+00,2.977477563733846311e-02
6.152709677756287854e-03,4.643286378383411079e-05,2.913780061072160019e-02
1.845813176507226858e-02,3.020544695567951334e-03,3.439056046611081024e-02
9.229064516634431781e-03,7.584348936533152983e-04,2.952715423125754426e-02
9.229064516634431781e-03,8.958488570041796229e-04,3.360131115950095587e-02
1.230542208731597725e-02,5.701312565076218503e-03,3.562468493842329414e-02
6.152709677756287854e-03,1.194342645990599294e-04,3.325787409108597881e-02
9.229064516634431781e-03,5.675317610479803897e-03,3.343826054584692065e-02
1.230542208731597725e-02,2.204940269521106619e-04,3.260965419456194475e-02
3.076354838878143927e-03,0.000000000000000000e+00,2.454614539862506190e-02
3.076354838878143927e-03,0.000000000000000000e+00,2.690885655380871599e-02
3.076354838878143927e-03,0.000000000000000000e+00,2.956440286282505797e-02
6.152709677756287854e-03,5.359196714541435234e-04,2.834117185823515836e-02
3.076354838878143927e-03,0.000000000000000000e+00,2.729762450403699220e-02
9.229064516634431781e-03,1.353257260010138599e-04,3.211792540424610043e-02
1.538177692619412118e-02,9.030891558013603299e-03,3.325787409108597881e-02
3.076354838878143927e-03,0.000000000000000000e+00,3.018919594704248116e-02
6.152709677756287854e-03,3.429054575231928995e-04,3.032202597282098941e-02
3.076354838878143927e-03,0.000000000000000000e+00,3.018919594704248116e-02
3.076354838878143927e-03,0.000000000000000000e+00,2.490094447100874714e-02
3.076354838878143927e-03,0.000000000000000000e+00,2.336145150027954184e-02
6.152709677756287854e-03,2.905157787544701160e-05,2.812341963784517271e-02
6.152709677756287854e-03,2.140381207575668687e-04,2.834808276786561151e-02
3.076354838878143927e-03,0.000000000000000000e+00,2.911613080933798253e-02
1.230542208731597725e-02,1.095174960760718786e-03,3.306073746552581905e-02
2.768719628170669689e-02,1.292177931503559786e-02,3.635443014177435622e-02
3.076354838878143927e-03,0.000000000000000000e+00,3.151304511048930168e-02
3.076354838878143927e-03,0.000000000000000000e+00,3.151304511048930168e-02
6.152709677756287854e-03,1.117225853280436228e-02,3.063934214551409033e-02
6.152709677756287854e-03,7.822373231844292766e-04,3.340956270077131279e-02
1.845813176507226858e-02,2.475025588210689412e-03,3.531322546880684421e-02
2.461084144282855296e-02,1.277771825134519854e-02,3.706777657651078028e-02
3.076354838878143927e-03,0.000000000000000000e+00,3.139485684240242436e-02
1.230542208731597725e-02,1.324354664585334924e-03,3.422973539962590600e-02
9.229064516634431781e-03,5.672405003569727135e-03,3.168359230408145794e-02
1.230542208731597725e-02,3.013949739086139654e-03,3.231283648263712921e-02
1.538177692619412118e-02,3.321812041177180856e-04,3.224173610728655465e-02
1.230542208731597725e-02,1.670016297445429260e-03,3.203885991271127054e-02
3.076354838878143927e-03,0.000000000000000000e+00,3.139485684240242436e-02
9.229064516634431781e-03,1.020529786906728472e-04,3.274646677843257719e-02
6.152709677756287854e-03,2.091676361419523861e-03,3.094693619109994270e-02
3.076354838878143927e-03,0.000000000000000000e+00,2.619867273873368110e-02
3.076354838878143927e-03,0.000000000000000000e+00,2.951965765131942324e-02
1.538177692619412118e-02,5.929588442033599353e-03,3.223283391861004460e-02
3.076354838878143927e-03,0.000000000000000000e+00,2.416627963707329921e-02
3.076354838878143927e-03,0.000000000000000000e+00,2.773055199546323873e-02
3.076354838878143927e-03,0.000000000000000000e+00,2.911613080933798253e-02
6.152709677756287854e-03,6.108280476376038771e-05,3.107004408977120588e-02
3.076354838878143927e-03,0.000000000000000000e+00,3.000365559357408979e-02
3.691626353014453715e-02,2.924004067551080888e-02,3.584278856099788052e-02
3.076354838878143927e-03,0.000000000000000000e+00,2.746407200547549415e-02
3.076354838878143927e-03,0.000000000000000000e+00,2.929815714096038401e-02
3.076354838878143927e-03,0.000000000000000000e+00,2.324548877936179897e-02
1.538177692619412118e-02,8.391511023710208428e-04,3.093873680679263063e-02
1.538177692619412118e-02,3.053569138793886441e-03,3.584278856099788052e-02
6.152709677756287854e-03,0.000000000000000000e+00,2.481133691393594062e-02
6.152709677756287854e-03,0.000000000000000000e+00,2.481133691393594062e-02
1.230542208731597725e-02,4.517942476575500035e-04,3.227722772793108208e-02
3.076354838878143927e-03,0.000000000000000000e+00,2.850668228718139172e-02
6.152709677756287854e-03,1.214206972743041860e-04,2.970683788164927772e-02
1.230542208731597725e-02,3.273591387985626982e-04,3.500715416602091790e-02
1.845813176507226858e-02,3.295355240983771378e-03,3.426979524867021509e-02
6.152709677756287854e-03,5.592433707105238030e-03,3.086541088427292162e-02
6.152709677756287854e-03,4.770144935106196827e-04,3.445123590998495217e-02
3.076354838878143927e-03,0.000000000000000000e+00,3.436022274417375316e-02
6.152709677756287854e-03,1.517137955717788274e-04,3.457317246804088307e-02
3.076354838878143927e-03,0.000000000000000000e+00,3.436022274417375316e-02
3.076354838878143927e-03,0.000000000000000000e+00,2.975216876346258033e-02
6.152709677756287854e-03,8.690642954193549257e-05,3.093053742248531510e-02
9.229064516634431781e-03,1.338994673401884853e-03,3.112779118210701190e-02
6.152709677756287854e-03,2.681684111579723991e-05,3.142847431806241459e-02
3.076354838878143927e-03,0.000000000000000000e+00,3.112779118210701190e-02
3.076354838878143927e-03,0.000000000000000000e+00,3.131930537271358783e-02
3.076354838878143927e-03,0.000000000000000000e+00,3.131930537271358783e-02
3.076354838878143927e-03,0.000000000000000000e+00,3.088169251882602259e-02
6.152709677756287854e-03,4.469473519299540663e-05,3.313546899678392055e-02
3.076354838878143927e-03,0.000000000000000000e+00,3.266423866723635466e-02
2.153448660395040903e-02,1.075099575536531777e-03,3.467554763782079025e-02
3.076354838878143927e-03,0.000000000000000000e+00,3.236636674875775083e-02
9.229064516634431781e-03,2.973143445854935143e-04,3.270078449443467039e-02
3.383990595946298474e-02,2.263338907132443102e-03,3.617486362544414941e-02
6.152709677756287854e-03,2.554254455462806302e-04,3.331456697686798613e-02
1.538177692619412118e-02,3.608104167455912416e-03,3.517535867838241653e-02
3.076354838878143927e-03,0.000000000000000000e+00,3.221514667531855114e-02
3.076354838878143927e-03,0.000000000000000000e+00,3.221514667531855114e-02
2.153448660395040903e-02,6.457438230744562586e-03,3.459367092880916844e-02
3.076354838878143927e-03,0.000000000000000000e+00,3.364957039285258744e-02
6.152709677756287854e-03,6.555227828305992431e-05,3.387329645038075765e-02
1.230542208731597725e-02,4.320491068656222099e-05,3.480954900421462384e-02
9.229064516634431781e-03,5.592433707105238030e-03,3.406047668071061213e-02
9.229064516634431781e-03,4.630151092318359222e-04,3.420970547510374798e-02
1.538177692619412118e-02,6.706593998159603859e-04,3.509113928814013711e-02
9.229064516634431781e-03,5.796405580281004805e-03,3.387329645038075765e-02
2.153448660395040903e-02,1.082022293409757837e-03,3.481985680162953678e-02
2.768719628170669689e-02,5.558622139931737247e-03,3.577707635247782264e-02
3.076354838878143927e-03,0.000000000000000000e+00,3.304199601568052341e-02
1.845813176507226858e-02,9.015576162087471021e-03,3.423969179485621128e-02
9.229064516634431781e-03,2.169082676692103955e-03,3.340007484178712793e-02
9.229064516634431781e-03,1.675208335850348826e-02,2.272681915489334001e-02
3.076354838878143927e-03,0.000000000000000000e+00,1.938990400993910110e-02
6.152709677756287854e-03,5.592433707105238030e-03,1.939622924926188638e-02
9.229064516634431781e-03,2.786129251819560032e-02,2.741265015246247341e-02
3.076354838878143927e-03,0.000000000000000000e+00,2.628090084992990363e-02
3.076354838878143927e-03,0.000000000000000000e+00,2.628090084992990363e-02
3.076354838878143927e-03,0.000000000000000000e+00,2.718353592810377611e-02
6.152709677756287854e-03,6.008958842613825943e-05,2.995750477333006256e-02
3.076354838878143927e-03,0.000000000000000000e+00,2.093548795186802453e-02
6.152709677756287854e-03,5.592433707105238030e-03,2.487974320587126031e-02
3.076354838878143927e-03,0.000000000000000000e+00,2.845127787607624678e-02
3.076354838878143927e-03,0.000000000000000000e+00,2.656705936225520204e-02
1.230542208731597725e-02,2.477841356527848201e-03,3.084092986541251205e-02
1.845813176507226858e-02,1.563711856221564750e-02,3.247413008536817469e-02
6.152709677756287854e-03,0.000000000000000000e+00,2.857625991973204022e-02
3.076354838878143927e-03,0.000000000000000000e+00,2.463903270942079116e-02
3.691626353014453715e-02,9.089312542992536784e-03,3.297698661152966698e-02
3.076354838878143927e-03,0.000000000000000000e+00,2.800242015228150347e-02
3.076354838878143927e-03,0.000000000000000000e+00,2.845818878570669994e-02
1.230542208731597725e-02,3.185443438021663470e-04,3.025151126777807925e-02
2.461084144282855296e-02,2.784698027077046282e-03,3.352435408107372339e-02
6.152709677756287854e-03,4.996647920900921169e-04,2.892918484713119867e-02
3.076354838878143927e-03,0.000000000000000000e+00,2.801577343529627548e-02
1.538177692619412118e-02,5.688532353851865828e-03,3.072766122791002752e-02
3.076354838878143927e-03,0.000000000000000000e+00,2.810315544519995101e-02
3.076354838878143927e-03,0.000000000000000000e+00,2.810315544519995101e-02
3.076354838878143927e-03,0.000000000000000000e+00,2.810315544519995101e-02
3.076354838878143927e-03,0.000000000000000000e+00,2.810315544519995101e-02
3.076354838878143927e-03,0.000000000000000000e+00,2.873040834470956539e-02
3.076354838878143927e-03,0.000000000000000000e+00,1.691216720632996579e-02
3.076354838878143927e-03,0.000000000000000000e+00,2.270034685698686661e-02
3.076354838878143927e-03,0.000000000000000000e+00,2.874458156615506549e-02
3.076354838878143927e-03,0.000000000000000000e+00,2.805606755246365519e-02
1.230542208731597725e-02,5.623146439305358457e-03,3.151304511048930168e-02
6.152709677756287854e-03,0.000000000000000000e+00,2.907279120657074029e-02
3.076354838878143927e-03,0.000000000000000000e+00,2.668196787661915315e-02
3.076354838878143927e-03,0.000000000000000000e+00,2.734857782080388211e-02
2.153448660395040903e-02,1.228674906829098877e-02,3.352435408107372339e-02
9.229064516634431781e-03,6.034849509494791091e-03,2.684103593218106765e-02
1.538177692619412118e-02,1.530821993809377158e-03,3.060724741265402962e-02
1.230542208731597725e-02,1.385141987488652587e-03,3.125242182357820808e-02
3.076354838878143927e-03,0.000000000000000000e+00,2.615767581719710688e-02
3.076354838878143927e-03,0.000000000000000000e+00,2.952715423125754426e-02
3.076354838878143927e-03,0.000000000000000000e+00,2.889345895836360756e-02
3.076354838878143927e-03,0.000000000000000000e+00,2.544175243310695458e-02
9.229064516634431781e-03,8.591321320431339139e-05,3.239330758291035506e-02
9.229064516634431781e-03,3.496642947007114438e-04,3.235746456008123384e-02
9.229064516634431781e-03,4.765476818319372811e-04,3.280151978735312140e-02
6.152709677756287854e-03,5.494189713069346642e-03,2.841684046198552499e-02
1.230542208731597725e-02,6.210517200089171394e-03,2.880104018381400913e-02
3.076354838878143927e-03,0.000000000000000000e+00,3.000365559357408979e-02
9.229064516634431781e-03,2.677187324611140194e-03,3.082476536492094465e-02
3.076354838878143927e-03,0.000000000000000000e+00,2.900075375872790406e-02
3.076354838878143927e-03,0.000000000000000000e+00,3.072766122791002752e-02
9.229064516634431781e-03,2.383719210293088083e-04,3.079231922987628670e-02
1.230542208731597725e-02,4.997070037844410272e-04,3.239330758291035506e-02
6.152709677756287854e-03,1.035428031971060091e-05,3.086541088427292162e-02
1.230542208731597725e-02,9.410724798969587516e-05,3.160663522565421851e-02
6.152709677756287854e-03,3.153461871950231536e-05,3.023593243759417626e-02
9.229064516634431781e-03,1.390502872670967935e-04,3.062329477908405997e-02
6.152709677756287854e-03,4.196339026453457250e-06,2.975966534340069441e-02
2.461084144282855296e-02,8.846404106341139656e-04,3.051951400056575336e-02
3.076354838878143927e-03,0.000000000000000000e+00,2.921780317474869174e-02
9.229064516634431781e-03,4.792268829026729643e-05,2.965424468802093164e-02
3.076354838878143927e-03,0.000000000000000000e+00,2.969172758771151596e-02
6.152709677756287854e-03,1.144681829109493355e-05,3.020477477722638415e-02
9.229064516634431781e-03,1.644428561547439270e-03,3.074382572840159145e-02
3.076354838878143927e-03,0.000000000000000000e+00,2.934219954809681383e-02
6.152709677756287854e-03,7.300140081522581864e-05,3.136123936674243412e-02
6.152709677756287854e-03,4.146678209572351005e-05,3.016588626879740040e-02
1.230542208731597725e-02,5.688733480160234127e-03,3.035341790131185213e-02
9.229064516634431781e-03,0.000000000000000000e+00,3.014257659055231964e-02
6.152709677756287854e-03,0.000000000000000000e+00,3.001900015563492216e-02
3.076354838878143927e-03,0.000000000000000000e+00,2.906552889475568988e-02
9.229064516634431781e-03,5.629257202822578535e-03,2.611679602972206277e-02
3.076354838878143927e-03,0.000000000000000000e+00,2.606455423827831047e-02
3.076354838878143927e-03,0.000000000000000000e+00,2.824547332996263718e-02
6.152709677756287854e-03,5.592433707105238030e-03,2.880104018381400913e-02
3.076354838878143927e-03,0.000000000000000000e+00,2.894347520263822887e-02
3.076354838878143927e-03,0.000000000000000000e+00,2.684103593218106765e-02
6.152709677756287854e-03,1.671086488049216938e-05,2.690264844854746429e-02
3.076354838878143927e-03,0.000000000000000000e+00,2.555279552344030813e-02
6.152709677756287854e-03,3.451426773236867309e-05,2.656705936225520204e-02
3.076354838878143927e-03,0.000000000000000000e+00,3.008061267200131880e-02
6.152709677756287854e-03,0.000000000000000000e+00,3.086541088427292162e-02
6.152709677756287854e-03,2.582362477817512180e-05,2.970683788164927772e-02
3.076354838878143927e-03,0.000000000000000000e+00,2.819112312541128748e-02
6.152709677756287854e-03,5.592433707105238030e-03,2.820471067654912664e-02
3.076354838878143927e-03,0.000000000000000000e+00,2.819112312541128748e-02
6.152709677756287854e-03,4.568795153061752136e-05,2.620452944181033555e-02
3.076354838878143927e-03,0.000000000000000000e+00,2.870229616994162888e-02
3.076354838878143927e-03,0.000000000000000000e+00,2.741265015246247341e-02
6.152709677756287854e-03,1.279041652222169577e-03,2.885070502590403319e-02
6.152709677756287854e-03,2.180109861080553547e-04,2.763895315934437533e-02
3.076354838878143927e-03,0.000000000000000000e+00,2.580041692952122698e-02
6.152709677756287854e-03,8.591321320431339139e-05,2.883653180445852962e-02
3.076354838878143927e-03,0.000000000000000000e+00,2.870932421363361561e-02
3.076354838878143927e-03,0.000000000000000000e+00,2.870932421363361561e-02
3.076354838878143927e-03,0.000000000000000000e+00,2.230701067835880180e-02
3.076354838878143927e-03,0.000000000000000000e+00,2.386102827271810445e-02
6.152709677756287854e-03,8.392678052906914839e-05,2.877983891867652577e-02
6.152709677756287854e-03,3.928418919379890180e-04,2.656096839105548738e-02
3.076354838878143927e-03,0.000000000000000000e+00,2.650087861748901680e-02
9.229064516634431781e-03,1.715781223242212304e-04,2.657912417059311166e-02
3.076354838878143927e-03,0.000000000000000000e+00,2.650087861748901680e-02
3.076354838878143927e-03,0.000000000000000000e+00,2.590888307050085576e-02
9.229064516634431781e-03,6.902853546473734618e-05,2.704555200361781486e-02
3.076354838878143927e-03,0.000000000000000000e+00,2.707670966398561391e-02
3.076354838878143927e-03,0.000000000000000000e+00,2.695840426183720995e-02
3.076354838878143927e-03,0.000000000000000000e+00,2.180450555438190677e-02
3.076354838878143927e-03,0.000000000000000000e+00,2.364433025888191750e-02
6.152709677756287854e-03,5.592433707105238030e-03,2.572111716986333688e-02
3.076354838878143927e-03,0.000000000000000000e+00,2.570987229995615880e-02
6.152709677756287854e-03,5.592433707105238030e-03,2.673678661741663021e-02
6.152709677756287854e-03,6.306923743900462055e-06,2.341744158169235118e-02
6.152709677756287854e-03,9.187251123004610686e-05,2.365862061438895117e-02
3.076354838878143927e-03,0.000000000000000000e+00,2.638749284592500216e-02
6.152709677756287854e-03,7.821578658774195822e-06,2.823867955439371760e-02
3.076354838878143927e-03,0.000000000000000000e+00,2.621038614488699001e-02
3.076354838878143927e-03,0.000000000000000000e+00,2.492741676891522054e-02
6.152709677756287854e-03,6.927683954914287147e-06,2.730394974335978095e-02
3.076354838878143927e-03,0.000000000000000000e+00,2.718986116742656486e-02
3.076354838878143927e-03,0.000000000000000000e+00,2.501796139848028871e-02
3.076354838878143927e-03,0.000000000000000000e+00,2.324092055096201037e-02
3.076354838878143927e-03,0.000000000000000000e+00,2.223497323051595864e-02
3.076354838878143927e-03,0.000000000000000000e+00,2.468061530126503325e-02
3.076354838878143927e-03,0.000000000000000000e+00,2.152806916916385344e-02
